<?xml version="1.0" encoding="UTF-8"?>
<vivadoHLSLog:LogRoot xmlns:vivadoHLSLog="www.xilinx.com/vivadoHLSLog">
  <errorLogs>
    <logs>
      <synLog>
        <logs message="ERROR: [HLS 200-70] Pre-synthesis failed.&#xD;&#xA;command 'ap_source' returned error code&#xD;&#xA;    while executing&#xD;&#xA;&quot;source D:/Vitis/Vivado_hls_projects/Matrice_binaire/Matrice_binaire/solution4/csynth.tcl&quot;&#xD;&#xA;    invoked from within&#xD;&#xA;&quot;hls::main D:/Vitis/Vivado_hls_projects/Matrice_binaire/Matrice_binaire/solution4/csynth.tcl&quot;&#xD;&#xA;    (&quot;uplevel&quot; body line 1)&#xD;&#xA;    invoked from within&#xD;&#xA;&quot;uplevel 1 hls::main {*}$args&quot;&#xD;&#xA;    (procedure &quot;hls_proc&quot; line 5)&#xD;&#xA;    invoked from within&#xD;&#xA;&quot;hls_proc $argv&quot;&#xD;&#xA;" projectName="Matrice_binaire" solutionName="solution4" date="2024-11-07T10:20:44.575+0100"/>
        <logs message="ERROR: [XFORM 203-504] Stop unrolling loop 'multiplierMatrices_label6' (Matrice_bianire.cpp:18) in function 'multmat' because it may cause large runtime and excessive memory usage due to increase in code size. Please avoid unrolling the loop or form sub-functions for code in the loop body." projectName="Matrice_binaire" solutionName="solution4" date="2024-11-07T10:20:44.438+0100"/>
      </synLog>
      <simLog/>
      <mgLog/>
      <packageLog/>
      <csimLog/>
    </logs>
  </errorLogs>
  <warningLogs>
    <logs>
      <synLog>
        <logs message="WARNING: [RTMG 210-274] Memory 'Elements_Dense512fYi' is read-only, switch it to a ROM." projectName="Matrice_binaire" solutionName="solution1" date="2024-12-19T10:27:31.377+0100" type="Warning"/>
        <logs message="WARNING: [RTMG 210-274] Memory 'Elements_DenseQt_bkb' is read-only, switch it to a ROM." projectName="Matrice_binaire" solutionName="solution1" date="2024-12-19T10:27:30.755+0100" type="Warning"/>
        <logs message="WARNING: [SYN 201-103] Legalizing function name 'BlocLinear.1' to 'BlocLinear_1'." projectName="Matrice_binaire" solutionName="solution1" date="2024-12-19T10:27:23.764+0100" type="Warning"/>
        <logs message="WARNING: [HLS 200-484] The 'config_sdx -optimization_level' command is deprecated and will be removed in a future release." projectName="Matrice_binaire" solutionName="solution1" date="2024-12-19T10:27:00.325+0100" type="Warning"/>
        <logs message="WARNING: [HLS 200-483] The 'config_sdx -optimization_level' command is deprecated and will be removed in a future release. Use 'config_export -vivado_optimization_level' as its replacement." projectName="Matrice_binaire" solutionName="solution1" date="2024-12-19T10:27:00.277+0100" type="Warning"/>
        <logs message="WARNING: [RTMG 210-274] Memory 'Elements_Dense512bKp' is read-only, switch it to a ROM." projectName="Matrice_binaire" solutionName="solution2" date="2024-12-06T11:08:16.843+0100" type="Warning"/>
        <logs message="WARNING: [RTMG 210-274] Memory 'Elements_DenseQt_bkb' is read-only, switch it to a ROM." projectName="Matrice_binaire" solutionName="solution2" date="2024-12-06T11:08:16.422+0100" type="Warning"/>
        <logs message="WARNING: [SYN 201-103] Legalizing function name 'BlocLinear.1' to 'BlocLinear_1'." projectName="Matrice_binaire" solutionName="solution2" date="2024-12-06T11:07:05.477+0100" type="Warning"/>
      </synLog>
      <simLog/>
      <mgLog/>
      <packageLog/>
      <csimLog/>
    </logs>
  </warningLogs>
</vivadoHLSLog:LogRoot>
