{"sourceFile": [{
      "name": "",
      "directive": [
        {
          "functionName": "multmat",
          "label": "multiplierMatrices_label5",
          "functionLabel": "",
          "pragma": {"name": "UNROLL"}
        },
        {
          "functionName": "multmat",
          "label": "multiplierMatrices_label0",
          "functionLabel": "",
          "pragma": {"name": "UNROLL"}
        },
        {
          "functionName": "multmat",
          "label": "multmat_label0",
          "functionLabel": "",
          "pragma": {"name": "UNROLL"}
        },
        {
          "functionName": "BlocLinear",
          "label": "multmat_label0",
          "functionLabel": "",
          "pragma": {"name": "UNROLL"}
        },
        {
          "functionName": "transposeMatrix",
          "label": "transposeMatrix_label0",
          "functionLabel": "",
          "pragma": {"name": "UNROLL"}
        },
        {
          "functionName": "Lif",
          "label": "Lif_label1",
          "functionLabel": "",
          "pragma": {"name": "UNROLL"}
        }
      ]
    }]}
