<profile>

<section name = "Vivado HLS Report for 'BlocLinear512'" level="0">
<item name = "Date">Fri Dec  6 11:07:58 2024
</item>
<item name = "Version">2019.2 (Build 2704478 on Wed Nov 06 22:10:23 MST 2019)</item>
<item name = "Project">Matrice_binaire</item>
<item name = "Solution">solution2</item>
<item name = "Product family">zynq</item>
<item name = "Target device">xc7z020-clg484-1</item>
</section>

<section name = "Performance Estimates" level="0">
<item name = "Timing">
<section name = "" level="1">
<item name = "Summary"><table name="" hasTotal="0">
<keys size="4">Clock, Target, Estimated, Uncertainty</keys>
<column name="ap_clk">10.00 ns, 6.050 ns, 1.25 ns</column>
</table>
</item>
</section>
</item>
<item name = "Latency">
<section name = "" level="1">
<item name = "Summary"><table name="" hasTotal="0">
<keys size="8">, min, max, min, max, min, max, Type</keys>
<column name="">8422401, 8422401, 84.224 ms, 84.224 ms, 8422401, 8422401, none</column>
</table>
</item>
<item name = "Detail">
<section name = "" level="1">
<item name = "Instance"><table name="" hasTotal="0">
<keys size="9">Instance, Module, min, max, min, max, min, max, Type</keys>
</table>
</item>
<item name = "Loop"><table name="" hasTotal="0">
<keys size="8">Loop Name, min, max, Latency, achieved, target, Count, Pipelined</keys>
<column name="- Loop 1">8422400, 8422400, 16450, -, -, 512, no</column>
<column name=" + multmat_label1">16448, 16448, 514, -, -, 32, no</column>
<column name="  ++ multmat_label0">512, 512, 2, -, -, 256, no</column>
</table>
</item>
</section>
</item>
</section>
</item>
</section>

<section name = "Utilization Estimates" level="0">
<item name = "Summary"><table name="" hasTotal="1">
<keys size="6">Name, BRAM_18K, DSP48E, FF, LUT, URAM</keys>
<column name="DSP">-, -, -, -, -</column>
<column name="Expression">-, -, 0, 228, -</column>
<column name="FIFO">-, -, -, -, -</column>
<column name="Instance">-, -, -, -, -</column>
<column name="Memory">-, -, -, -, -</column>
<column name="Multiplexer">-, -, -, 69, -</column>
<column name="Register">-, -, 119, -, -</column>
<specialColumn name="Available">280, 220, 106400, 53200, 0</specialColumn>
<specialColumn name="Utilization (%)">0, 0, ~0, ~0, 0</specialColumn>
</table>
</item>
<item name = "Detail">
<section name = "" level="1">
<item name = "Instance"><table name="" hasTotal="1">
<keys size="7">Instance, Module, BRAM_18K, DSP48E, FF, LUT, URAM</keys>
</table>
</item>
<item name = "DSP48E"><table name="" hasTotal="0">
<keys size="3">Instance, Module, Expression</keys>
</table>
</item>
<item name = "Memory"><table name="" hasTotal="1">
<keys size="10">Memory, Module, BRAM_18K, FF, LUT, URAM, Words, Bits, Banks, W*Bits*Banks</keys>
</table>
</item>
<item name = "FIFO"><table name="" hasTotal="1">
<keys size="8">Name, BRAM_18K, FF, LUT, URAM, Depth, Bits, Size:D*B</keys>
</table>
</item>
<item name = "Expression"><table name="" hasTotal="1">
<keys size="7">Variable Name, Operation, DSP48E, FF, LUT, Bitwidth P0, Bitwidth P1</keys>
<column name="add_ln1116_fu_236_p2">+, 0, 0, 26, 19, 19</column>
<column name="add_ln1117_fu_258_p2">+, 0, 0, 21, 15, 15</column>
<column name="add_ln203_fu_210_p2">+, 0, 0, 23, 16, 16</column>
<column name="i_fu_160_p2">+, 0, 0, 14, 10, 1</column>
<column name="j_fu_196_p2">+, 0, 0, 15, 6, 1</column>
<column name="k_fu_226_p2">+, 0, 0, 15, 9, 1</column>
<column name="ret_V_fu_298_p2">+, 0, 0, 45, 38, 38</column>
<column name="r_V_2_fu_280_p2">and, 0, 0, 30, 30, 30</column>
<column name="icmp_ln76_fu_154_p2">icmp, 0, 0, 13, 10, 11</column>
<column name="icmp_ln78_fu_190_p2">icmp, 0, 0, 11, 6, 7</column>
<column name="icmp_ln81_fu_220_p2">icmp, 0, 0, 13, 9, 10</column>
<column name="select_ln1118_fu_272_p3">select, 0, 0, 2, 1, 2</column>
</table>
</item>
<item name = "Multiplexer"><table name="" hasTotal="1">
<keys size="5">Name, LUT, Input Size, Bits, Total Bits</keys>
<column name="ap_NS_fsm">33, 6, 1, 6</column>
<column name="i_0_reg_108">9, 2, 10, 20</column>
<column name="j_0_reg_119">9, 2, 6, 12</column>
<column name="k_0_reg_143">9, 2, 9, 18</column>
<column name="p_Val2_s_reg_130">9, 2, 24, 48</column>
</table>
</item>
<item name = "Register"><table name="" hasTotal="1">
<keys size="5">Name, FF, LUT, Bits, Const Bits</keys>
<column name="ap_CS_fsm">5, 0, 5, 0</column>
<column name="i_0_reg_108">10, 0, 10, 0</column>
<column name="i_reg_317">10, 0, 10, 0</column>
<column name="j_0_reg_119">6, 0, 6, 0</column>
<column name="j_reg_335">6, 0, 6, 0</column>
<column name="k_0_reg_143">9, 0, 9, 0</column>
<column name="k_reg_353">9, 0, 9, 0</column>
<column name="matriceC_V_addr_reg_345">14, 0, 14, 0</column>
<column name="p_Val2_s_reg_130">24, 0, 24, 0</column>
<column name="zext_ln203_2_reg_340">6, 0, 15, 9</column>
<column name="zext_ln203_reg_322">10, 0, 19, 9</column>
<column name="zext_ln78_reg_327">10, 0, 16, 6</column>
</table>
</item>
</section>
</item>
</section>

<section name = "Interface" level="0">
<item name = "Summary"><table name="" hasTotal="0">
<keys size="6">RTL Ports, Dir, Bits, Protocol, Source Object, C Type</keys>
<column name="ap_clk">in, 1, ap_ctrl_hs, BlocLinear512, return value</column>
<column name="ap_rst">in, 1, ap_ctrl_hs, BlocLinear512, return value</column>
<column name="ap_start">in, 1, ap_ctrl_hs, BlocLinear512, return value</column>
<column name="ap_done">out, 1, ap_ctrl_hs, BlocLinear512, return value</column>
<column name="ap_idle">out, 1, ap_ctrl_hs, BlocLinear512, return value</column>
<column name="ap_ready">out, 1, ap_ctrl_hs, BlocLinear512, return value</column>
<column name="matriceA_V_address0">out, 17, ap_memory, matriceA_V, array</column>
<column name="matriceA_V_ce0">out, 1, ap_memory, matriceA_V, array</column>
<column name="matriceA_V_q0">in, 16, ap_memory, matriceA_V, array</column>
<column name="matriceB_V_address0">out, 13, ap_memory, matriceB_V, array</column>
<column name="matriceB_V_ce0">out, 1, ap_memory, matriceB_V, array</column>
<column name="matriceB_V_q0">in, 1, ap_memory, matriceB_V, array</column>
<column name="matriceC_V_address0">out, 14, ap_memory, matriceC_V, array</column>
<column name="matriceC_V_ce0">out, 1, ap_memory, matriceC_V, array</column>
<column name="matriceC_V_we0">out, 1, ap_memory, matriceC_V, array</column>
<column name="matriceC_V_d0">out, 24, ap_memory, matriceC_V, array</column>
</table>
</item>
</section>
</profile>
