<profile>

<section name = "Vivado HLS Report for 'Elements'" level="0">
<item name = "Date">Fri Dec  6 11:07:35 2024
</item>
<item name = "Version">2019.2 (Build 2704478 on Wed Nov 06 22:10:23 MST 2019)</item>
<item name = "Project">Matrice_binaire</item>
<item name = "Solution">solution2</item>
<item name = "Product family">zynq</item>
<item name = "Target device">xc7z020-clg484-1</item>
</section>

<section name = "Performance Estimates" level="0">
<item name = "Timing">
<section name = "" level="1">
<item name = "Summary"><table name="" hasTotal="0">
<keys size="4">Clock, Target, Estimated, Uncertainty</keys>
<column name="ap_clk">10.00 ns, 8.724 ns, 1.25 ns</column>
</table>
</item>
</section>
</item>
<item name = "Latency">
<section name = "" level="1">
<item name = "Summary"><table name="" hasTotal="0">
<keys size="8">, min, max, min, max, min, max, Type</keys>
<column name="">71372689, 71372689, 0.714 sec, 0.714 sec, 71372689, 71372689, none</column>
</table>
</item>
<item name = "Detail">
<section name = "" level="1">
<item name = "Instance"><table name="" hasTotal="0">
<keys size="9">Instance, Module, min, max, min, max, min, max, Type</keys>
<column name="grp_BlocLinear_fu_766">BlocLinear, 1073665, 1073665, 10.737 ms, 10.737 ms, 1073665, 1073665, none</column>
<column name="grp_BlocLinear_1_fu_774">BlocLinear_1, 1073665, 1073665, 10.737 ms, 10.737 ms, 1073665, 1073665, none</column>
<column name="grp_BlocLinear_1_fu_783">BlocLinear_1, 1073665, 1073665, 10.737 ms, 10.737 ms, 1073665, 1073665, none</column>
<column name="grp_multmat_fu_794">multmat, 134209, 134209, 1.342 ms, 1.342 ms, 134209, 134209, none</column>
<column name="grp_Lif_fu_801">Lif, 8193, 8193, 81.930 us, 81.930 us, 8193, 8193, none</column>
<column name="grp_Lif_fu_839">Lif, 8193, 8193, 81.930 us, 81.930 us, 8193, 8193, none</column>
<column name="grp_transposeMatrix_fu_878">transposeMatrix, 4353, 4353, 43.530 us, 43.530 us, 4353, 4353, none</column>
<column name="grp_BlocLinear512_fu_884">BlocLinear512, 8422401, 8422401, 84.224 ms, 84.224 ms, 8422401, 8422401, none</column>
<column name="grp_multmat2_fu_892">multmat2, 67649, 67649, 0.676 ms, 0.676 ms, 67649, 67649, none</column>
</table>
</item>
<item name = "Loop"><table name="" hasTotal="0">
<keys size="8">Loop Name, min, max, Latency, achieved, target, Count, Pipelined</keys>
<column name="- Loop 1">71372688, 71372688, 11895448, -, -, 6, no</column>
<column name=" + multiplierMatrices_label6">8704, 8704, 34, -, -, 256, no</column>
<column name="  ++ multiplierMatrices_label7">32, 32, 1, -, -, 32, no</column>
<column name=" + Loop 1.2">25088, 25088, 98, -, -, 256, no</column>
<column name="  ++ Lif_label1">96, 96, 3, -, -, 32, no</column>
</table>
</item>
</section>
</item>
</section>
</item>
</section>
</profile>
