<profile>

<section name = "Vivado HLS Report for 'Elements'" level="0">
<item name = "Date">Fri Dec  6 11:07:31 2024
</item>
<item name = "Version">2019.2 (Build 2704478 on Wed Nov 06 22:10:23 MST 2019)</item>
<item name = "Project">Matrice_binaire</item>
<item name = "Solution">solution2</item>
<item name = "Product family">zynq</item>
<item name = "Target device">xc7z020-clg484-1</item>
</section>

<section name = "Performance Estimates" level="0">
<item name = "Timing">
<section name = "" level="1">
<item name = "Summary"><table name="" hasTotal="0">
<keys size="4">Clock, Target, Estimated, Uncertainty</keys>
<column name="ap_clk">10.00 ns, 8.724 ns, 1.25 ns</column>
</table>
</item>
</section>
</item>
<item name = "Latency">
<section name = "" level="1">
<item name = "Summary"><table name="" hasTotal="0">
<keys size="8">, min, max, min, max, min, max, Type</keys>
<column name="">71372689, 71372689, 0.714 sec, 0.714 sec, 71372689, 71372689, none</column>
</table>
</item>
<item name = "Detail">
<section name = "" level="1">
<item name = "Instance"><table name="" hasTotal="0">
<keys size="9">Instance, Module, min, max, min, max, min, max, Type</keys>
</table>
</item>
<item name = "Loop"><table name="" hasTotal="0">
<keys size="8">Loop Name, min, max, Latency, achieved, target, Count, Pipelined</keys>
<column name="- Loop 1">71372688, 71372688, 11895448, -, -, 6, no</column>
<column name=" + multiplierMatrices_label6">8704, 8704, 34, -, -, 256, no</column>
<column name="  ++ multiplierMatrices_label7">32, 32, 1, -, -, 32, no</column>
<column name=" + Loop 1.2">25088, 25088, 98, -, -, 256, no</column>
<column name="  ++ Lif_label1">96, 96, 3, -, -, 32, no</column>
</table>
</item>
</section>
</item>
</section>
</item>
</section>
</profile>
