<profile>

<section name = "Vivado HLS Report for 'Elements'" level="0">
<item name = "Date">Fri Dec  6 11:08:10 2024
</item>
<item name = "Version">2019.2 (Build 2704478 on Wed Nov 06 22:10:23 MST 2019)</item>
<item name = "Project">Matrice_binaire</item>
<item name = "Solution">solution2</item>
<item name = "Product family">zynq</item>
<item name = "Target device">xc7z020-clg484-1</item>
</section>

<section name = "Performance Estimates" level="0">
<item name = "Timing">
<section name = "" level="1">
<item name = "Summary"><table name="" hasTotal="0">
<keys size="4">Clock, Target, Estimated, Uncertainty</keys>
<column name="ap_clk">10.00 ns, 8.724 ns, 1.25 ns</column>
</table>
</item>
</section>
</item>
<item name = "Latency">
<section name = "" level="1">
<item name = "Summary"><table name="" hasTotal="0">
<keys size="8">, min, max, min, max, min, max, Type</keys>
<column name="">71372689, 71372689, 0.714 sec, 0.714 sec, 71372689, 71372689, none</column>
</table>
</item>
<item name = "Detail">
<section name = "" level="1">
<item name = "Instance"><table name="" hasTotal="0">
<keys size="9">Instance, Module, min, max, min, max, min, max, Type</keys>
<column name="grp_BlocLinear_fu_766">BlocLinear, 1073665, 1073665, 10.737 ms, 10.737 ms, 1073665, 1073665, none</column>
<column name="grp_BlocLinear_1_fu_774">BlocLinear_1, 1073665, 1073665, 10.737 ms, 10.737 ms, 1073665, 1073665, none</column>
<column name="grp_BlocLinear_1_fu_783">BlocLinear_1, 1073665, 1073665, 10.737 ms, 10.737 ms, 1073665, 1073665, none</column>
<column name="grp_multmat_fu_794">multmat, 134209, 134209, 1.342 ms, 1.342 ms, 134209, 134209, none</column>
<column name="grp_Lif_fu_801">Lif, 8193, 8193, 81.930 us, 81.930 us, 8193, 8193, none</column>
<column name="grp_Lif_fu_839">Lif, 8193, 8193, 81.930 us, 81.930 us, 8193, 8193, none</column>
<column name="grp_transposeMatrix_fu_878">transposeMatrix, 4353, 4353, 43.530 us, 43.530 us, 4353, 4353, none</column>
<column name="grp_BlocLinear512_fu_884">BlocLinear512, 8422401, 8422401, 84.224 ms, 84.224 ms, 8422401, 8422401, none</column>
<column name="grp_multmat2_fu_892">multmat2, 67649, 67649, 0.676 ms, 0.676 ms, 67649, 67649, none</column>
</table>
</item>
<item name = "Loop"><table name="" hasTotal="0">
<keys size="8">Loop Name, min, max, Latency, achieved, target, Count, Pipelined</keys>
<column name="- Loop 1">71372688, 71372688, 11895448, -, -, 6, no</column>
<column name=" + multiplierMatrices_label6">8704, 8704, 34, -, -, 256, no</column>
<column name="  ++ multiplierMatrices_label7">32, 32, 1, -, -, 32, no</column>
<column name=" + Loop 1.2">25088, 25088, 98, -, -, 256, no</column>
<column name="  ++ Lif_label1">96, 96, 3, -, -, 32, no</column>
</table>
</item>
</section>
</item>
</section>
</item>
</section>

<section name = "Utilization Estimates" level="0">
<item name = "Summary"><table name="" hasTotal="1">
<keys size="6">Name, BRAM_18K, DSP48E, FF, LUT, URAM</keys>
<column name="DSP">-, -, -, -, -</column>
<column name="Expression">-, -, 0, 254, -</column>
<column name="FIFO">-, -, -, -, -</column>
<column name="Instance">-, -, 23506, 78106, -</column>
<column name="Memory">238, -, 0, 0, 0</column>
<column name="Multiplexer">-, -, -, 2673, -</column>
<column name="Register">-, -, 161, -, -</column>
<specialColumn name="Available">280, 220, 106400, 53200, 0</specialColumn>
<specialColumn name="Utilization (%)">85, 0, 22, 152, 0</specialColumn>
</table>
</item>
<item name = "Detail">
<section name = "" level="1">
<item name = "Instance"><table name="" hasTotal="1">
<keys size="7">Instance, Module, BRAM_18K, DSP48E, FF, LUT, URAM</keys>
<column name="grp_BlocLinear_fu_766">BlocLinear, 0, 0, 5510, 19276, 0</column>
<column name="grp_BlocLinear512_fu_884">BlocLinear512, 0, 0, 119, 297, 0</column>
<column name="grp_BlocLinear_1_fu_774">BlocLinear_1, 0, 0, 5510, 19276, 0</column>
<column name="grp_BlocLinear_1_fu_783">BlocLinear_1, 0, 0, 5510, 19276, 0</column>
<column name="grp_Lif_fu_801">Lif, 0, 0, 2197, 3896, 0</column>
<column name="grp_Lif_fu_839">Lif, 0, 0, 2197, 3896, 0</column>
<column name="grp_multmat_fu_794">multmat, 0, 0, 2277, 10966, 0</column>
<column name="grp_multmat2_fu_892">multmat2, 0, 0, 79, 204, 0</column>
<column name="grp_transposeMatrix_fu_878">transposeMatrix, 0, 0, 107, 1019, 0</column>
</table>
</item>
<item name = "DSP48E"><table name="" hasTotal="0">
<keys size="3">Instance, Module, Expression</keys>
</table>
</item>
<item name = "Memory"><table name="" hasTotal="1">
<keys size="10">Memory, Module, BRAM_18K, FF, LUT, URAM, Words, Bits, Banks, W*Bits*Banks</keys>
<column name="Attention_V_U">Elements_AttentiobJp, 7, 0, 0, 0, 8192, 14, 1, 114688</column>
<column name="Dense512_V_U">Elements_Dense512_V, 24, 0, 0, 0, 16384, 24, 1, 393216</column>
<column name="Dense512t_1_V_U">Elements_Dense512bKp, 24, 0, 0, 0, 16384, 24, 1, 393216</column>
<column name="DenseQ_V_U">Elements_DenseQ_V, 12, 0, 0, 0, 8192, 24, 1, 196608</column>
<column name="DenseK_V_U">Elements_DenseQ_V, 12, 0, 0, 0, 8192, 24, 1, 196608</column>
<column name="DenseV_V_U">Elements_DenseQ_V, 12, 0, 0, 0, 8192, 24, 1, 196608</column>
<column name="Dense256_V_U">Elements_DenseQ_V, 12, 0, 0, 0, 8192, 24, 1, 196608</column>
<column name="DenseQt_1_0_V_U">Elements_DenseQt_bkb, 1, 0, 0, 0, 256, 24, 1, 6144</column>
<column name="DenseQt_1_1_V_U">Elements_DenseQt_bkb, 1, 0, 0, 0, 256, 24, 1, 6144</column>
<column name="DenseQt_1_2_V_U">Elements_DenseQt_bkb, 1, 0, 0, 0, 256, 24, 1, 6144</column>
<column name="DenseQt_1_3_V_U">Elements_DenseQt_bkb, 1, 0, 0, 0, 256, 24, 1, 6144</column>
<column name="DenseQt_1_4_V_U">Elements_DenseQt_bkb, 1, 0, 0, 0, 256, 24, 1, 6144</column>
<column name="DenseQt_1_5_V_U">Elements_DenseQt_bkb, 1, 0, 0, 0, 256, 24, 1, 6144</column>
<column name="DenseQt_1_6_V_U">Elements_DenseQt_bkb, 1, 0, 0, 0, 256, 24, 1, 6144</column>
<column name="DenseQt_1_7_V_U">Elements_DenseQt_bkb, 1, 0, 0, 0, 256, 24, 1, 6144</column>
<column name="DenseQt_1_8_V_U">Elements_DenseQt_bkb, 1, 0, 0, 0, 256, 24, 1, 6144</column>
<column name="DenseQt_1_9_V_U">Elements_DenseQt_bkb, 1, 0, 0, 0, 256, 24, 1, 6144</column>
<column name="DenseQt_1_10_V_U">Elements_DenseQt_bkb, 1, 0, 0, 0, 256, 24, 1, 6144</column>
<column name="DenseQt_1_11_V_U">Elements_DenseQt_bkb, 1, 0, 0, 0, 256, 24, 1, 6144</column>
<column name="DenseQt_1_12_V_U">Elements_DenseQt_bkb, 1, 0, 0, 0, 256, 24, 1, 6144</column>
<column name="DenseQt_1_13_V_U">Elements_DenseQt_bkb, 1, 0, 0, 0, 256, 24, 1, 6144</column>
<column name="DenseQt_1_14_V_U">Elements_DenseQt_bkb, 1, 0, 0, 0, 256, 24, 1, 6144</column>
<column name="DenseQt_1_15_V_U">Elements_DenseQt_bkb, 1, 0, 0, 0, 256, 24, 1, 6144</column>
<column name="DenseQt_1_16_V_U">Elements_DenseQt_bkb, 1, 0, 0, 0, 256, 24, 1, 6144</column>
<column name="DenseQt_1_17_V_U">Elements_DenseQt_bkb, 1, 0, 0, 0, 256, 24, 1, 6144</column>
<column name="DenseQt_1_18_V_U">Elements_DenseQt_bkb, 1, 0, 0, 0, 256, 24, 1, 6144</column>
<column name="DenseQt_1_19_V_U">Elements_DenseQt_bkb, 1, 0, 0, 0, 256, 24, 1, 6144</column>
<column name="DenseQt_1_20_V_U">Elements_DenseQt_bkb, 1, 0, 0, 0, 256, 24, 1, 6144</column>
<column name="DenseQt_1_21_V_U">Elements_DenseQt_bkb, 1, 0, 0, 0, 256, 24, 1, 6144</column>
<column name="DenseQt_1_22_V_U">Elements_DenseQt_bkb, 1, 0, 0, 0, 256, 24, 1, 6144</column>
<column name="DenseQt_1_23_V_U">Elements_DenseQt_bkb, 1, 0, 0, 0, 256, 24, 1, 6144</column>
<column name="DenseQt_1_24_V_U">Elements_DenseQt_bkb, 1, 0, 0, 0, 256, 24, 1, 6144</column>
<column name="DenseQt_1_25_V_U">Elements_DenseQt_bkb, 1, 0, 0, 0, 256, 24, 1, 6144</column>
<column name="DenseQt_1_26_V_U">Elements_DenseQt_bkb, 1, 0, 0, 0, 256, 24, 1, 6144</column>
<column name="DenseQt_1_27_V_U">Elements_DenseQt_bkb, 1, 0, 0, 0, 256, 24, 1, 6144</column>
<column name="DenseQt_1_28_V_U">Elements_DenseQt_bkb, 1, 0, 0, 0, 256, 24, 1, 6144</column>
<column name="DenseQt_1_29_V_U">Elements_DenseQt_bkb, 1, 0, 0, 0, 256, 24, 1, 6144</column>
<column name="DenseQt_1_30_V_U">Elements_DenseQt_bkb, 1, 0, 0, 0, 256, 24, 1, 6144</column>
<column name="DenseQt_1_31_V_U">Elements_DenseQt_bkb, 1, 0, 0, 0, 256, 24, 1, 6144</column>
<column name="DenseKt_1_0_V_U">Elements_DenseQt_bkb, 1, 0, 0, 0, 256, 24, 1, 6144</column>
<column name="DenseKt_1_1_V_U">Elements_DenseQt_bkb, 1, 0, 0, 0, 256, 24, 1, 6144</column>
<column name="DenseKt_1_2_V_U">Elements_DenseQt_bkb, 1, 0, 0, 0, 256, 24, 1, 6144</column>
<column name="DenseKt_1_3_V_U">Elements_DenseQt_bkb, 1, 0, 0, 0, 256, 24, 1, 6144</column>
<column name="DenseKt_1_4_V_U">Elements_DenseQt_bkb, 1, 0, 0, 0, 256, 24, 1, 6144</column>
<column name="DenseKt_1_5_V_U">Elements_DenseQt_bkb, 1, 0, 0, 0, 256, 24, 1, 6144</column>
<column name="DenseKt_1_6_V_U">Elements_DenseQt_bkb, 1, 0, 0, 0, 256, 24, 1, 6144</column>
<column name="DenseKt_1_7_V_U">Elements_DenseQt_bkb, 1, 0, 0, 0, 256, 24, 1, 6144</column>
<column name="DenseKt_1_8_V_U">Elements_DenseQt_bkb, 1, 0, 0, 0, 256, 24, 1, 6144</column>
<column name="DenseKt_1_9_V_U">Elements_DenseQt_bkb, 1, 0, 0, 0, 256, 24, 1, 6144</column>
<column name="DenseKt_1_10_V_U">Elements_DenseQt_bkb, 1, 0, 0, 0, 256, 24, 1, 6144</column>
<column name="DenseKt_1_11_V_U">Elements_DenseQt_bkb, 1, 0, 0, 0, 256, 24, 1, 6144</column>
<column name="DenseKt_1_12_V_U">Elements_DenseQt_bkb, 1, 0, 0, 0, 256, 24, 1, 6144</column>
<column name="DenseKt_1_13_V_U">Elements_DenseQt_bkb, 1, 0, 0, 0, 256, 24, 1, 6144</column>
<column name="DenseKt_1_14_V_U">Elements_DenseQt_bkb, 1, 0, 0, 0, 256, 24, 1, 6144</column>
<column name="DenseKt_1_15_V_U">Elements_DenseQt_bkb, 1, 0, 0, 0, 256, 24, 1, 6144</column>
<column name="DenseKt_1_16_V_U">Elements_DenseQt_bkb, 1, 0, 0, 0, 256, 24, 1, 6144</column>
<column name="DenseKt_1_17_V_U">Elements_DenseQt_bkb, 1, 0, 0, 0, 256, 24, 1, 6144</column>
<column name="DenseKt_1_18_V_U">Elements_DenseQt_bkb, 1, 0, 0, 0, 256, 24, 1, 6144</column>
<column name="DenseKt_1_19_V_U">Elements_DenseQt_bkb, 1, 0, 0, 0, 256, 24, 1, 6144</column>
<column name="DenseKt_1_20_V_U">Elements_DenseQt_bkb, 1, 0, 0, 0, 256, 24, 1, 6144</column>
<column name="DenseKt_1_21_V_U">Elements_DenseQt_bkb, 1, 0, 0, 0, 256, 24, 1, 6144</column>
<column name="DenseKt_1_22_V_U">Elements_DenseQt_bkb, 1, 0, 0, 0, 256, 24, 1, 6144</column>
<column name="DenseKt_1_23_V_U">Elements_DenseQt_bkb, 1, 0, 0, 0, 256, 24, 1, 6144</column>
<column name="DenseKt_1_24_V_U">Elements_DenseQt_bkb, 1, 0, 0, 0, 256, 24, 1, 6144</column>
<column name="DenseKt_1_25_V_U">Elements_DenseQt_bkb, 1, 0, 0, 0, 256, 24, 1, 6144</column>
<column name="DenseKt_1_26_V_U">Elements_DenseQt_bkb, 1, 0, 0, 0, 256, 24, 1, 6144</column>
<column name="DenseKt_1_27_V_U">Elements_DenseQt_bkb, 1, 0, 0, 0, 256, 24, 1, 6144</column>
<column name="DenseKt_1_28_V_U">Elements_DenseQt_bkb, 1, 0, 0, 0, 256, 24, 1, 6144</column>
<column name="DenseKt_1_29_V_U">Elements_DenseQt_bkb, 1, 0, 0, 0, 256, 24, 1, 6144</column>
<column name="DenseKt_1_30_V_U">Elements_DenseQt_bkb, 1, 0, 0, 0, 256, 24, 1, 6144</column>
<column name="DenseKt_1_31_V_U">Elements_DenseQt_bkb, 1, 0, 0, 0, 256, 24, 1, 6144</column>
<column name="DenseVt_1_0_V_U">Elements_DenseQt_bkb, 1, 0, 0, 0, 256, 24, 1, 6144</column>
<column name="DenseVt_1_1_V_U">Elements_DenseQt_bkb, 1, 0, 0, 0, 256, 24, 1, 6144</column>
<column name="DenseVt_1_2_V_U">Elements_DenseQt_bkb, 1, 0, 0, 0, 256, 24, 1, 6144</column>
<column name="DenseVt_1_3_V_U">Elements_DenseQt_bkb, 1, 0, 0, 0, 256, 24, 1, 6144</column>
<column name="DenseVt_1_4_V_U">Elements_DenseQt_bkb, 1, 0, 0, 0, 256, 24, 1, 6144</column>
<column name="DenseVt_1_5_V_U">Elements_DenseQt_bkb, 1, 0, 0, 0, 256, 24, 1, 6144</column>
<column name="DenseVt_1_6_V_U">Elements_DenseQt_bkb, 1, 0, 0, 0, 256, 24, 1, 6144</column>
<column name="DenseVt_1_7_V_U">Elements_DenseQt_bkb, 1, 0, 0, 0, 256, 24, 1, 6144</column>
<column name="DenseVt_1_8_V_U">Elements_DenseQt_bkb, 1, 0, 0, 0, 256, 24, 1, 6144</column>
<column name="DenseVt_1_9_V_U">Elements_DenseQt_bkb, 1, 0, 0, 0, 256, 24, 1, 6144</column>
<column name="DenseVt_1_10_V_U">Elements_DenseQt_bkb, 1, 0, 0, 0, 256, 24, 1, 6144</column>
<column name="DenseVt_1_11_V_U">Elements_DenseQt_bkb, 1, 0, 0, 0, 256, 24, 1, 6144</column>
<column name="DenseVt_1_12_V_U">Elements_DenseQt_bkb, 1, 0, 0, 0, 256, 24, 1, 6144</column>
<column name="DenseVt_1_13_V_U">Elements_DenseQt_bkb, 1, 0, 0, 0, 256, 24, 1, 6144</column>
<column name="DenseVt_1_14_V_U">Elements_DenseQt_bkb, 1, 0, 0, 0, 256, 24, 1, 6144</column>
<column name="DenseVt_1_15_V_U">Elements_DenseQt_bkb, 1, 0, 0, 0, 256, 24, 1, 6144</column>
<column name="DenseVt_1_16_V_U">Elements_DenseQt_bkb, 1, 0, 0, 0, 256, 24, 1, 6144</column>
<column name="DenseVt_1_17_V_U">Elements_DenseQt_bkb, 1, 0, 0, 0, 256, 24, 1, 6144</column>
<column name="DenseVt_1_18_V_U">Elements_DenseQt_bkb, 1, 0, 0, 0, 256, 24, 1, 6144</column>
<column name="DenseVt_1_19_V_U">Elements_DenseQt_bkb, 1, 0, 0, 0, 256, 24, 1, 6144</column>
<column name="DenseVt_1_20_V_U">Elements_DenseQt_bkb, 1, 0, 0, 0, 256, 24, 1, 6144</column>
<column name="DenseVt_1_21_V_U">Elements_DenseQt_bkb, 1, 0, 0, 0, 256, 24, 1, 6144</column>
<column name="DenseVt_1_22_V_U">Elements_DenseQt_bkb, 1, 0, 0, 0, 256, 24, 1, 6144</column>
<column name="DenseVt_1_23_V_U">Elements_DenseQt_bkb, 1, 0, 0, 0, 256, 24, 1, 6144</column>
<column name="DenseVt_1_24_V_U">Elements_DenseQt_bkb, 1, 0, 0, 0, 256, 24, 1, 6144</column>
<column name="DenseVt_1_25_V_U">Elements_DenseQt_bkb, 1, 0, 0, 0, 256, 24, 1, 6144</column>
<column name="DenseVt_1_26_V_U">Elements_DenseQt_bkb, 1, 0, 0, 0, 256, 24, 1, 6144</column>
<column name="DenseVt_1_27_V_U">Elements_DenseQt_bkb, 1, 0, 0, 0, 256, 24, 1, 6144</column>
<column name="DenseVt_1_28_V_U">Elements_DenseQt_bkb, 1, 0, 0, 0, 256, 24, 1, 6144</column>
<column name="DenseVt_1_29_V_U">Elements_DenseQt_bkb, 1, 0, 0, 0, 256, 24, 1, 6144</column>
<column name="DenseVt_1_30_V_U">Elements_DenseQt_bkb, 1, 0, 0, 0, 256, 24, 1, 6144</column>
<column name="DenseVt_1_31_V_U">Elements_DenseQt_bkb, 1, 0, 0, 0, 256, 24, 1, 6144</column>
<column name="Dense256t_1_0_V_U">Elements_DenseQt_bkb, 1, 0, 0, 0, 256, 24, 1, 6144</column>
<column name="Dense256t_1_1_V_U">Elements_DenseQt_bkb, 1, 0, 0, 0, 256, 24, 1, 6144</column>
<column name="Dense256t_1_2_V_U">Elements_DenseQt_bkb, 1, 0, 0, 0, 256, 24, 1, 6144</column>
<column name="Dense256t_1_3_V_U">Elements_DenseQt_bkb, 1, 0, 0, 0, 256, 24, 1, 6144</column>
<column name="Dense256t_1_4_V_U">Elements_DenseQt_bkb, 1, 0, 0, 0, 256, 24, 1, 6144</column>
<column name="Dense256t_1_5_V_U">Elements_DenseQt_bkb, 1, 0, 0, 0, 256, 24, 1, 6144</column>
<column name="Dense256t_1_6_V_U">Elements_DenseQt_bkb, 1, 0, 0, 0, 256, 24, 1, 6144</column>
<column name="Dense256t_1_7_V_U">Elements_DenseQt_bkb, 1, 0, 0, 0, 256, 24, 1, 6144</column>
<column name="Dense256t_1_8_V_U">Elements_DenseQt_bkb, 1, 0, 0, 0, 256, 24, 1, 6144</column>
<column name="Dense256t_1_9_V_U">Elements_DenseQt_bkb, 1, 0, 0, 0, 256, 24, 1, 6144</column>
<column name="Dense256t_1_10_V_U">Elements_DenseQt_bkb, 1, 0, 0, 0, 256, 24, 1, 6144</column>
<column name="Dense256t_1_11_V_U">Elements_DenseQt_bkb, 1, 0, 0, 0, 256, 24, 1, 6144</column>
<column name="Dense256t_1_12_V_U">Elements_DenseQt_bkb, 1, 0, 0, 0, 256, 24, 1, 6144</column>
<column name="Dense256t_1_13_V_U">Elements_DenseQt_bkb, 1, 0, 0, 0, 256, 24, 1, 6144</column>
<column name="Dense256t_1_14_V_U">Elements_DenseQt_bkb, 1, 0, 0, 0, 256, 24, 1, 6144</column>
<column name="Dense256t_1_15_V_U">Elements_DenseQt_bkb, 1, 0, 0, 0, 256, 24, 1, 6144</column>
<column name="Dense256t_1_16_V_U">Elements_DenseQt_bkb, 1, 0, 0, 0, 256, 24, 1, 6144</column>
<column name="Dense256t_1_17_V_U">Elements_DenseQt_bkb, 1, 0, 0, 0, 256, 24, 1, 6144</column>
<column name="Dense256t_1_18_V_U">Elements_DenseQt_bkb, 1, 0, 0, 0, 256, 24, 1, 6144</column>
<column name="Dense256t_1_19_V_U">Elements_DenseQt_bkb, 1, 0, 0, 0, 256, 24, 1, 6144</column>
<column name="Dense256t_1_20_V_U">Elements_DenseQt_bkb, 1, 0, 0, 0, 256, 24, 1, 6144</column>
<column name="Dense256t_1_21_V_U">Elements_DenseQt_bkb, 1, 0, 0, 0, 256, 24, 1, 6144</column>
<column name="Dense256t_1_22_V_U">Elements_DenseQt_bkb, 1, 0, 0, 0, 256, 24, 1, 6144</column>
<column name="Dense256t_1_23_V_U">Elements_DenseQt_bkb, 1, 0, 0, 0, 256, 24, 1, 6144</column>
<column name="Dense256t_1_24_V_U">Elements_DenseQt_bkb, 1, 0, 0, 0, 256, 24, 1, 6144</column>
<column name="Dense256t_1_25_V_U">Elements_DenseQt_bkb, 1, 0, 0, 0, 256, 24, 1, 6144</column>
<column name="Dense256t_1_26_V_U">Elements_DenseQt_bkb, 1, 0, 0, 0, 256, 24, 1, 6144</column>
<column name="Dense256t_1_27_V_U">Elements_DenseQt_bkb, 1, 0, 0, 0, 256, 24, 1, 6144</column>
<column name="Dense256t_1_28_V_U">Elements_DenseQt_bkb, 1, 0, 0, 0, 256, 24, 1, 6144</column>
<column name="Dense256t_1_29_V_U">Elements_DenseQt_bkb, 1, 0, 0, 0, 256, 24, 1, 6144</column>
<column name="Dense256t_1_30_V_U">Elements_DenseQt_bkb, 1, 0, 0, 0, 256, 24, 1, 6144</column>
<column name="Dense256t_1_31_V_U">Elements_DenseQt_bkb, 1, 0, 0, 0, 256, 24, 1, 6144</column>
<column name="OUTScale_V_U">Elements_OUTScale_V, 1, 0, 0, 0, 8192, 1, 1, 8192</column>
<column name="multmat1_V_U">Elements_multmat1_V, 1, 0, 0, 0, 1024, 9, 1, 9216</column>
<column name="spike512_V_U">Elements_spike512_V, 1, 0, 0, 0, 16384, 1, 1, 16384</column>
<column name="spikeQ_V_U">Elements_spikeQ_V, 1, 0, 0, 0, 8192, 1, 1, 8192</column>
<column name="spikeK_V_U">Elements_spikeQ_V, 1, 0, 0, 0, 8192, 1, 1, 8192</column>
<column name="spikeKT_V_U">Elements_spikeQ_V, 1, 0, 0, 0, 8192, 1, 1, 8192</column>
<column name="spikeV_V_U">Elements_spikeV_V, 1, 0, 0, 0, 8192, 1, 1, 8192</column>
</table>
</item>
<item name = "FIFO"><table name="" hasTotal="1">
<keys size="8">Name, BRAM_18K, FF, LUT, URAM, Depth, Bits, Size:D*B</keys>
</table>
</item>
<item name = "Expression"><table name="" hasTotal="1">
<keys size="7">Variable Name, Operation, DSP48E, FF, LUT, Bitwidth P0, Bitwidth P1</keys>
<column name="N_fu_905_p2">+, 0, 0, 12, 3, 1</column>
<column name="add_ln1265_fu_1001_p2">+, 0, 0, 21, 15, 15</column>
<column name="add_ln203_fu_951_p2">+, 0, 0, 21, 15, 15</column>
<column name="add_ln703_fu_1012_p2">+, 0, 0, 31, 24, 24</column>
<column name="i_1_fu_917_p2">+, 0, 0, 15, 9, 1</column>
<column name="i_fu_967_p2">+, 0, 0, 15, 9, 1</column>
<column name="j_1_fu_991_p2">+, 0, 0, 15, 6, 1</column>
<column name="j_fu_941_p2">+, 0, 0, 15, 6, 1</column>
<column name="and_ln703_fu_1038_p2">and, 0, 0, 24, 24, 24</column>
<column name="icmp_ln123_fu_961_p2">icmp, 0, 0, 13, 9, 10</column>
<column name="icmp_ln125_fu_985_p2">icmp, 0, 0, 11, 6, 7</column>
<column name="icmp_ln1494_fu_1018_p2">icmp, 0, 0, 18, 24, 12</column>
<column name="icmp_ln176_fu_899_p2">icmp, 0, 0, 9, 3, 3</column>
<column name="icmp_ln43_fu_911_p2">icmp, 0, 0, 13, 9, 10</column>
<column name="icmp_ln45_fu_935_p2">icmp, 0, 0, 11, 6, 7</column>
<column name="ap_block_state3_on_subcall_done">or, 0, 0, 2, 1, 1</column>
<column name="ap_block_state5_on_subcall_done">or, 0, 0, 2, 1, 1</column>
<column name="ap_block_state7_on_subcall_done">or, 0, 0, 2, 1, 1</column>
<column name="select_ln703_fu_1030_p3">select, 0, 0, 2, 1, 2</column>
<column name="xor_ln703_fu_1024_p2">xor, 0, 0, 2, 1, 2</column>
</table>
</item>
<item name = "Multiplexer"><table name="" hasTotal="1">
<keys size="5">Name, LUT, Input Size, Bits, Total Bits</keys>
<column name="Dense256_V_address0">15, 3, 13, 39</column>
<column name="Dense256_V_ce0">15, 3, 1, 3</column>
<column name="Dense256_V_ce1">9, 2, 1, 2</column>
<column name="Dense256_V_d0">15, 3, 24, 72</column>
<column name="Dense256_V_we0">15, 3, 1, 3</column>
<column name="Dense256_V_we1">9, 2, 1, 2</column>
<column name="Dense256t_1_0_V_ce0">9, 2, 1, 2</column>
<column name="Dense256t_1_10_V_ce0">9, 2, 1, 2</column>
<column name="Dense256t_1_11_V_ce0">9, 2, 1, 2</column>
<column name="Dense256t_1_12_V_ce0">9, 2, 1, 2</column>
<column name="Dense256t_1_13_V_ce0">9, 2, 1, 2</column>
<column name="Dense256t_1_14_V_ce0">9, 2, 1, 2</column>
<column name="Dense256t_1_15_V_ce0">9, 2, 1, 2</column>
<column name="Dense256t_1_16_V_ce0">9, 2, 1, 2</column>
<column name="Dense256t_1_17_V_ce0">9, 2, 1, 2</column>
<column name="Dense256t_1_18_V_ce0">9, 2, 1, 2</column>
<column name="Dense256t_1_19_V_ce0">9, 2, 1, 2</column>
<column name="Dense256t_1_1_V_ce0">9, 2, 1, 2</column>
<column name="Dense256t_1_20_V_ce0">9, 2, 1, 2</column>
<column name="Dense256t_1_21_V_ce0">9, 2, 1, 2</column>
<column name="Dense256t_1_22_V_ce0">9, 2, 1, 2</column>
<column name="Dense256t_1_23_V_ce0">9, 2, 1, 2</column>
<column name="Dense256t_1_24_V_ce0">9, 2, 1, 2</column>
<column name="Dense256t_1_25_V_ce0">9, 2, 1, 2</column>
<column name="Dense256t_1_26_V_ce0">9, 2, 1, 2</column>
<column name="Dense256t_1_27_V_ce0">9, 2, 1, 2</column>
<column name="Dense256t_1_28_V_ce0">9, 2, 1, 2</column>
<column name="Dense256t_1_29_V_ce0">9, 2, 1, 2</column>
<column name="Dense256t_1_2_V_ce0">9, 2, 1, 2</column>
<column name="Dense256t_1_30_V_ce0">9, 2, 1, 2</column>
<column name="Dense256t_1_31_V_ce0">9, 2, 1, 2</column>
<column name="Dense256t_1_3_V_ce0">9, 2, 1, 2</column>
<column name="Dense256t_1_4_V_ce0">9, 2, 1, 2</column>
<column name="Dense256t_1_5_V_ce0">9, 2, 1, 2</column>
<column name="Dense256t_1_6_V_ce0">9, 2, 1, 2</column>
<column name="Dense256t_1_7_V_ce0">9, 2, 1, 2</column>
<column name="Dense256t_1_8_V_ce0">9, 2, 1, 2</column>
<column name="Dense256t_1_9_V_ce0">9, 2, 1, 2</column>
<column name="Dense512_V_address0">21, 4, 14, 56</column>
<column name="Dense512_V_ce0">15, 3, 1, 3</column>
<column name="Dense512_V_d0">15, 3, 24, 72</column>
<column name="Dense512_V_we0">15, 3, 1, 3</column>
<column name="DenseK_V_address0">15, 3, 13, 39</column>
<column name="DenseK_V_ce0">15, 3, 1, 3</column>
<column name="DenseK_V_ce1">9, 2, 1, 2</column>
<column name="DenseK_V_d0">15, 3, 24, 72</column>
<column name="DenseK_V_we0">15, 3, 1, 3</column>
<column name="DenseK_V_we1">9, 2, 1, 2</column>
<column name="DenseKt_1_0_V_ce0">9, 2, 1, 2</column>
<column name="DenseKt_1_10_V_ce0">9, 2, 1, 2</column>
<column name="DenseKt_1_11_V_ce0">9, 2, 1, 2</column>
<column name="DenseKt_1_12_V_ce0">9, 2, 1, 2</column>
<column name="DenseKt_1_13_V_ce0">9, 2, 1, 2</column>
<column name="DenseKt_1_14_V_ce0">9, 2, 1, 2</column>
<column name="DenseKt_1_15_V_ce0">9, 2, 1, 2</column>
<column name="DenseKt_1_16_V_ce0">9, 2, 1, 2</column>
<column name="DenseKt_1_17_V_ce0">9, 2, 1, 2</column>
<column name="DenseKt_1_18_V_ce0">9, 2, 1, 2</column>
<column name="DenseKt_1_19_V_ce0">9, 2, 1, 2</column>
<column name="DenseKt_1_1_V_ce0">9, 2, 1, 2</column>
<column name="DenseKt_1_20_V_ce0">9, 2, 1, 2</column>
<column name="DenseKt_1_21_V_ce0">9, 2, 1, 2</column>
<column name="DenseKt_1_22_V_ce0">9, 2, 1, 2</column>
<column name="DenseKt_1_23_V_ce0">9, 2, 1, 2</column>
<column name="DenseKt_1_24_V_ce0">9, 2, 1, 2</column>
<column name="DenseKt_1_25_V_ce0">9, 2, 1, 2</column>
<column name="DenseKt_1_26_V_ce0">9, 2, 1, 2</column>
<column name="DenseKt_1_27_V_ce0">9, 2, 1, 2</column>
<column name="DenseKt_1_28_V_ce0">9, 2, 1, 2</column>
<column name="DenseKt_1_29_V_ce0">9, 2, 1, 2</column>
<column name="DenseKt_1_2_V_ce0">9, 2, 1, 2</column>
<column name="DenseKt_1_30_V_ce0">9, 2, 1, 2</column>
<column name="DenseKt_1_31_V_ce0">9, 2, 1, 2</column>
<column name="DenseKt_1_3_V_ce0">9, 2, 1, 2</column>
<column name="DenseKt_1_4_V_ce0">9, 2, 1, 2</column>
<column name="DenseKt_1_5_V_ce0">9, 2, 1, 2</column>
<column name="DenseKt_1_6_V_ce0">9, 2, 1, 2</column>
<column name="DenseKt_1_7_V_ce0">9, 2, 1, 2</column>
<column name="DenseKt_1_8_V_ce0">9, 2, 1, 2</column>
<column name="DenseKt_1_9_V_ce0">9, 2, 1, 2</column>
<column name="DenseQ_V_address0">15, 3, 13, 39</column>
<column name="DenseQ_V_ce0">15, 3, 1, 3</column>
<column name="DenseQ_V_ce1">9, 2, 1, 2</column>
<column name="DenseQ_V_d0">15, 3, 24, 72</column>
<column name="DenseQ_V_we0">15, 3, 1, 3</column>
<column name="DenseQ_V_we1">9, 2, 1, 2</column>
<column name="DenseQt_1_0_V_ce0">9, 2, 1, 2</column>
<column name="DenseQt_1_10_V_ce0">9, 2, 1, 2</column>
<column name="DenseQt_1_11_V_ce0">9, 2, 1, 2</column>
<column name="DenseQt_1_12_V_ce0">9, 2, 1, 2</column>
<column name="DenseQt_1_13_V_ce0">9, 2, 1, 2</column>
<column name="DenseQt_1_14_V_ce0">9, 2, 1, 2</column>
<column name="DenseQt_1_15_V_ce0">9, 2, 1, 2</column>
<column name="DenseQt_1_16_V_ce0">9, 2, 1, 2</column>
<column name="DenseQt_1_17_V_ce0">9, 2, 1, 2</column>
<column name="DenseQt_1_18_V_ce0">9, 2, 1, 2</column>
<column name="DenseQt_1_19_V_ce0">9, 2, 1, 2</column>
<column name="DenseQt_1_1_V_ce0">9, 2, 1, 2</column>
<column name="DenseQt_1_20_V_ce0">9, 2, 1, 2</column>
<column name="DenseQt_1_21_V_ce0">9, 2, 1, 2</column>
<column name="DenseQt_1_22_V_ce0">9, 2, 1, 2</column>
<column name="DenseQt_1_23_V_ce0">9, 2, 1, 2</column>
<column name="DenseQt_1_24_V_ce0">9, 2, 1, 2</column>
<column name="DenseQt_1_25_V_ce0">9, 2, 1, 2</column>
<column name="DenseQt_1_26_V_ce0">9, 2, 1, 2</column>
<column name="DenseQt_1_27_V_ce0">9, 2, 1, 2</column>
<column name="DenseQt_1_28_V_ce0">9, 2, 1, 2</column>
<column name="DenseQt_1_29_V_ce0">9, 2, 1, 2</column>
<column name="DenseQt_1_2_V_ce0">9, 2, 1, 2</column>
<column name="DenseQt_1_30_V_ce0">9, 2, 1, 2</column>
<column name="DenseQt_1_31_V_ce0">9, 2, 1, 2</column>
<column name="DenseQt_1_3_V_ce0">9, 2, 1, 2</column>
<column name="DenseQt_1_4_V_ce0">9, 2, 1, 2</column>
<column name="DenseQt_1_5_V_ce0">9, 2, 1, 2</column>
<column name="DenseQt_1_6_V_ce0">9, 2, 1, 2</column>
<column name="DenseQt_1_7_V_ce0">9, 2, 1, 2</column>
<column name="DenseQt_1_8_V_ce0">9, 2, 1, 2</column>
<column name="DenseQt_1_9_V_ce0">9, 2, 1, 2</column>
<column name="DenseV_V_address0">15, 3, 13, 39</column>
<column name="DenseV_V_ce0">15, 3, 1, 3</column>
<column name="DenseV_V_ce1">9, 2, 1, 2</column>
<column name="DenseV_V_d0">15, 3, 24, 72</column>
<column name="DenseV_V_we0">15, 3, 1, 3</column>
<column name="DenseV_V_we1">9, 2, 1, 2</column>
<column name="EntreeK_V_ce0">9, 2, 1, 2</column>
<column name="EntreeK_V_ce1">9, 2, 1, 2</column>
<column name="EntreeQ_V_ce0">9, 2, 1, 2</column>
<column name="EntreeQ_V_ce1">9, 2, 1, 2</column>
<column name="N_0_reg_711">9, 2, 3, 6</column>
<column name="OUTScale_V_address0">15, 3, 13, 39</column>
<column name="OUTScale_V_ce0">15, 3, 1, 3</column>
<column name="Sortie_V_ce0">9, 2, 1, 2</column>
<column name="Sortie_V_ce1">9, 2, 1, 2</column>
<column name="Sortie_V_we0">9, 2, 1, 2</column>
<column name="Sortie_V_we1">9, 2, 1, 2</column>
<column name="ap_NS_fsm">105, 22, 1, 22</column>
<column name="grp_BlocLinear_1_fu_774_matriceA_V_q0">15, 3, 16, 48</column>
<column name="grp_BlocLinear_1_fu_774_matriceA_V_q1">15, 3, 16, 48</column>
<column name="grp_BlocLinear_1_fu_774_matriceB_V_q0">15, 3, 1, 3</column>
<column name="grp_BlocLinear_1_fu_774_matriceB_V_q1">15, 3, 1, 3</column>
<column name="grp_Lif_fu_801_matricet_1_0_V_q0">21, 4, 24, 96</column>
<column name="grp_Lif_fu_801_matricet_1_10_V_q0">21, 4, 24, 96</column>
<column name="grp_Lif_fu_801_matricet_1_11_V_q0">21, 4, 24, 96</column>
<column name="grp_Lif_fu_801_matricet_1_12_V_q0">21, 4, 24, 96</column>
<column name="grp_Lif_fu_801_matricet_1_13_V_q0">21, 4, 24, 96</column>
<column name="grp_Lif_fu_801_matricet_1_14_V_q0">21, 4, 24, 96</column>
<column name="grp_Lif_fu_801_matricet_1_15_V_q0">21, 4, 24, 96</column>
<column name="grp_Lif_fu_801_matricet_1_16_V_q0">21, 4, 24, 96</column>
<column name="grp_Lif_fu_801_matricet_1_17_V_q0">21, 4, 24, 96</column>
<column name="grp_Lif_fu_801_matricet_1_18_V_q0">21, 4, 24, 96</column>
<column name="grp_Lif_fu_801_matricet_1_19_V_q0">21, 4, 24, 96</column>
<column name="grp_Lif_fu_801_matricet_1_1_V_q0">21, 4, 24, 96</column>
<column name="grp_Lif_fu_801_matricet_1_20_V_q0">21, 4, 24, 96</column>
<column name="grp_Lif_fu_801_matricet_1_21_V_q0">21, 4, 24, 96</column>
<column name="grp_Lif_fu_801_matricet_1_22_V_q0">21, 4, 24, 96</column>
<column name="grp_Lif_fu_801_matricet_1_23_V_q0">21, 4, 24, 96</column>
<column name="grp_Lif_fu_801_matricet_1_24_V_q0">21, 4, 24, 96</column>
<column name="grp_Lif_fu_801_matricet_1_25_V_q0">21, 4, 24, 96</column>
<column name="grp_Lif_fu_801_matricet_1_26_V_q0">21, 4, 24, 96</column>
<column name="grp_Lif_fu_801_matricet_1_27_V_q0">21, 4, 24, 96</column>
<column name="grp_Lif_fu_801_matricet_1_28_V_q0">21, 4, 24, 96</column>
<column name="grp_Lif_fu_801_matricet_1_29_V_q0">21, 4, 24, 96</column>
<column name="grp_Lif_fu_801_matricet_1_2_V_q0">21, 4, 24, 96</column>
<column name="grp_Lif_fu_801_matricet_1_30_V_q0">21, 4, 24, 96</column>
<column name="grp_Lif_fu_801_matricet_1_31_V_q0">21, 4, 24, 96</column>
<column name="grp_Lif_fu_801_matricet_1_3_V_q0">21, 4, 24, 96</column>
<column name="grp_Lif_fu_801_matricet_1_4_V_q0">21, 4, 24, 96</column>
<column name="grp_Lif_fu_801_matricet_1_5_V_q0">21, 4, 24, 96</column>
<column name="grp_Lif_fu_801_matricet_1_6_V_q0">21, 4, 24, 96</column>
<column name="grp_Lif_fu_801_matricet_1_7_V_q0">21, 4, 24, 96</column>
<column name="grp_Lif_fu_801_matricet_1_8_V_q0">21, 4, 24, 96</column>
<column name="grp_Lif_fu_801_matricet_1_9_V_q0">21, 4, 24, 96</column>
<column name="grp_Lif_fu_801_matricet_V_q0">21, 4, 24, 96</column>
<column name="grp_Lif_fu_801_matricet_V_q1">21, 4, 24, 96</column>
<column name="i_0_i9_reg_744">9, 2, 9, 18</column>
<column name="i_0_i_reg_722">9, 2, 9, 18</column>
<column name="j_0_i10_reg_755">9, 2, 6, 12</column>
<column name="j_0_i_reg_733">9, 2, 6, 12</column>
<column name="multmat1_V_address0">15, 3, 10, 30</column>
<column name="multmat1_V_ce0">15, 3, 1, 3</column>
<column name="multmat1_V_we0">9, 2, 1, 2</column>
<column name="poidsK_V_ce0">9, 2, 1, 2</column>
<column name="poidsK_V_ce1">9, 2, 1, 2</column>
<column name="poidsQ_V_ce0">9, 2, 1, 2</column>
<column name="poidsQ_V_ce1">9, 2, 1, 2</column>
<column name="spike512_V_address0">15, 3, 14, 42</column>
<column name="spike512_V_ce0">15, 3, 1, 3</column>
<column name="spike512_V_ce1">9, 2, 1, 2</column>
<column name="spikeKT_V_address0">15, 3, 13, 39</column>
<column name="spikeKT_V_address1">15, 3, 13, 39</column>
<column name="spikeKT_V_ce0">15, 3, 1, 3</column>
<column name="spikeKT_V_ce1">15, 3, 1, 3</column>
<column name="spikeKT_V_we0">9, 2, 1, 2</column>
<column name="spikeKT_V_we1">9, 2, 1, 2</column>
<column name="spikeK_V_address0">15, 3, 13, 39</column>
<column name="spikeK_V_address1">15, 3, 13, 39</column>
<column name="spikeK_V_ce0">15, 3, 1, 3</column>
<column name="spikeK_V_ce1">15, 3, 1, 3</column>
<column name="spikeK_V_we0">9, 2, 1, 2</column>
<column name="spikeK_V_we1">9, 2, 1, 2</column>
<column name="spikeQ_V_address0">15, 3, 13, 39</column>
<column name="spikeQ_V_address1">15, 3, 13, 39</column>
<column name="spikeQ_V_ce0">15, 3, 1, 3</column>
<column name="spikeQ_V_ce1">15, 3, 1, 3</column>
<column name="spikeQ_V_we0">9, 2, 1, 2</column>
<column name="spikeQ_V_we1">9, 2, 1, 2</column>
<column name="spikeV_V_address0">15, 3, 13, 39</column>
<column name="spikeV_V_ce0">15, 3, 1, 3</column>
<column name="spikeV_V_ce1">9, 2, 1, 2</column>
<column name="spikeV_V_we0">9, 2, 1, 2</column>
<column name="spikeV_V_we1">9, 2, 1, 2</column>
</table>
</item>
<item name = "Register"><table name="" hasTotal="1">
<keys size="5">Name, FF, LUT, Bits, Const Bits</keys>
<column name="Dense512_V_addr_reg_1099">14, 0, 14, 0</column>
<column name="N_0_reg_711">3, 0, 3, 0</column>
<column name="N_reg_1047">3, 0, 3, 0</column>
<column name="add_ln703_reg_1109">24, 0, 24, 0</column>
<column name="ap_CS_fsm">21, 0, 21, 0</column>
<column name="grp_BlocLinear512_fu_884_ap_start_reg">1, 0, 1, 0</column>
<column name="grp_BlocLinear_1_fu_774_ap_start_reg">1, 0, 1, 0</column>
<column name="grp_BlocLinear_1_fu_783_ap_start_reg">1, 0, 1, 0</column>
<column name="grp_BlocLinear_fu_766_ap_start_reg">1, 0, 1, 0</column>
<column name="grp_Lif_fu_801_ap_start_reg">1, 0, 1, 0</column>
<column name="grp_Lif_fu_839_ap_start_reg">1, 0, 1, 0</column>
<column name="grp_multmat2_fu_892_ap_start_reg">1, 0, 1, 0</column>
<column name="grp_multmat_fu_794_ap_start_reg">1, 0, 1, 0</column>
<column name="grp_transposeMatrix_fu_878_ap_start_reg">1, 0, 1, 0</column>
<column name="i_0_i9_reg_744">9, 0, 9, 0</column>
<column name="i_0_i_reg_722">9, 0, 9, 0</column>
<column name="i_1_reg_1055">9, 0, 9, 0</column>
<column name="i_reg_1076">9, 0, 9, 0</column>
<column name="j_0_i10_reg_755">6, 0, 6, 0</column>
<column name="j_0_i_reg_733">6, 0, 6, 0</column>
<column name="j_1_reg_1089">6, 0, 6, 0</column>
<column name="zext_ln125_reg_1081">9, 0, 15, 6</column>
<column name="zext_ln1265_1_reg_1094">15, 0, 64, 49</column>
<column name="zext_ln45_reg_1060">9, 0, 15, 6</column>
</table>
</item>
</section>
</item>
</section>

<section name = "Interface" level="0">
<item name = "Summary"><table name="" hasTotal="0">
<keys size="6">RTL Ports, Dir, Bits, Protocol, Source Object, C Type</keys>
<column name="ap_clk">in, 1, ap_ctrl_hs, Elements, return value</column>
<column name="ap_rst">in, 1, ap_ctrl_hs, Elements, return value</column>
<column name="ap_start">in, 1, ap_ctrl_hs, Elements, return value</column>
<column name="ap_done">out, 1, ap_ctrl_hs, Elements, return value</column>
<column name="ap_idle">out, 1, ap_ctrl_hs, Elements, return value</column>
<column name="ap_ready">out, 1, ap_ctrl_hs, Elements, return value</column>
<column name="EntreeQ_V_address0">out, 13, ap_memory, EntreeQ_V, array</column>
<column name="EntreeQ_V_ce0">out, 1, ap_memory, EntreeQ_V, array</column>
<column name="EntreeQ_V_q0">in, 1, ap_memory, EntreeQ_V, array</column>
<column name="EntreeQ_V_address1">out, 13, ap_memory, EntreeQ_V, array</column>
<column name="EntreeQ_V_ce1">out, 1, ap_memory, EntreeQ_V, array</column>
<column name="EntreeQ_V_q1">in, 1, ap_memory, EntreeQ_V, array</column>
<column name="poidsQ_V_address0">out, 16, ap_memory, poidsQ_V, array</column>
<column name="poidsQ_V_ce0">out, 1, ap_memory, poidsQ_V, array</column>
<column name="poidsQ_V_q0">in, 16, ap_memory, poidsQ_V, array</column>
<column name="poidsQ_V_address1">out, 16, ap_memory, poidsQ_V, array</column>
<column name="poidsQ_V_ce1">out, 1, ap_memory, poidsQ_V, array</column>
<column name="poidsQ_V_q1">in, 16, ap_memory, poidsQ_V, array</column>
<column name="EntreeK_V_address0">out, 13, ap_memory, EntreeK_V, array</column>
<column name="EntreeK_V_ce0">out, 1, ap_memory, EntreeK_V, array</column>
<column name="EntreeK_V_q0">in, 1, ap_memory, EntreeK_V, array</column>
<column name="EntreeK_V_address1">out, 13, ap_memory, EntreeK_V, array</column>
<column name="EntreeK_V_ce1">out, 1, ap_memory, EntreeK_V, array</column>
<column name="EntreeK_V_q1">in, 1, ap_memory, EntreeK_V, array</column>
<column name="poidsK_V_address0">out, 16, ap_memory, poidsK_V, array</column>
<column name="poidsK_V_ce0">out, 1, ap_memory, poidsK_V, array</column>
<column name="poidsK_V_q0">in, 16, ap_memory, poidsK_V, array</column>
<column name="poidsK_V_address1">out, 16, ap_memory, poidsK_V, array</column>
<column name="poidsK_V_ce1">out, 1, ap_memory, poidsK_V, array</column>
<column name="poidsK_V_q1">in, 16, ap_memory, poidsK_V, array</column>
<column name="EntreeV_V_address0">out, 13, ap_memory, EntreeV_V, array</column>
<column name="EntreeV_V_ce0">out, 1, ap_memory, EntreeV_V, array</column>
<column name="EntreeV_V_q0">in, 1, ap_memory, EntreeV_V, array</column>
<column name="EntreeV_V_address1">out, 13, ap_memory, EntreeV_V, array</column>
<column name="EntreeV_V_ce1">out, 1, ap_memory, EntreeV_V, array</column>
<column name="EntreeV_V_q1">in, 1, ap_memory, EntreeV_V, array</column>
<column name="poidsV_V_address0">out, 16, ap_memory, poidsV_V, array</column>
<column name="poidsV_V_ce0">out, 1, ap_memory, poidsV_V, array</column>
<column name="poidsV_V_q0">in, 16, ap_memory, poidsV_V, array</column>
<column name="poidsV_V_address1">out, 16, ap_memory, poidsV_V, array</column>
<column name="poidsV_V_ce1">out, 1, ap_memory, poidsV_V, array</column>
<column name="poidsV_V_q1">in, 16, ap_memory, poidsV_V, array</column>
<column name="poids512_V_address0">out, 17, ap_memory, poids512_V, array</column>
<column name="poids512_V_ce0">out, 1, ap_memory, poids512_V, array</column>
<column name="poids512_V_q0">in, 16, ap_memory, poids512_V, array</column>
<column name="poids256_V_address0">out, 16, ap_memory, poids256_V, array</column>
<column name="poids256_V_ce0">out, 1, ap_memory, poids256_V, array</column>
<column name="poids256_V_q0">in, 16, ap_memory, poids256_V, array</column>
<column name="poids256_V_address1">out, 16, ap_memory, poids256_V, array</column>
<column name="poids256_V_ce1">out, 1, ap_memory, poids256_V, array</column>
<column name="poids256_V_q1">in, 16, ap_memory, poids256_V, array</column>
<column name="Sortie_V_address0">out, 13, ap_memory, Sortie_V, array</column>
<column name="Sortie_V_ce0">out, 1, ap_memory, Sortie_V, array</column>
<column name="Sortie_V_we0">out, 1, ap_memory, Sortie_V, array</column>
<column name="Sortie_V_d0">out, 1, ap_memory, Sortie_V, array</column>
<column name="Sortie_V_address1">out, 13, ap_memory, Sortie_V, array</column>
<column name="Sortie_V_ce1">out, 1, ap_memory, Sortie_V, array</column>
<column name="Sortie_V_we1">out, 1, ap_memory, Sortie_V, array</column>
<column name="Sortie_V_d1">out, 1, ap_memory, Sortie_V, array</column>
</table>
</item>
</section>
</profile>
