<profile>

<section name = "Vivado HLS Report for 'Lif'" level="0">
<item name = "Date">Fri Dec  6 11:07:47 2024
</item>
<item name = "Version">2019.2 (Build 2704478 on Wed Nov 06 22:10:23 MST 2019)</item>
<item name = "Project">Matrice_binaire</item>
<item name = "Solution">solution2</item>
<item name = "Product family">zynq</item>
<item name = "Target device">xc7z020-clg484-1</item>
</section>

<section name = "Performance Estimates" level="0">
<item name = "Timing">
<section name = "" level="1">
<item name = "Summary"><table name="" hasTotal="0">
<keys size="4">Clock, Target, Estimated, Uncertainty</keys>
<column name="ap_clk">10.00 ns, 5.705 ns, 1.25 ns</column>
</table>
</item>
</section>
</item>
<item name = "Latency">
<section name = "" level="1">
<item name = "Summary"><table name="" hasTotal="0">
<keys size="8">, min, max, min, max, min, max, Type</keys>
<column name="">8193, 8193, 81.930 us, 81.930 us, 8193, 8193, none</column>
</table>
</item>
<item name = "Detail">
<section name = "" level="1">
<item name = "Instance"><table name="" hasTotal="0">
<keys size="9">Instance, Module, min, max, min, max, min, max, Type</keys>
</table>
</item>
<item name = "Loop"><table name="" hasTotal="0">
<keys size="8">Loop Name, min, max, Latency, achieved, target, Count, Pipelined</keys>
<column name="- Loop 1">8192, 8192, 32, -, -, 256, no</column>
</table>
</item>
</section>
</item>
</section>
</item>
</section>

<section name = "Utilization Estimates" level="0">
<item name = "Summary"><table name="" hasTotal="1">
<keys size="6">Name, BRAM_18K, DSP48E, FF, LUT, URAM</keys>
<column name="DSP">-, -, -, -, -</column>
<column name="Expression">-, -, 0, 2926, -</column>
<column name="FIFO">-, -, -, -, -</column>
<column name="Instance">-, -, -, -, -</column>
<column name="Memory">-, -, -, -, -</column>
<column name="Multiplexer">-, -, -, 970, -</column>
<column name="Register">-, -, 2197, -, -</column>
<specialColumn name="Available">280, 220, 106400, 53200, 0</specialColumn>
<specialColumn name="Utilization (%)">0, 0, 2, 7, 0</specialColumn>
</table>
</item>
<item name = "Detail">
<section name = "" level="1">
<item name = "Instance"><table name="" hasTotal="1">
<keys size="7">Instance, Module, BRAM_18K, DSP48E, FF, LUT, URAM</keys>
</table>
</item>
<item name = "DSP48E"><table name="" hasTotal="0">
<keys size="3">Instance, Module, Expression</keys>
</table>
</item>
<item name = "Memory"><table name="" hasTotal="1">
<keys size="10">Memory, Module, BRAM_18K, FF, LUT, URAM, Words, Bits, Banks, W*Bits*Banks</keys>
</table>
</item>
<item name = "FIFO"><table name="" hasTotal="1">
<keys size="8">Name, BRAM_18K, FF, LUT, URAM, Depth, Bits, Size:D*B</keys>
</table>
</item>
<item name = "Expression"><table name="" hasTotal="1">
<keys size="7">Variable Name, Operation, DSP48E, FF, LUT, Bitwidth P0, Bitwidth P1</keys>
<column name="add_ln703_10_fu_1639_p2">+, 0, 0, 31, 24, 24</column>
<column name="add_ln703_11_fu_1645_p2">+, 0, 0, 31, 24, 24</column>
<column name="add_ln703_12_fu_1729_p2">+, 0, 0, 31, 24, 24</column>
<column name="add_ln703_13_fu_1735_p2">+, 0, 0, 31, 24, 24</column>
<column name="add_ln703_14_fu_1819_p2">+, 0, 0, 31, 24, 24</column>
<column name="add_ln703_15_fu_1825_p2">+, 0, 0, 31, 24, 24</column>
<column name="add_ln703_16_fu_1909_p2">+, 0, 0, 31, 24, 24</column>
<column name="add_ln703_17_fu_1915_p2">+, 0, 0, 31, 24, 24</column>
<column name="add_ln703_18_fu_1999_p2">+, 0, 0, 31, 24, 24</column>
<column name="add_ln703_19_fu_2005_p2">+, 0, 0, 31, 24, 24</column>
<column name="add_ln703_1_fu_1195_p2">+, 0, 0, 31, 24, 24</column>
<column name="add_ln703_20_fu_2089_p2">+, 0, 0, 31, 24, 24</column>
<column name="add_ln703_21_fu_2095_p2">+, 0, 0, 31, 24, 24</column>
<column name="add_ln703_22_fu_2179_p2">+, 0, 0, 31, 24, 24</column>
<column name="add_ln703_23_fu_2185_p2">+, 0, 0, 31, 24, 24</column>
<column name="add_ln703_24_fu_2269_p2">+, 0, 0, 31, 24, 24</column>
<column name="add_ln703_25_fu_2275_p2">+, 0, 0, 31, 24, 24</column>
<column name="add_ln703_26_fu_2359_p2">+, 0, 0, 31, 24, 24</column>
<column name="add_ln703_27_fu_2365_p2">+, 0, 0, 31, 24, 24</column>
<column name="add_ln703_28_fu_2449_p2">+, 0, 0, 31, 24, 24</column>
<column name="add_ln703_29_fu_2455_p2">+, 0, 0, 31, 24, 24</column>
<column name="add_ln703_2_fu_1279_p2">+, 0, 0, 31, 24, 24</column>
<column name="add_ln703_30_fu_2511_p2">+, 0, 0, 31, 24, 24</column>
<column name="add_ln703_31_fu_2516_p2">+, 0, 0, 31, 24, 24</column>
<column name="add_ln703_3_fu_1285_p2">+, 0, 0, 31, 24, 24</column>
<column name="add_ln703_4_fu_1369_p2">+, 0, 0, 31, 24, 24</column>
<column name="add_ln703_5_fu_1375_p2">+, 0, 0, 31, 24, 24</column>
<column name="add_ln703_6_fu_1459_p2">+, 0, 0, 31, 24, 24</column>
<column name="add_ln703_7_fu_1465_p2">+, 0, 0, 31, 24, 24</column>
<column name="add_ln703_8_fu_1549_p2">+, 0, 0, 31, 24, 24</column>
<column name="add_ln703_9_fu_1555_p2">+, 0, 0, 31, 24, 24</column>
<column name="add_ln703_fu_1189_p2">+, 0, 0, 31, 24, 24</column>
<column name="i_fu_1121_p2">+, 0, 0, 15, 9, 1</column>
<column name="and_ln703_10_fu_1699_p2">and, 0, 0, 24, 24, 24</column>
<column name="and_ln703_11_fu_1724_p2">and, 0, 0, 24, 24, 24</column>
<column name="and_ln703_12_fu_1789_p2">and, 0, 0, 24, 24, 24</column>
<column name="and_ln703_13_fu_1814_p2">and, 0, 0, 24, 24, 24</column>
<column name="and_ln703_14_fu_1879_p2">and, 0, 0, 24, 24, 24</column>
<column name="and_ln703_15_fu_1904_p2">and, 0, 0, 24, 24, 24</column>
<column name="and_ln703_16_fu_1969_p2">and, 0, 0, 24, 24, 24</column>
<column name="and_ln703_17_fu_1994_p2">and, 0, 0, 24, 24, 24</column>
<column name="and_ln703_18_fu_2059_p2">and, 0, 0, 24, 24, 24</column>
<column name="and_ln703_19_fu_2084_p2">and, 0, 0, 24, 24, 24</column>
<column name="and_ln703_1_fu_1274_p2">and, 0, 0, 24, 24, 24</column>
<column name="and_ln703_20_fu_2149_p2">and, 0, 0, 24, 24, 24</column>
<column name="and_ln703_21_fu_2174_p2">and, 0, 0, 24, 24, 24</column>
<column name="and_ln703_22_fu_2239_p2">and, 0, 0, 24, 24, 24</column>
<column name="and_ln703_23_fu_2264_p2">and, 0, 0, 24, 24, 24</column>
<column name="and_ln703_24_fu_2329_p2">and, 0, 0, 24, 24, 24</column>
<column name="and_ln703_25_fu_2354_p2">and, 0, 0, 24, 24, 24</column>
<column name="and_ln703_26_fu_2419_p2">and, 0, 0, 24, 24, 24</column>
<column name="and_ln703_27_fu_2444_p2">and, 0, 0, 24, 24, 24</column>
<column name="and_ln703_28_fu_2481_p2">and, 0, 0, 24, 24, 24</column>
<column name="and_ln703_29_fu_2506_p2">and, 0, 0, 24, 24, 24</column>
<column name="and_ln703_2_fu_1339_p2">and, 0, 0, 24, 24, 24</column>
<column name="and_ln703_30_fu_2541_p2">and, 0, 0, 24, 24, 24</column>
<column name="and_ln703_31_fu_2566_p2">and, 0, 0, 24, 24, 24</column>
<column name="and_ln703_3_fu_1364_p2">and, 0, 0, 24, 24, 24</column>
<column name="and_ln703_4_fu_1429_p2">and, 0, 0, 24, 24, 24</column>
<column name="and_ln703_5_fu_1454_p2">and, 0, 0, 24, 24, 24</column>
<column name="and_ln703_6_fu_1519_p2">and, 0, 0, 24, 24, 24</column>
<column name="and_ln703_7_fu_1544_p2">and, 0, 0, 24, 24, 24</column>
<column name="and_ln703_8_fu_1609_p2">and, 0, 0, 24, 24, 24</column>
<column name="and_ln703_9_fu_1634_p2">and, 0, 0, 24, 24, 24</column>
<column name="and_ln703_fu_1249_p2">and, 0, 0, 24, 24, 24</column>
<column name="icmp_ln109_fu_1115_p2">icmp, 0, 0, 13, 9, 10</column>
<column name="icmp_ln1494_10_fu_1679_p2">icmp, 0, 0, 18, 24, 12</column>
<column name="icmp_ln1494_11_fu_1704_p2">icmp, 0, 0, 18, 24, 12</column>
<column name="icmp_ln1494_12_fu_1769_p2">icmp, 0, 0, 18, 24, 12</column>
<column name="icmp_ln1494_13_fu_1794_p2">icmp, 0, 0, 18, 24, 12</column>
<column name="icmp_ln1494_14_fu_1859_p2">icmp, 0, 0, 18, 24, 12</column>
<column name="icmp_ln1494_15_fu_1884_p2">icmp, 0, 0, 18, 24, 12</column>
<column name="icmp_ln1494_16_fu_1949_p2">icmp, 0, 0, 18, 24, 12</column>
<column name="icmp_ln1494_17_fu_1974_p2">icmp, 0, 0, 18, 24, 12</column>
<column name="icmp_ln1494_18_fu_2039_p2">icmp, 0, 0, 18, 24, 12</column>
<column name="icmp_ln1494_19_fu_2064_p2">icmp, 0, 0, 18, 24, 12</column>
<column name="icmp_ln1494_1_fu_1254_p2">icmp, 0, 0, 18, 24, 12</column>
<column name="icmp_ln1494_20_fu_2129_p2">icmp, 0, 0, 18, 24, 12</column>
<column name="icmp_ln1494_21_fu_2154_p2">icmp, 0, 0, 18, 24, 12</column>
<column name="icmp_ln1494_22_fu_2219_p2">icmp, 0, 0, 18, 24, 12</column>
<column name="icmp_ln1494_23_fu_2244_p2">icmp, 0, 0, 18, 24, 12</column>
<column name="icmp_ln1494_24_fu_2309_p2">icmp, 0, 0, 18, 24, 12</column>
<column name="icmp_ln1494_25_fu_2334_p2">icmp, 0, 0, 18, 24, 12</column>
<column name="icmp_ln1494_26_fu_2399_p2">icmp, 0, 0, 18, 24, 12</column>
<column name="icmp_ln1494_27_fu_2424_p2">icmp, 0, 0, 18, 24, 12</column>
<column name="icmp_ln1494_28_fu_2461_p2">icmp, 0, 0, 18, 24, 12</column>
<column name="icmp_ln1494_29_fu_2486_p2">icmp, 0, 0, 18, 24, 12</column>
<column name="icmp_ln1494_2_fu_1319_p2">icmp, 0, 0, 18, 24, 12</column>
<column name="icmp_ln1494_30_fu_2521_p2">icmp, 0, 0, 18, 24, 12</column>
<column name="icmp_ln1494_31_fu_2546_p2">icmp, 0, 0, 18, 24, 12</column>
<column name="icmp_ln1494_3_fu_1344_p2">icmp, 0, 0, 18, 24, 12</column>
<column name="icmp_ln1494_4_fu_1409_p2">icmp, 0, 0, 18, 24, 12</column>
<column name="icmp_ln1494_5_fu_1434_p2">icmp, 0, 0, 18, 24, 12</column>
<column name="icmp_ln1494_6_fu_1499_p2">icmp, 0, 0, 18, 24, 12</column>
<column name="icmp_ln1494_7_fu_1524_p2">icmp, 0, 0, 18, 24, 12</column>
<column name="icmp_ln1494_8_fu_1589_p2">icmp, 0, 0, 18, 24, 12</column>
<column name="icmp_ln1494_9_fu_1614_p2">icmp, 0, 0, 18, 24, 12</column>
<column name="icmp_ln1494_fu_1229_p2">icmp, 0, 0, 18, 24, 12</column>
<column name="or_ln1265_10_fu_1485_p2">or, 0, 0, 14, 14, 4</column>
<column name="or_ln1265_11_fu_1561_p2">or, 0, 0, 14, 14, 4</column>
<column name="or_ln1265_12_fu_1575_p2">or, 0, 0, 14, 14, 4</column>
<column name="or_ln1265_13_fu_1651_p2">or, 0, 0, 14, 14, 4</column>
<column name="or_ln1265_14_fu_1665_p2">or, 0, 0, 14, 14, 4</column>
<column name="or_ln1265_15_fu_1741_p2">or, 0, 0, 14, 14, 5</column>
<column name="or_ln1265_16_fu_1755_p2">or, 0, 0, 14, 14, 5</column>
<column name="or_ln1265_17_fu_1831_p2">or, 0, 0, 14, 14, 5</column>
<column name="or_ln1265_18_fu_1845_p2">or, 0, 0, 14, 14, 5</column>
<column name="or_ln1265_19_fu_1921_p2">or, 0, 0, 14, 14, 5</column>
<column name="or_ln1265_1_fu_1161_p2">or, 0, 0, 14, 14, 2</column>
<column name="or_ln1265_20_fu_1935_p2">or, 0, 0, 14, 14, 5</column>
<column name="or_ln1265_21_fu_2011_p2">or, 0, 0, 14, 14, 5</column>
<column name="or_ln1265_22_fu_2025_p2">or, 0, 0, 14, 14, 5</column>
<column name="or_ln1265_23_fu_2101_p2">or, 0, 0, 14, 14, 5</column>
<column name="or_ln1265_24_fu_2115_p2">or, 0, 0, 14, 14, 5</column>
<column name="or_ln1265_25_fu_2191_p2">or, 0, 0, 14, 14, 5</column>
<column name="or_ln1265_26_fu_2205_p2">or, 0, 0, 14, 14, 5</column>
<column name="or_ln1265_27_fu_2281_p2">or, 0, 0, 14, 14, 5</column>
<column name="or_ln1265_28_fu_2295_p2">or, 0, 0, 14, 14, 5</column>
<column name="or_ln1265_29_fu_2371_p2">or, 0, 0, 14, 14, 5</column>
<column name="or_ln1265_2_fu_1175_p2">or, 0, 0, 14, 14, 2</column>
<column name="or_ln1265_30_fu_2385_p2">or, 0, 0, 14, 14, 5</column>
<column name="or_ln1265_3_fu_1201_p2">or, 0, 0, 14, 14, 3</column>
<column name="or_ln1265_4_fu_1215_p2">or, 0, 0, 14, 14, 3</column>
<column name="or_ln1265_5_fu_1291_p2">or, 0, 0, 14, 14, 3</column>
<column name="or_ln1265_6_fu_1305_p2">or, 0, 0, 14, 14, 3</column>
<column name="or_ln1265_7_fu_1381_p2">or, 0, 0, 14, 14, 4</column>
<column name="or_ln1265_8_fu_1395_p2">or, 0, 0, 14, 14, 4</column>
<column name="or_ln1265_9_fu_1471_p2">or, 0, 0, 14, 14, 4</column>
<column name="or_ln1265_fu_1146_p2">or, 0, 0, 14, 14, 1</column>
<column name="select_ln703_10_fu_1691_p3">select, 0, 0, 2, 1, 2</column>
<column name="select_ln703_11_fu_1716_p3">select, 0, 0, 2, 1, 2</column>
<column name="select_ln703_12_fu_1781_p3">select, 0, 0, 2, 1, 2</column>
<column name="select_ln703_13_fu_1806_p3">select, 0, 0, 2, 1, 2</column>
<column name="select_ln703_14_fu_1871_p3">select, 0, 0, 2, 1, 2</column>
<column name="select_ln703_15_fu_1896_p3">select, 0, 0, 2, 1, 2</column>
<column name="select_ln703_16_fu_1961_p3">select, 0, 0, 2, 1, 2</column>
<column name="select_ln703_17_fu_1986_p3">select, 0, 0, 2, 1, 2</column>
<column name="select_ln703_18_fu_2051_p3">select, 0, 0, 2, 1, 2</column>
<column name="select_ln703_19_fu_2076_p3">select, 0, 0, 2, 1, 2</column>
<column name="select_ln703_1_fu_1266_p3">select, 0, 0, 2, 1, 2</column>
<column name="select_ln703_20_fu_2141_p3">select, 0, 0, 2, 1, 2</column>
<column name="select_ln703_21_fu_2166_p3">select, 0, 0, 2, 1, 2</column>
<column name="select_ln703_22_fu_2231_p3">select, 0, 0, 2, 1, 2</column>
<column name="select_ln703_23_fu_2256_p3">select, 0, 0, 2, 1, 2</column>
<column name="select_ln703_24_fu_2321_p3">select, 0, 0, 2, 1, 2</column>
<column name="select_ln703_25_fu_2346_p3">select, 0, 0, 2, 1, 2</column>
<column name="select_ln703_26_fu_2411_p3">select, 0, 0, 2, 1, 2</column>
<column name="select_ln703_27_fu_2436_p3">select, 0, 0, 2, 1, 2</column>
<column name="select_ln703_28_fu_2473_p3">select, 0, 0, 2, 1, 2</column>
<column name="select_ln703_29_fu_2498_p3">select, 0, 0, 2, 1, 2</column>
<column name="select_ln703_2_fu_1331_p3">select, 0, 0, 2, 1, 2</column>
<column name="select_ln703_30_fu_2533_p3">select, 0, 0, 2, 1, 2</column>
<column name="select_ln703_31_fu_2558_p3">select, 0, 0, 2, 1, 2</column>
<column name="select_ln703_3_fu_1356_p3">select, 0, 0, 2, 1, 2</column>
<column name="select_ln703_4_fu_1421_p3">select, 0, 0, 2, 1, 2</column>
<column name="select_ln703_5_fu_1446_p3">select, 0, 0, 2, 1, 2</column>
<column name="select_ln703_6_fu_1511_p3">select, 0, 0, 2, 1, 2</column>
<column name="select_ln703_7_fu_1536_p3">select, 0, 0, 2, 1, 2</column>
<column name="select_ln703_8_fu_1601_p3">select, 0, 0, 2, 1, 2</column>
<column name="select_ln703_9_fu_1626_p3">select, 0, 0, 2, 1, 2</column>
<column name="select_ln703_fu_1241_p3">select, 0, 0, 2, 1, 2</column>
<column name="xor_ln703_10_fu_1685_p2">xor, 0, 0, 2, 1, 2</column>
<column name="xor_ln703_11_fu_1710_p2">xor, 0, 0, 2, 1, 2</column>
<column name="xor_ln703_12_fu_1775_p2">xor, 0, 0, 2, 1, 2</column>
<column name="xor_ln703_13_fu_1800_p2">xor, 0, 0, 2, 1, 2</column>
<column name="xor_ln703_14_fu_1865_p2">xor, 0, 0, 2, 1, 2</column>
<column name="xor_ln703_15_fu_1890_p2">xor, 0, 0, 2, 1, 2</column>
<column name="xor_ln703_16_fu_1955_p2">xor, 0, 0, 2, 1, 2</column>
<column name="xor_ln703_17_fu_1980_p2">xor, 0, 0, 2, 1, 2</column>
<column name="xor_ln703_18_fu_2045_p2">xor, 0, 0, 2, 1, 2</column>
<column name="xor_ln703_19_fu_2070_p2">xor, 0, 0, 2, 1, 2</column>
<column name="xor_ln703_1_fu_1260_p2">xor, 0, 0, 2, 1, 2</column>
<column name="xor_ln703_20_fu_2135_p2">xor, 0, 0, 2, 1, 2</column>
<column name="xor_ln703_21_fu_2160_p2">xor, 0, 0, 2, 1, 2</column>
<column name="xor_ln703_22_fu_2225_p2">xor, 0, 0, 2, 1, 2</column>
<column name="xor_ln703_23_fu_2250_p2">xor, 0, 0, 2, 1, 2</column>
<column name="xor_ln703_24_fu_2315_p2">xor, 0, 0, 2, 1, 2</column>
<column name="xor_ln703_25_fu_2340_p2">xor, 0, 0, 2, 1, 2</column>
<column name="xor_ln703_26_fu_2405_p2">xor, 0, 0, 2, 1, 2</column>
<column name="xor_ln703_27_fu_2430_p2">xor, 0, 0, 2, 1, 2</column>
<column name="xor_ln703_28_fu_2467_p2">xor, 0, 0, 2, 1, 2</column>
<column name="xor_ln703_29_fu_2492_p2">xor, 0, 0, 2, 1, 2</column>
<column name="xor_ln703_2_fu_1325_p2">xor, 0, 0, 2, 1, 2</column>
<column name="xor_ln703_30_fu_2527_p2">xor, 0, 0, 2, 1, 2</column>
<column name="xor_ln703_31_fu_2552_p2">xor, 0, 0, 2, 1, 2</column>
<column name="xor_ln703_3_fu_1350_p2">xor, 0, 0, 2, 1, 2</column>
<column name="xor_ln703_4_fu_1415_p2">xor, 0, 0, 2, 1, 2</column>
<column name="xor_ln703_5_fu_1440_p2">xor, 0, 0, 2, 1, 2</column>
<column name="xor_ln703_6_fu_1505_p2">xor, 0, 0, 2, 1, 2</column>
<column name="xor_ln703_7_fu_1530_p2">xor, 0, 0, 2, 1, 2</column>
<column name="xor_ln703_8_fu_1595_p2">xor, 0, 0, 2, 1, 2</column>
<column name="xor_ln703_9_fu_1620_p2">xor, 0, 0, 2, 1, 2</column>
<column name="xor_ln703_fu_1235_p2">xor, 0, 0, 2, 1, 2</column>
</table>
</item>
<item name = "Multiplexer"><table name="" hasTotal="1">
<keys size="5">Name, LUT, Input Size, Bits, Total Bits</keys>
<column name="ap_NS_fsm">153, 34, 1, 34</column>
<column name="i_0_reg_1104">9, 2, 9, 18</column>
<column name="matricet_V_address0">149, 33, 13, 429</column>
<column name="matricet_V_address1">149, 33, 13, 429</column>
<column name="matricet_V_d0">85, 17, 24, 408</column>
<column name="matricet_V_d1">85, 17, 24, 408</column>
<column name="spike_V_address0">85, 17, 13, 221</column>
<column name="spike_V_address1">85, 17, 13, 221</column>
<column name="spike_V_d0">85, 17, 1, 17</column>
<column name="spike_V_d1">85, 17, 1, 17</column>
</table>
</item>
<item name = "Register"><table name="" hasTotal="1">
<keys size="5">Name, FF, LUT, Bits, Const Bits</keys>
<column name="add_ln703_10_reg_2957">24, 0, 24, 0</column>
<column name="add_ln703_11_reg_2963">24, 0, 24, 0</column>
<column name="add_ln703_12_reg_3009">24, 0, 24, 0</column>
<column name="add_ln703_13_reg_3015">24, 0, 24, 0</column>
<column name="add_ln703_14_reg_3061">24, 0, 24, 0</column>
<column name="add_ln703_15_reg_3067">24, 0, 24, 0</column>
<column name="add_ln703_16_reg_3113">24, 0, 24, 0</column>
<column name="add_ln703_17_reg_3119">24, 0, 24, 0</column>
<column name="add_ln703_18_reg_3165">24, 0, 24, 0</column>
<column name="add_ln703_19_reg_3171">24, 0, 24, 0</column>
<column name="add_ln703_1_reg_2703">24, 0, 24, 0</column>
<column name="add_ln703_20_reg_3217">24, 0, 24, 0</column>
<column name="add_ln703_21_reg_3223">24, 0, 24, 0</column>
<column name="add_ln703_22_reg_3269">24, 0, 24, 0</column>
<column name="add_ln703_23_reg_3275">24, 0, 24, 0</column>
<column name="add_ln703_24_reg_3321">24, 0, 24, 0</column>
<column name="add_ln703_25_reg_3327">24, 0, 24, 0</column>
<column name="add_ln703_26_reg_3373">24, 0, 24, 0</column>
<column name="add_ln703_27_reg_3379">24, 0, 24, 0</column>
<column name="add_ln703_28_reg_3435">24, 0, 24, 0</column>
<column name="add_ln703_29_reg_3441">24, 0, 24, 0</column>
<column name="add_ln703_2_reg_2749">24, 0, 24, 0</column>
<column name="add_ln703_30_reg_3467">24, 0, 24, 0</column>
<column name="add_ln703_31_reg_3473">24, 0, 24, 0</column>
<column name="add_ln703_3_reg_2755">24, 0, 24, 0</column>
<column name="add_ln703_4_reg_2801">24, 0, 24, 0</column>
<column name="add_ln703_5_reg_2807">24, 0, 24, 0</column>
<column name="add_ln703_6_reg_2853">24, 0, 24, 0</column>
<column name="add_ln703_7_reg_2859">24, 0, 24, 0</column>
<column name="add_ln703_8_reg_2905">24, 0, 24, 0</column>
<column name="add_ln703_9_reg_2911">24, 0, 24, 0</column>
<column name="add_ln703_reg_2697">24, 0, 24, 0</column>
<column name="and_ln703_10_reg_2999">24, 0, 24, 0</column>
<column name="and_ln703_11_reg_3004">24, 0, 24, 0</column>
<column name="and_ln703_12_reg_3051">24, 0, 24, 0</column>
<column name="and_ln703_13_reg_3056">24, 0, 24, 0</column>
<column name="and_ln703_14_reg_3103">24, 0, 24, 0</column>
<column name="and_ln703_15_reg_3108">24, 0, 24, 0</column>
<column name="and_ln703_16_reg_3155">24, 0, 24, 0</column>
<column name="and_ln703_17_reg_3160">24, 0, 24, 0</column>
<column name="and_ln703_18_reg_3207">24, 0, 24, 0</column>
<column name="and_ln703_19_reg_3212">24, 0, 24, 0</column>
<column name="and_ln703_1_reg_2744">24, 0, 24, 0</column>
<column name="and_ln703_20_reg_3259">24, 0, 24, 0</column>
<column name="and_ln703_21_reg_3264">24, 0, 24, 0</column>
<column name="and_ln703_22_reg_3311">24, 0, 24, 0</column>
<column name="and_ln703_23_reg_3316">24, 0, 24, 0</column>
<column name="and_ln703_24_reg_3363">24, 0, 24, 0</column>
<column name="and_ln703_25_reg_3368">24, 0, 24, 0</column>
<column name="and_ln703_26_reg_3425">24, 0, 24, 0</column>
<column name="and_ln703_27_reg_3430">24, 0, 24, 0</column>
<column name="and_ln703_28_reg_3457">24, 0, 24, 0</column>
<column name="and_ln703_29_reg_3462">24, 0, 24, 0</column>
<column name="and_ln703_2_reg_2791">24, 0, 24, 0</column>
<column name="and_ln703_30_reg_3479">24, 0, 24, 0</column>
<column name="and_ln703_31_reg_3484">24, 0, 24, 0</column>
<column name="and_ln703_3_reg_2796">24, 0, 24, 0</column>
<column name="and_ln703_4_reg_2843">24, 0, 24, 0</column>
<column name="and_ln703_5_reg_2848">24, 0, 24, 0</column>
<column name="and_ln703_6_reg_2895">24, 0, 24, 0</column>
<column name="and_ln703_7_reg_2900">24, 0, 24, 0</column>
<column name="and_ln703_8_reg_2947">24, 0, 24, 0</column>
<column name="and_ln703_9_reg_2952">24, 0, 24, 0</column>
<column name="and_ln703_reg_2739">24, 0, 24, 0</column>
<column name="ap_CS_fsm">33, 0, 33, 0</column>
<column name="i_0_reg_1104">9, 0, 9, 0</column>
<column name="i_reg_2574">9, 0, 9, 0</column>
<column name="matricet_1_30_V_loa_reg_3447">24, 0, 24, 0</column>
<column name="matricet_1_31_V_loa_reg_3452">24, 0, 24, 0</column>
<column name="matricet_V_addr_10_reg_2880">8, 0, 13, 5</column>
<column name="matricet_V_addr_11_reg_2890">8, 0, 13, 5</column>
<column name="matricet_V_addr_12_reg_2932">8, 0, 13, 5</column>
<column name="matricet_V_addr_13_reg_2942">8, 0, 13, 5</column>
<column name="matricet_V_addr_14_reg_2984">8, 0, 13, 5</column>
<column name="matricet_V_addr_15_reg_2994">8, 0, 13, 5</column>
<column name="matricet_V_addr_16_reg_3036">8, 0, 13, 5</column>
<column name="matricet_V_addr_17_reg_3046">8, 0, 13, 5</column>
<column name="matricet_V_addr_18_reg_3088">8, 0, 13, 5</column>
<column name="matricet_V_addr_19_reg_3098">8, 0, 13, 5</column>
<column name="matricet_V_addr_1_reg_2662">8, 0, 13, 5</column>
<column name="matricet_V_addr_20_reg_3140">8, 0, 13, 5</column>
<column name="matricet_V_addr_21_reg_3150">8, 0, 13, 5</column>
<column name="matricet_V_addr_22_reg_3192">8, 0, 13, 5</column>
<column name="matricet_V_addr_23_reg_3202">8, 0, 13, 5</column>
<column name="matricet_V_addr_24_reg_3244">8, 0, 13, 5</column>
<column name="matricet_V_addr_25_reg_3254">8, 0, 13, 5</column>
<column name="matricet_V_addr_26_reg_3296">8, 0, 13, 5</column>
<column name="matricet_V_addr_27_reg_3306">8, 0, 13, 5</column>
<column name="matricet_V_addr_28_reg_3348">8, 0, 13, 5</column>
<column name="matricet_V_addr_29_reg_3358">8, 0, 13, 5</column>
<column name="matricet_V_addr_2_reg_2682">8, 0, 13, 5</column>
<column name="matricet_V_addr_30_reg_3410">8, 0, 13, 5</column>
<column name="matricet_V_addr_31_reg_3420">8, 0, 13, 5</column>
<column name="matricet_V_addr_3_reg_2692">8, 0, 13, 5</column>
<column name="matricet_V_addr_4_reg_2724">8, 0, 13, 5</column>
<column name="matricet_V_addr_5_reg_2734">8, 0, 13, 5</column>
<column name="matricet_V_addr_6_reg_2776">8, 0, 13, 5</column>
<column name="matricet_V_addr_7_reg_2786">8, 0, 13, 5</column>
<column name="matricet_V_addr_8_reg_2828">8, 0, 13, 5</column>
<column name="matricet_V_addr_9_reg_2838">8, 0, 13, 5</column>
<column name="matricet_V_addr_reg_2652">8, 0, 13, 5</column>
<column name="tmp_430_reg_2677">9, 0, 64, 55</column>
<column name="tmp_431_reg_2687">9, 0, 64, 55</column>
<column name="tmp_432_reg_2719">9, 0, 64, 55</column>
<column name="tmp_433_reg_2729">9, 0, 64, 55</column>
<column name="tmp_434_reg_2771">9, 0, 64, 55</column>
<column name="tmp_435_reg_2781">9, 0, 64, 55</column>
<column name="tmp_436_reg_2823">9, 0, 64, 55</column>
<column name="tmp_437_reg_2833">9, 0, 64, 55</column>
<column name="tmp_438_reg_2875">9, 0, 64, 55</column>
<column name="tmp_439_reg_2885">9, 0, 64, 55</column>
<column name="tmp_440_reg_2927">9, 0, 64, 55</column>
<column name="tmp_441_reg_2937">9, 0, 64, 55</column>
<column name="tmp_442_reg_2979">9, 0, 64, 55</column>
<column name="tmp_443_reg_2989">9, 0, 64, 55</column>
<column name="tmp_444_reg_3031">9, 0, 64, 55</column>
<column name="tmp_445_reg_3041">9, 0, 64, 55</column>
<column name="tmp_446_reg_3083">9, 0, 64, 55</column>
<column name="tmp_447_reg_3093">9, 0, 64, 55</column>
<column name="tmp_448_reg_3135">9, 0, 64, 55</column>
<column name="tmp_449_reg_3145">9, 0, 64, 55</column>
<column name="tmp_450_reg_3187">9, 0, 64, 55</column>
<column name="tmp_451_reg_3197">9, 0, 64, 55</column>
<column name="tmp_452_reg_3239">9, 0, 64, 55</column>
<column name="tmp_453_reg_3249">9, 0, 64, 55</column>
<column name="tmp_454_reg_3291">9, 0, 64, 55</column>
<column name="tmp_455_reg_3301">9, 0, 64, 55</column>
<column name="tmp_456_reg_3343">9, 0, 64, 55</column>
<column name="tmp_457_reg_3353">9, 0, 64, 55</column>
<column name="tmp_458_reg_3405">9, 0, 64, 55</column>
<column name="tmp_459_reg_3415">9, 0, 64, 55</column>
<column name="tmp_reg_2613">9, 0, 14, 5</column>
<column name="tmp_s_reg_2657">9, 0, 64, 55</column>
<column name="zext_ln113_reg_2579">9, 0, 64, 55</column>
<column name="zext_ln1265_reg_2647">9, 0, 64, 55</column>
</table>
</item>
</section>
</item>
</section>

<section name = "Interface" level="0">
<item name = "Summary"><table name="" hasTotal="0">
<keys size="6">RTL Ports, Dir, Bits, Protocol, Source Object, C Type</keys>
<column name="ap_clk">in, 1, ap_ctrl_hs, Lif, return value</column>
<column name="ap_rst">in, 1, ap_ctrl_hs, Lif, return value</column>
<column name="ap_start">in, 1, ap_ctrl_hs, Lif, return value</column>
<column name="ap_done">out, 1, ap_ctrl_hs, Lif, return value</column>
<column name="ap_idle">out, 1, ap_ctrl_hs, Lif, return value</column>
<column name="ap_ready">out, 1, ap_ctrl_hs, Lif, return value</column>
<column name="matricet_V_address0">out, 13, ap_memory, matricet_V, array</column>
<column name="matricet_V_ce0">out, 1, ap_memory, matricet_V, array</column>
<column name="matricet_V_we0">out, 1, ap_memory, matricet_V, array</column>
<column name="matricet_V_d0">out, 24, ap_memory, matricet_V, array</column>
<column name="matricet_V_q0">in, 24, ap_memory, matricet_V, array</column>
<column name="matricet_V_address1">out, 13, ap_memory, matricet_V, array</column>
<column name="matricet_V_ce1">out, 1, ap_memory, matricet_V, array</column>
<column name="matricet_V_we1">out, 1, ap_memory, matricet_V, array</column>
<column name="matricet_V_d1">out, 24, ap_memory, matricet_V, array</column>
<column name="matricet_V_q1">in, 24, ap_memory, matricet_V, array</column>
<column name="matricet_1_0_V_address0">out, 8, ap_memory, matricet_1_0_V, array</column>
<column name="matricet_1_0_V_ce0">out, 1, ap_memory, matricet_1_0_V, array</column>
<column name="matricet_1_0_V_q0">in, 24, ap_memory, matricet_1_0_V, array</column>
<column name="matricet_1_1_V_address0">out, 8, ap_memory, matricet_1_1_V, array</column>
<column name="matricet_1_1_V_ce0">out, 1, ap_memory, matricet_1_1_V, array</column>
<column name="matricet_1_1_V_q0">in, 24, ap_memory, matricet_1_1_V, array</column>
<column name="matricet_1_2_V_address0">out, 8, ap_memory, matricet_1_2_V, array</column>
<column name="matricet_1_2_V_ce0">out, 1, ap_memory, matricet_1_2_V, array</column>
<column name="matricet_1_2_V_q0">in, 24, ap_memory, matricet_1_2_V, array</column>
<column name="matricet_1_3_V_address0">out, 8, ap_memory, matricet_1_3_V, array</column>
<column name="matricet_1_3_V_ce0">out, 1, ap_memory, matricet_1_3_V, array</column>
<column name="matricet_1_3_V_q0">in, 24, ap_memory, matricet_1_3_V, array</column>
<column name="matricet_1_4_V_address0">out, 8, ap_memory, matricet_1_4_V, array</column>
<column name="matricet_1_4_V_ce0">out, 1, ap_memory, matricet_1_4_V, array</column>
<column name="matricet_1_4_V_q0">in, 24, ap_memory, matricet_1_4_V, array</column>
<column name="matricet_1_5_V_address0">out, 8, ap_memory, matricet_1_5_V, array</column>
<column name="matricet_1_5_V_ce0">out, 1, ap_memory, matricet_1_5_V, array</column>
<column name="matricet_1_5_V_q0">in, 24, ap_memory, matricet_1_5_V, array</column>
<column name="matricet_1_6_V_address0">out, 8, ap_memory, matricet_1_6_V, array</column>
<column name="matricet_1_6_V_ce0">out, 1, ap_memory, matricet_1_6_V, array</column>
<column name="matricet_1_6_V_q0">in, 24, ap_memory, matricet_1_6_V, array</column>
<column name="matricet_1_7_V_address0">out, 8, ap_memory, matricet_1_7_V, array</column>
<column name="matricet_1_7_V_ce0">out, 1, ap_memory, matricet_1_7_V, array</column>
<column name="matricet_1_7_V_q0">in, 24, ap_memory, matricet_1_7_V, array</column>
<column name="matricet_1_8_V_address0">out, 8, ap_memory, matricet_1_8_V, array</column>
<column name="matricet_1_8_V_ce0">out, 1, ap_memory, matricet_1_8_V, array</column>
<column name="matricet_1_8_V_q0">in, 24, ap_memory, matricet_1_8_V, array</column>
<column name="matricet_1_9_V_address0">out, 8, ap_memory, matricet_1_9_V, array</column>
<column name="matricet_1_9_V_ce0">out, 1, ap_memory, matricet_1_9_V, array</column>
<column name="matricet_1_9_V_q0">in, 24, ap_memory, matricet_1_9_V, array</column>
<column name="matricet_1_10_V_address0">out, 8, ap_memory, matricet_1_10_V, array</column>
<column name="matricet_1_10_V_ce0">out, 1, ap_memory, matricet_1_10_V, array</column>
<column name="matricet_1_10_V_q0">in, 24, ap_memory, matricet_1_10_V, array</column>
<column name="matricet_1_11_V_address0">out, 8, ap_memory, matricet_1_11_V, array</column>
<column name="matricet_1_11_V_ce0">out, 1, ap_memory, matricet_1_11_V, array</column>
<column name="matricet_1_11_V_q0">in, 24, ap_memory, matricet_1_11_V, array</column>
<column name="matricet_1_12_V_address0">out, 8, ap_memory, matricet_1_12_V, array</column>
<column name="matricet_1_12_V_ce0">out, 1, ap_memory, matricet_1_12_V, array</column>
<column name="matricet_1_12_V_q0">in, 24, ap_memory, matricet_1_12_V, array</column>
<column name="matricet_1_13_V_address0">out, 8, ap_memory, matricet_1_13_V, array</column>
<column name="matricet_1_13_V_ce0">out, 1, ap_memory, matricet_1_13_V, array</column>
<column name="matricet_1_13_V_q0">in, 24, ap_memory, matricet_1_13_V, array</column>
<column name="matricet_1_14_V_address0">out, 8, ap_memory, matricet_1_14_V, array</column>
<column name="matricet_1_14_V_ce0">out, 1, ap_memory, matricet_1_14_V, array</column>
<column name="matricet_1_14_V_q0">in, 24, ap_memory, matricet_1_14_V, array</column>
<column name="matricet_1_15_V_address0">out, 8, ap_memory, matricet_1_15_V, array</column>
<column name="matricet_1_15_V_ce0">out, 1, ap_memory, matricet_1_15_V, array</column>
<column name="matricet_1_15_V_q0">in, 24, ap_memory, matricet_1_15_V, array</column>
<column name="matricet_1_16_V_address0">out, 8, ap_memory, matricet_1_16_V, array</column>
<column name="matricet_1_16_V_ce0">out, 1, ap_memory, matricet_1_16_V, array</column>
<column name="matricet_1_16_V_q0">in, 24, ap_memory, matricet_1_16_V, array</column>
<column name="matricet_1_17_V_address0">out, 8, ap_memory, matricet_1_17_V, array</column>
<column name="matricet_1_17_V_ce0">out, 1, ap_memory, matricet_1_17_V, array</column>
<column name="matricet_1_17_V_q0">in, 24, ap_memory, matricet_1_17_V, array</column>
<column name="matricet_1_18_V_address0">out, 8, ap_memory, matricet_1_18_V, array</column>
<column name="matricet_1_18_V_ce0">out, 1, ap_memory, matricet_1_18_V, array</column>
<column name="matricet_1_18_V_q0">in, 24, ap_memory, matricet_1_18_V, array</column>
<column name="matricet_1_19_V_address0">out, 8, ap_memory, matricet_1_19_V, array</column>
<column name="matricet_1_19_V_ce0">out, 1, ap_memory, matricet_1_19_V, array</column>
<column name="matricet_1_19_V_q0">in, 24, ap_memory, matricet_1_19_V, array</column>
<column name="matricet_1_20_V_address0">out, 8, ap_memory, matricet_1_20_V, array</column>
<column name="matricet_1_20_V_ce0">out, 1, ap_memory, matricet_1_20_V, array</column>
<column name="matricet_1_20_V_q0">in, 24, ap_memory, matricet_1_20_V, array</column>
<column name="matricet_1_21_V_address0">out, 8, ap_memory, matricet_1_21_V, array</column>
<column name="matricet_1_21_V_ce0">out, 1, ap_memory, matricet_1_21_V, array</column>
<column name="matricet_1_21_V_q0">in, 24, ap_memory, matricet_1_21_V, array</column>
<column name="matricet_1_22_V_address0">out, 8, ap_memory, matricet_1_22_V, array</column>
<column name="matricet_1_22_V_ce0">out, 1, ap_memory, matricet_1_22_V, array</column>
<column name="matricet_1_22_V_q0">in, 24, ap_memory, matricet_1_22_V, array</column>
<column name="matricet_1_23_V_address0">out, 8, ap_memory, matricet_1_23_V, array</column>
<column name="matricet_1_23_V_ce0">out, 1, ap_memory, matricet_1_23_V, array</column>
<column name="matricet_1_23_V_q0">in, 24, ap_memory, matricet_1_23_V, array</column>
<column name="matricet_1_24_V_address0">out, 8, ap_memory, matricet_1_24_V, array</column>
<column name="matricet_1_24_V_ce0">out, 1, ap_memory, matricet_1_24_V, array</column>
<column name="matricet_1_24_V_q0">in, 24, ap_memory, matricet_1_24_V, array</column>
<column name="matricet_1_25_V_address0">out, 8, ap_memory, matricet_1_25_V, array</column>
<column name="matricet_1_25_V_ce0">out, 1, ap_memory, matricet_1_25_V, array</column>
<column name="matricet_1_25_V_q0">in, 24, ap_memory, matricet_1_25_V, array</column>
<column name="matricet_1_26_V_address0">out, 8, ap_memory, matricet_1_26_V, array</column>
<column name="matricet_1_26_V_ce0">out, 1, ap_memory, matricet_1_26_V, array</column>
<column name="matricet_1_26_V_q0">in, 24, ap_memory, matricet_1_26_V, array</column>
<column name="matricet_1_27_V_address0">out, 8, ap_memory, matricet_1_27_V, array</column>
<column name="matricet_1_27_V_ce0">out, 1, ap_memory, matricet_1_27_V, array</column>
<column name="matricet_1_27_V_q0">in, 24, ap_memory, matricet_1_27_V, array</column>
<column name="matricet_1_28_V_address0">out, 8, ap_memory, matricet_1_28_V, array</column>
<column name="matricet_1_28_V_ce0">out, 1, ap_memory, matricet_1_28_V, array</column>
<column name="matricet_1_28_V_q0">in, 24, ap_memory, matricet_1_28_V, array</column>
<column name="matricet_1_29_V_address0">out, 8, ap_memory, matricet_1_29_V, array</column>
<column name="matricet_1_29_V_ce0">out, 1, ap_memory, matricet_1_29_V, array</column>
<column name="matricet_1_29_V_q0">in, 24, ap_memory, matricet_1_29_V, array</column>
<column name="matricet_1_30_V_address0">out, 8, ap_memory, matricet_1_30_V, array</column>
<column name="matricet_1_30_V_ce0">out, 1, ap_memory, matricet_1_30_V, array</column>
<column name="matricet_1_30_V_q0">in, 24, ap_memory, matricet_1_30_V, array</column>
<column name="matricet_1_31_V_address0">out, 8, ap_memory, matricet_1_31_V, array</column>
<column name="matricet_1_31_V_ce0">out, 1, ap_memory, matricet_1_31_V, array</column>
<column name="matricet_1_31_V_q0">in, 24, ap_memory, matricet_1_31_V, array</column>
<column name="spike_V_address0">out, 13, ap_memory, spike_V, array</column>
<column name="spike_V_ce0">out, 1, ap_memory, spike_V, array</column>
<column name="spike_V_we0">out, 1, ap_memory, spike_V, array</column>
<column name="spike_V_d0">out, 1, ap_memory, spike_V, array</column>
<column name="spike_V_address1">out, 13, ap_memory, spike_V, array</column>
<column name="spike_V_ce1">out, 1, ap_memory, spike_V, array</column>
<column name="spike_V_we1">out, 1, ap_memory, spike_V, array</column>
<column name="spike_V_d1">out, 1, ap_memory, spike_V, array</column>
</table>
</item>
</section>
</profile>
