<profile>

<section name = "Vivado HLS Report for 'multmat'" level="0">
<item name = "Date">Fri Dec  6 11:07:51 2024
</item>
<item name = "Version">2019.2 (Build 2704478 on Wed Nov 06 22:10:23 MST 2019)</item>
<item name = "Project">Matrice_binaire</item>
<item name = "Solution">solution2</item>
<item name = "Product family">zynq</item>
<item name = "Target device">xc7z020-clg484-1</item>
</section>

<section name = "Performance Estimates" level="0">
<item name = "Timing">
<section name = "" level="1">
<item name = "Summary"><table name="" hasTotal="0">
<keys size="4">Clock, Target, Estimated, Uncertainty</keys>
<column name="ap_clk">10.00 ns, 8.034 ns, 1.25 ns</column>
</table>
</item>
</section>
</item>
<item name = "Latency">
<section name = "" level="1">
<item name = "Summary"><table name="" hasTotal="0">
<keys size="8">, min, max, min, max, min, max, Type</keys>
<column name="">134209, 134209, 1.342 ms, 1.342 ms, 134209, 134209, none</column>
</table>
</item>
<item name = "Detail">
<section name = "" level="1">
<item name = "Instance"><table name="" hasTotal="0">
<keys size="9">Instance, Module, min, max, min, max, min, max, Type</keys>
</table>
</item>
<item name = "Loop"><table name="" hasTotal="0">
<keys size="8">Loop Name, min, max, Latency, achieved, target, Count, Pipelined</keys>
<column name="- multiplierMatrices_label6">134208, 134208, 4194, -, -, 32, no</column>
<column name=" + multiplierMatrices_label7">4192, 4192, 131, -, -, 32, no</column>
</table>
</item>
</section>
</item>
</section>
</item>
</section>

<section name = "Utilization Estimates" level="0">
<item name = "Summary"><table name="" hasTotal="1">
<keys size="6">Name, BRAM_18K, DSP48E, FF, LUT, URAM</keys>
<column name="DSP">-, -, -, -, -</column>
<column name="Expression">-, -, 0, 8023, -</column>
<column name="FIFO">-, -, -, -, -</column>
<column name="Instance">-, -, -, -, -</column>
<column name="Memory">-, -, -, -, -</column>
<column name="Multiplexer">-, -, -, 2943, -</column>
<column name="Register">-, -, 2277, -, -</column>
<specialColumn name="Available">280, 220, 106400, 53200, 0</specialColumn>
<specialColumn name="Utilization (%)">0, 0, 2, 20, 0</specialColumn>
</table>
</item>
<item name = "Detail">
<section name = "" level="1">
<item name = "Instance"><table name="" hasTotal="1">
<keys size="7">Instance, Module, BRAM_18K, DSP48E, FF, LUT, URAM</keys>
</table>
</item>
<item name = "DSP48E"><table name="" hasTotal="0">
<keys size="3">Instance, Module, Expression</keys>
</table>
</item>
<item name = "Memory"><table name="" hasTotal="1">
<keys size="10">Memory, Module, BRAM_18K, FF, LUT, URAM, Words, Bits, Banks, W*Bits*Banks</keys>
</table>
</item>
<item name = "FIFO"><table name="" hasTotal="1">
<keys size="8">Name, BRAM_18K, FF, LUT, URAM, Depth, Bits, Size:D*B</keys>
</table>
</item>
<item name = "Expression"><table name="" hasTotal="1">
<keys size="7">Variable Name, Operation, DSP48E, FF, LUT, Bitwidth P0, Bitwidth P1</keys>
<column name="add_ln1355_10_fu_9745_p2">+, 0, 0, 13, 11, 11</column>
<column name="add_ln1355_11_fu_9790_p2">+, 0, 0, 13, 11, 11</column>
<column name="add_ln1355_12_fu_9861_p2">+, 0, 0, 13, 11, 11</column>
<column name="add_ln1355_13_fu_9906_p2">+, 0, 0, 13, 11, 11</column>
<column name="add_ln1355_14_fu_9916_p2">+, 0, 0, 13, 11, 11</column>
<column name="add_ln1355_15_fu_10446_p2">+, 0, 0, 12, 12, 12</column>
<column name="add_ln1355_16_fu_10518_p2">+, 0, 0, 12, 12, 12</column>
<column name="add_ln1355_17_fu_10601_p2">+, 0, 0, 12, 12, 12</column>
<column name="add_ln1355_18_fu_10659_p2">+, 0, 0, 12, 12, 12</column>
<column name="add_ln1355_19_fu_10704_p2">+, 0, 0, 12, 12, 12</column>
<column name="add_ln1355_1_fu_8878_p2">+, 0, 0, 15, 9, 9</column>
<column name="add_ln1355_20_fu_10775_p2">+, 0, 0, 12, 12, 12</column>
<column name="add_ln1355_21_fu_10820_p2">+, 0, 0, 12, 12, 12</column>
<column name="add_ln1355_22_fu_10878_p2">+, 0, 0, 12, 12, 12</column>
<column name="add_ln1355_23_fu_10923_p2">+, 0, 0, 12, 12, 12</column>
<column name="add_ln1355_24_fu_10994_p2">+, 0, 0, 12, 12, 12</column>
<column name="add_ln1355_25_fu_11051_p2">+, 0, 0, 12, 12, 12</column>
<column name="add_ln1355_26_fu_11109_p2">+, 0, 0, 12, 12, 12</column>
<column name="add_ln1355_27_fu_11154_p2">+, 0, 0, 12, 12, 12</column>
<column name="add_ln1355_28_fu_11225_p2">+, 0, 0, 12, 12, 12</column>
<column name="add_ln1355_29_fu_11270_p2">+, 0, 0, 12, 12, 12</column>
<column name="add_ln1355_2_fu_8889_p2">+, 0, 0, 15, 9, 9</column>
<column name="add_ln1355_30_fu_11280_p2">+, 0, 0, 12, 12, 12</column>
<column name="add_ln1355_31_fu_12261_p2">+, 0, 0, 17, 13, 13</column>
<column name="add_ln1355_32_fu_12333_p2">+, 0, 0, 17, 13, 13</column>
<column name="add_ln1355_33_fu_12429_p2">+, 0, 0, 17, 13, 13</column>
<column name="add_ln1355_34_fu_12487_p2">+, 0, 0, 17, 13, 13</column>
<column name="add_ln1355_35_fu_12532_p2">+, 0, 0, 17, 13, 13</column>
<column name="add_ln1355_36_fu_12603_p2">+, 0, 0, 17, 13, 13</column>
<column name="add_ln1355_37_fu_12648_p2">+, 0, 0, 17, 13, 13</column>
<column name="add_ln1355_38_fu_12706_p2">+, 0, 0, 17, 13, 13</column>
<column name="add_ln1355_39_fu_12751_p2">+, 0, 0, 17, 13, 13</column>
<column name="add_ln1355_3_fu_9098_p2">+, 0, 0, 14, 10, 10</column>
<column name="add_ln1355_40_fu_12822_p2">+, 0, 0, 17, 13, 13</column>
<column name="add_ln1355_41_fu_12879_p2">+, 0, 0, 17, 13, 13</column>
<column name="add_ln1355_42_fu_12937_p2">+, 0, 0, 17, 13, 13</column>
<column name="add_ln1355_43_fu_12982_p2">+, 0, 0, 17, 13, 13</column>
<column name="add_ln1355_44_fu_13053_p2">+, 0, 0, 17, 13, 13</column>
<column name="add_ln1355_45_fu_13098_p2">+, 0, 0, 17, 13, 13</column>
<column name="add_ln1355_46_fu_13156_p2">+, 0, 0, 17, 13, 13</column>
<column name="add_ln1355_47_fu_13201_p2">+, 0, 0, 17, 13, 13</column>
<column name="add_ln1355_48_fu_13272_p2">+, 0, 0, 17, 13, 13</column>
<column name="add_ln1355_49_fu_13342_p2">+, 0, 0, 17, 13, 13</column>
<column name="add_ln1355_4_fu_9170_p2">+, 0, 0, 14, 10, 10</column>
<column name="add_ln1355_50_fu_13400_p2">+, 0, 0, 17, 13, 13</column>
<column name="add_ln1355_51_fu_13445_p2">+, 0, 0, 17, 13, 13</column>
<column name="add_ln1355_52_fu_13516_p2">+, 0, 0, 17, 13, 13</column>
<column name="add_ln1355_53_fu_13561_p2">+, 0, 0, 17, 13, 13</column>
<column name="add_ln1355_54_fu_13619_p2">+, 0, 0, 17, 13, 13</column>
<column name="add_ln1355_55_fu_13664_p2">+, 0, 0, 17, 13, 13</column>
<column name="add_ln1355_56_fu_13735_p2">+, 0, 0, 17, 13, 13</column>
<column name="add_ln1355_57_fu_13792_p2">+, 0, 0, 17, 13, 13</column>
<column name="add_ln1355_58_fu_13850_p2">+, 0, 0, 17, 13, 13</column>
<column name="add_ln1355_59_fu_13895_p2">+, 0, 0, 17, 13, 13</column>
<column name="add_ln1355_5_fu_9227_p2">+, 0, 0, 14, 10, 10</column>
<column name="add_ln1355_60_fu_13966_p2">+, 0, 0, 17, 13, 13</column>
<column name="add_ln1355_61_fu_14011_p2">+, 0, 0, 17, 13, 13</column>
<column name="add_ln1355_62_fu_14069_p2">+, 0, 0, 17, 13, 13</column>
<column name="add_ln1355_6_fu_9285_p2">+, 0, 0, 14, 10, 10</column>
<column name="add_ln1355_7_fu_9545_p2">+, 0, 0, 13, 11, 11</column>
<column name="add_ln1355_8_fu_9617_p2">+, 0, 0, 13, 11, 11</column>
<column name="add_ln1355_9_fu_9687_p2">+, 0, 0, 13, 11, 11</column>
<column name="add_ln1355_fu_8772_p2">+, 0, 0, 15, 8, 8</column>
<column name="add_ln321_fu_11285_p2">+, 0, 0, 12, 12, 12</column>
<column name="add_ln700_100_fu_11666_p2">+, 0, 0, 13, 4, 4</column>
<column name="add_ln700_101_fu_11709_p2">+, 0, 0, 10, 2, 2</column>
<column name="add_ln700_102_fu_11755_p2">+, 0, 0, 10, 2, 2</column>
<column name="add_ln700_103_fu_11765_p2">+, 0, 0, 12, 3, 3</column>
<column name="add_ln700_104_fu_11808_p2">+, 0, 0, 10, 2, 2</column>
<column name="add_ln700_105_fu_11857_p2">+, 0, 0, 10, 2, 2</column>
<column name="add_ln700_106_fu_11867_p2">+, 0, 0, 12, 3, 3</column>
<column name="add_ln700_107_fu_11877_p2">+, 0, 0, 13, 4, 4</column>
<column name="add_ln700_108_fu_11926_p2">+, 0, 0, 15, 5, 5</column>
<column name="add_ln700_109_fu_11932_p2">+, 0, 0, 10, 2, 2</column>
<column name="add_ln700_10_fu_9079_p2">+, 0, 0, 10, 2, 2</column>
<column name="add_ln700_110_fu_11978_p2">+, 0, 0, 10, 2, 2</column>
<column name="add_ln700_111_fu_11988_p2">+, 0, 0, 12, 3, 3</column>
<column name="add_ln700_112_fu_12031_p2">+, 0, 0, 10, 2, 2</column>
<column name="add_ln700_113_fu_12080_p2">+, 0, 0, 10, 2, 2</column>
<column name="add_ln700_114_fu_12090_p2">+, 0, 0, 12, 3, 3</column>
<column name="add_ln700_115_fu_12100_p2">+, 0, 0, 13, 4, 4</column>
<column name="add_ln700_116_fu_12143_p2">+, 0, 0, 10, 2, 2</column>
<column name="add_ln700_117_fu_12189_p2">+, 0, 0, 10, 2, 2</column>
<column name="add_ln700_118_fu_12199_p2">+, 0, 0, 12, 3, 3</column>
<column name="add_ln700_119_fu_12242_p2">+, 0, 0, 10, 2, 2</column>
<column name="add_ln700_11_fu_9135_p2">+, 0, 0, 10, 2, 2</column>
<column name="add_ln700_120_fu_12298_p2">+, 0, 0, 10, 2, 2</column>
<column name="add_ln700_121_fu_12308_p2">+, 0, 0, 12, 3, 3</column>
<column name="add_ln700_122_fu_12318_p2">+, 0, 0, 13, 4, 4</column>
<column name="add_ln700_123_fu_12378_p2">+, 0, 0, 15, 5, 5</column>
<column name="add_ln700_124_fu_12388_p2">+, 0, 0, 15, 6, 6</column>
<column name="add_ln700_125_fu_12398_p2">+, 0, 0, 15, 7, 7</column>
<column name="add_ln700_126_fu_12408_p2">+, 0, 0, 15, 8, 8</column>
<column name="add_ln700_127_fu_12414_p2">+, 0, 0, 10, 2, 2</column>
<column name="add_ln700_128_fu_12462_p2">+, 0, 0, 10, 2, 2</column>
<column name="add_ln700_129_fu_12472_p2">+, 0, 0, 12, 3, 3</column>
<column name="add_ln700_12_fu_9145_p2">+, 0, 0, 12, 3, 3</column>
<column name="add_ln700_130_fu_12517_p2">+, 0, 0, 10, 2, 2</column>
<column name="add_ln700_131_fu_12568_p2">+, 0, 0, 10, 2, 2</column>
<column name="add_ln700_132_fu_12578_p2">+, 0, 0, 12, 3, 3</column>
<column name="add_ln700_133_fu_12588_p2">+, 0, 0, 13, 4, 4</column>
<column name="add_ln700_134_fu_12633_p2">+, 0, 0, 10, 2, 2</column>
<column name="add_ln700_135_fu_12681_p2">+, 0, 0, 10, 2, 2</column>
<column name="add_ln700_136_fu_12691_p2">+, 0, 0, 12, 3, 3</column>
<column name="add_ln700_137_fu_12736_p2">+, 0, 0, 10, 2, 2</column>
<column name="add_ln700_138_fu_12787_p2">+, 0, 0, 10, 2, 2</column>
<column name="add_ln700_139_fu_12797_p2">+, 0, 0, 12, 3, 3</column>
<column name="add_ln700_13_fu_9155_p2">+, 0, 0, 13, 4, 4</column>
<column name="add_ln700_140_fu_12807_p2">+, 0, 0, 13, 4, 4</column>
<column name="add_ln700_141_fu_12858_p2">+, 0, 0, 15, 5, 5</column>
<column name="add_ln700_142_fu_12864_p2">+, 0, 0, 10, 2, 2</column>
<column name="add_ln700_143_fu_12912_p2">+, 0, 0, 10, 2, 2</column>
<column name="add_ln700_144_fu_12922_p2">+, 0, 0, 12, 3, 3</column>
<column name="add_ln700_145_fu_12967_p2">+, 0, 0, 10, 2, 2</column>
<column name="add_ln700_146_fu_13018_p2">+, 0, 0, 10, 2, 2</column>
<column name="add_ln700_147_fu_13028_p2">+, 0, 0, 12, 3, 3</column>
<column name="add_ln700_148_fu_13038_p2">+, 0, 0, 13, 4, 4</column>
<column name="add_ln700_149_fu_13083_p2">+, 0, 0, 10, 2, 2</column>
<column name="add_ln700_14_fu_9206_p2">+, 0, 0, 15, 5, 5</column>
<column name="add_ln700_150_fu_13131_p2">+, 0, 0, 10, 2, 2</column>
<column name="add_ln700_151_fu_13141_p2">+, 0, 0, 12, 3, 3</column>
<column name="add_ln700_152_fu_13186_p2">+, 0, 0, 10, 2, 2</column>
<column name="add_ln700_153_fu_13237_p2">+, 0, 0, 10, 2, 2</column>
<column name="add_ln700_154_fu_13247_p2">+, 0, 0, 12, 3, 3</column>
<column name="add_ln700_155_fu_13257_p2">+, 0, 0, 13, 4, 4</column>
<column name="add_ln700_156_fu_13311_p2">+, 0, 0, 15, 5, 5</column>
<column name="add_ln700_157_fu_13321_p2">+, 0, 0, 15, 6, 6</column>
<column name="add_ln700_158_fu_13327_p2">+, 0, 0, 10, 2, 2</column>
<column name="add_ln700_159_fu_13375_p2">+, 0, 0, 10, 2, 2</column>
<column name="add_ln700_15_fu_9212_p2">+, 0, 0, 10, 2, 2</column>
<column name="add_ln700_160_fu_13385_p2">+, 0, 0, 12, 3, 3</column>
<column name="add_ln700_161_fu_13430_p2">+, 0, 0, 10, 2, 2</column>
<column name="add_ln700_162_fu_13481_p2">+, 0, 0, 10, 2, 2</column>
<column name="add_ln700_163_fu_13491_p2">+, 0, 0, 12, 3, 3</column>
<column name="add_ln700_164_fu_13501_p2">+, 0, 0, 13, 4, 4</column>
<column name="add_ln700_165_fu_13546_p2">+, 0, 0, 10, 2, 2</column>
<column name="add_ln700_166_fu_13594_p2">+, 0, 0, 10, 2, 2</column>
<column name="add_ln700_167_fu_13604_p2">+, 0, 0, 12, 3, 3</column>
<column name="add_ln700_168_fu_13649_p2">+, 0, 0, 10, 2, 2</column>
<column name="add_ln700_169_fu_13700_p2">+, 0, 0, 10, 2, 2</column>
<column name="add_ln700_16_fu_9260_p2">+, 0, 0, 10, 2, 2</column>
<column name="add_ln700_170_fu_13710_p2">+, 0, 0, 12, 3, 3</column>
<column name="add_ln700_171_fu_13720_p2">+, 0, 0, 13, 4, 4</column>
<column name="add_ln700_172_fu_13771_p2">+, 0, 0, 15, 5, 5</column>
<column name="add_ln700_173_fu_13777_p2">+, 0, 0, 10, 2, 2</column>
<column name="add_ln700_174_fu_13825_p2">+, 0, 0, 10, 2, 2</column>
<column name="add_ln700_175_fu_13835_p2">+, 0, 0, 12, 3, 3</column>
<column name="add_ln700_176_fu_13880_p2">+, 0, 0, 10, 2, 2</column>
<column name="add_ln700_177_fu_13931_p2">+, 0, 0, 10, 2, 2</column>
<column name="add_ln700_178_fu_13941_p2">+, 0, 0, 12, 3, 3</column>
<column name="add_ln700_179_fu_13951_p2">+, 0, 0, 13, 4, 4</column>
<column name="add_ln700_17_fu_9270_p2">+, 0, 0, 12, 3, 3</column>
<column name="add_ln700_180_fu_13996_p2">+, 0, 0, 10, 2, 2</column>
<column name="add_ln700_181_fu_14044_p2">+, 0, 0, 10, 2, 2</column>
<column name="add_ln700_182_fu_14054_p2">+, 0, 0, 12, 3, 3</column>
<column name="add_ln700_183_fu_14099_p2">+, 0, 0, 10, 2, 2</column>
<column name="add_ln700_184_fu_14148_p2">+, 0, 0, 10, 2, 2</column>
<column name="add_ln700_185_fu_14158_p2">+, 0, 0, 12, 3, 3</column>
<column name="add_ln700_186_fu_14168_p2">+, 0, 0, 13, 4, 4</column>
<column name="add_ln700_187_fu_14223_p2">+, 0, 0, 15, 5, 5</column>
<column name="add_ln700_188_fu_14233_p2">+, 0, 0, 15, 6, 6</column>
<column name="add_ln700_189_fu_14243_p2">+, 0, 0, 15, 7, 7</column>
<column name="add_ln700_18_fu_9315_p2">+, 0, 0, 10, 2, 2</column>
<column name="add_ln700_190_fu_14249_p2">+, 0, 0, 10, 2, 2</column>
<column name="add_ln700_191_fu_14295_p2">+, 0, 0, 10, 2, 2</column>
<column name="add_ln700_192_fu_14305_p2">+, 0, 0, 12, 3, 3</column>
<column name="add_ln700_193_fu_14348_p2">+, 0, 0, 10, 2, 2</column>
<column name="add_ln700_194_fu_14397_p2">+, 0, 0, 10, 2, 2</column>
<column name="add_ln700_195_fu_14407_p2">+, 0, 0, 12, 3, 3</column>
<column name="add_ln700_196_fu_14417_p2">+, 0, 0, 13, 4, 4</column>
<column name="add_ln700_197_fu_14460_p2">+, 0, 0, 10, 2, 2</column>
<column name="add_ln700_198_fu_14506_p2">+, 0, 0, 10, 2, 2</column>
<column name="add_ln700_199_fu_14516_p2">+, 0, 0, 12, 3, 3</column>
<column name="add_ln700_19_fu_9364_p2">+, 0, 0, 10, 2, 2</column>
<column name="add_ln700_1_fu_8806_p2">+, 0, 0, 10, 2, 2</column>
<column name="add_ln700_200_fu_14559_p2">+, 0, 0, 10, 2, 2</column>
<column name="add_ln700_201_fu_14608_p2">+, 0, 0, 10, 2, 2</column>
<column name="add_ln700_202_fu_14618_p2">+, 0, 0, 12, 3, 3</column>
<column name="add_ln700_203_fu_14628_p2">+, 0, 0, 13, 4, 4</column>
<column name="add_ln700_204_fu_14677_p2">+, 0, 0, 15, 5, 5</column>
<column name="add_ln700_205_fu_14683_p2">+, 0, 0, 10, 2, 2</column>
<column name="add_ln700_206_fu_14729_p2">+, 0, 0, 10, 2, 2</column>
<column name="add_ln700_207_fu_14739_p2">+, 0, 0, 12, 3, 3</column>
<column name="add_ln700_208_fu_14782_p2">+, 0, 0, 10, 2, 2</column>
<column name="add_ln700_209_fu_14831_p2">+, 0, 0, 10, 2, 2</column>
<column name="add_ln700_20_fu_9374_p2">+, 0, 0, 12, 3, 3</column>
<column name="add_ln700_210_fu_14841_p2">+, 0, 0, 12, 3, 3</column>
<column name="add_ln700_211_fu_14851_p2">+, 0, 0, 13, 4, 4</column>
<column name="add_ln700_212_fu_14894_p2">+, 0, 0, 10, 2, 2</column>
<column name="add_ln700_213_fu_14940_p2">+, 0, 0, 10, 2, 2</column>
<column name="add_ln700_214_fu_14950_p2">+, 0, 0, 12, 3, 3</column>
<column name="add_ln700_215_fu_14993_p2">+, 0, 0, 10, 2, 2</column>
<column name="add_ln700_216_fu_15042_p2">+, 0, 0, 10, 2, 2</column>
<column name="add_ln700_217_fu_15052_p2">+, 0, 0, 12, 3, 3</column>
<column name="add_ln700_218_fu_15062_p2">+, 0, 0, 13, 4, 4</column>
<column name="add_ln700_219_fu_15114_p2">+, 0, 0, 15, 5, 5</column>
<column name="add_ln700_21_fu_9384_p2">+, 0, 0, 13, 4, 4</column>
<column name="add_ln700_220_fu_15124_p2">+, 0, 0, 15, 6, 6</column>
<column name="add_ln700_221_fu_15130_p2">+, 0, 0, 10, 2, 2</column>
<column name="add_ln700_222_fu_15176_p2">+, 0, 0, 10, 2, 2</column>
<column name="add_ln700_223_fu_15186_p2">+, 0, 0, 12, 3, 3</column>
<column name="add_ln700_224_fu_15229_p2">+, 0, 0, 10, 2, 2</column>
<column name="add_ln700_225_fu_15278_p2">+, 0, 0, 10, 2, 2</column>
<column name="add_ln700_226_fu_15288_p2">+, 0, 0, 12, 3, 3</column>
<column name="add_ln700_227_fu_15298_p2">+, 0, 0, 13, 4, 4</column>
<column name="add_ln700_228_fu_15341_p2">+, 0, 0, 10, 2, 2</column>
<column name="add_ln700_229_fu_15387_p2">+, 0, 0, 10, 2, 2</column>
<column name="add_ln700_22_fu_9427_p2">+, 0, 0, 10, 2, 2</column>
<column name="add_ln700_230_fu_15397_p2">+, 0, 0, 12, 3, 3</column>
<column name="add_ln700_231_fu_15440_p2">+, 0, 0, 10, 2, 2</column>
<column name="add_ln700_232_fu_15489_p2">+, 0, 0, 10, 2, 2</column>
<column name="add_ln700_233_fu_15499_p2">+, 0, 0, 12, 3, 3</column>
<column name="add_ln700_234_fu_15509_p2">+, 0, 0, 13, 4, 4</column>
<column name="add_ln700_235_fu_15558_p2">+, 0, 0, 15, 5, 5</column>
<column name="add_ln700_236_fu_15564_p2">+, 0, 0, 10, 2, 2</column>
<column name="add_ln700_237_fu_15610_p2">+, 0, 0, 10, 2, 2</column>
<column name="add_ln700_238_fu_15620_p2">+, 0, 0, 12, 3, 3</column>
<column name="add_ln700_239_fu_15663_p2">+, 0, 0, 10, 2, 2</column>
<column name="add_ln700_23_fu_9473_p2">+, 0, 0, 10, 2, 2</column>
<column name="add_ln700_240_fu_15712_p2">+, 0, 0, 10, 2, 2</column>
<column name="add_ln700_241_fu_15722_p2">+, 0, 0, 12, 3, 3</column>
<column name="add_ln700_242_fu_15732_p2">+, 0, 0, 13, 4, 4</column>
<column name="add_ln700_243_fu_15775_p2">+, 0, 0, 10, 2, 2</column>
<column name="add_ln700_244_fu_15821_p2">+, 0, 0, 10, 2, 2</column>
<column name="add_ln700_245_fu_15831_p2">+, 0, 0, 12, 3, 3</column>
<column name="add_ln700_246_fu_15874_p2">+, 0, 0, 10, 2, 2</column>
<column name="add_ln700_247_fu_15906_p2">+, 0, 0, 10, 2, 2</column>
<column name="add_ln700_248_fu_15916_p2">+, 0, 0, 12, 3, 3</column>
<column name="add_ln700_249_fu_15926_p2">+, 0, 0, 13, 4, 4</column>
<column name="add_ln700_24_fu_9483_p2">+, 0, 0, 12, 3, 3</column>
<column name="add_ln700_250_fu_15947_p2">+, 0, 0, 15, 5, 5</column>
<column name="add_ln700_251_fu_15957_p2">+, 0, 0, 15, 6, 6</column>
<column name="add_ln700_252_fu_15967_p2">+, 0, 0, 15, 7, 7</column>
<column name="add_ln700_253_fu_15977_p2">+, 0, 0, 15, 8, 8</column>
<column name="add_ln700_25_fu_9526_p2">+, 0, 0, 10, 2, 2</column>
<column name="add_ln700_26_fu_9582_p2">+, 0, 0, 10, 2, 2</column>
<column name="add_ln700_27_fu_9592_p2">+, 0, 0, 12, 3, 3</column>
<column name="add_ln700_28_fu_9602_p2">+, 0, 0, 13, 4, 4</column>
<column name="add_ln700_29_fu_9656_p2">+, 0, 0, 15, 5, 5</column>
<column name="add_ln700_2_fu_8816_p2">+, 0, 0, 12, 3, 3</column>
<column name="add_ln700_30_fu_9666_p2">+, 0, 0, 15, 6, 6</column>
<column name="add_ln700_31_fu_9672_p2">+, 0, 0, 10, 2, 2</column>
<column name="add_ln700_32_fu_9720_p2">+, 0, 0, 10, 2, 2</column>
<column name="add_ln700_33_fu_9730_p2">+, 0, 0, 12, 3, 3</column>
<column name="add_ln700_34_fu_9775_p2">+, 0, 0, 10, 2, 2</column>
<column name="add_ln700_35_fu_9826_p2">+, 0, 0, 10, 2, 2</column>
<column name="add_ln700_36_fu_9836_p2">+, 0, 0, 12, 3, 3</column>
<column name="add_ln700_37_fu_9846_p2">+, 0, 0, 13, 4, 4</column>
<column name="add_ln700_38_fu_9891_p2">+, 0, 0, 10, 2, 2</column>
<column name="add_ln700_39_fu_9944_p2">+, 0, 0, 10, 2, 2</column>
<column name="add_ln700_3_fu_8859_p2">+, 0, 0, 10, 2, 2</column>
<column name="add_ln700_40_fu_9954_p2">+, 0, 0, 12, 3, 3</column>
<column name="add_ln700_41_fu_9993_p2">+, 0, 0, 10, 2, 2</column>
<column name="add_ln700_42_fu_10042_p2">+, 0, 0, 10, 2, 2</column>
<column name="add_ln700_43_fu_10052_p2">+, 0, 0, 12, 3, 3</column>
<column name="add_ln700_44_fu_10062_p2">+, 0, 0, 13, 4, 4</column>
<column name="add_ln700_45_fu_10111_p2">+, 0, 0, 15, 5, 5</column>
<column name="add_ln700_46_fu_10117_p2">+, 0, 0, 10, 2, 2</column>
<column name="add_ln700_47_fu_10163_p2">+, 0, 0, 10, 2, 2</column>
<column name="add_ln700_48_fu_10173_p2">+, 0, 0, 12, 3, 3</column>
<column name="add_ln700_49_fu_10216_p2">+, 0, 0, 10, 2, 2</column>
<column name="add_ln700_4_fu_8921_p2">+, 0, 0, 10, 2, 2</column>
<column name="add_ln700_50_fu_10265_p2">+, 0, 0, 10, 2, 2</column>
<column name="add_ln700_51_fu_10275_p2">+, 0, 0, 12, 3, 3</column>
<column name="add_ln700_52_fu_10285_p2">+, 0, 0, 13, 4, 4</column>
<column name="add_ln700_53_fu_10328_p2">+, 0, 0, 10, 2, 2</column>
<column name="add_ln700_54_fu_10374_p2">+, 0, 0, 10, 2, 2</column>
<column name="add_ln700_55_fu_10384_p2">+, 0, 0, 12, 3, 3</column>
<column name="add_ln700_56_fu_10427_p2">+, 0, 0, 10, 2, 2</column>
<column name="add_ln700_57_fu_10483_p2">+, 0, 0, 10, 2, 2</column>
<column name="add_ln700_58_fu_10493_p2">+, 0, 0, 12, 3, 3</column>
<column name="add_ln700_59_fu_10503_p2">+, 0, 0, 13, 4, 4</column>
<column name="add_ln700_5_fu_8931_p2">+, 0, 0, 12, 3, 3</column>
<column name="add_ln700_60_fu_10560_p2">+, 0, 0, 15, 5, 5</column>
<column name="add_ln700_61_fu_10570_p2">+, 0, 0, 15, 6, 6</column>
<column name="add_ln700_62_fu_10580_p2">+, 0, 0, 15, 7, 7</column>
<column name="add_ln700_63_fu_10586_p2">+, 0, 0, 10, 2, 2</column>
<column name="add_ln700_64_fu_10634_p2">+, 0, 0, 10, 2, 2</column>
<column name="add_ln700_65_fu_10644_p2">+, 0, 0, 12, 3, 3</column>
<column name="add_ln700_66_fu_10689_p2">+, 0, 0, 10, 2, 2</column>
<column name="add_ln700_67_fu_10740_p2">+, 0, 0, 10, 2, 2</column>
<column name="add_ln700_68_fu_10750_p2">+, 0, 0, 12, 3, 3</column>
<column name="add_ln700_69_fu_10760_p2">+, 0, 0, 13, 4, 4</column>
<column name="add_ln700_6_fu_8941_p2">+, 0, 0, 13, 4, 4</column>
<column name="add_ln700_70_fu_10805_p2">+, 0, 0, 10, 2, 2</column>
<column name="add_ln700_71_fu_10853_p2">+, 0, 0, 10, 2, 2</column>
<column name="add_ln700_72_fu_10863_p2">+, 0, 0, 12, 3, 3</column>
<column name="add_ln700_73_fu_10908_p2">+, 0, 0, 10, 2, 2</column>
<column name="add_ln700_74_fu_10959_p2">+, 0, 0, 10, 2, 2</column>
<column name="add_ln700_75_fu_10969_p2">+, 0, 0, 12, 3, 3</column>
<column name="add_ln700_76_fu_10979_p2">+, 0, 0, 13, 4, 4</column>
<column name="add_ln700_77_fu_11030_p2">+, 0, 0, 15, 5, 5</column>
<column name="add_ln700_78_fu_11036_p2">+, 0, 0, 10, 2, 2</column>
<column name="add_ln700_79_fu_11084_p2">+, 0, 0, 10, 2, 2</column>
<column name="add_ln700_7_fu_8980_p2">+, 0, 0, 10, 2, 2</column>
<column name="add_ln700_80_fu_11094_p2">+, 0, 0, 12, 3, 3</column>
<column name="add_ln700_81_fu_11139_p2">+, 0, 0, 10, 2, 2</column>
<column name="add_ln700_82_fu_11190_p2">+, 0, 0, 10, 2, 2</column>
<column name="add_ln700_83_fu_11200_p2">+, 0, 0, 12, 3, 3</column>
<column name="add_ln700_84_fu_11210_p2">+, 0, 0, 13, 4, 4</column>
<column name="add_ln700_85_fu_11255_p2">+, 0, 0, 10, 2, 2</column>
<column name="add_ln700_86_fu_11312_p2">+, 0, 0, 10, 2, 2</column>
<column name="add_ln700_87_fu_11322_p2">+, 0, 0, 12, 3, 3</column>
<column name="add_ln700_88_fu_11361_p2">+, 0, 0, 10, 2, 2</column>
<column name="add_ln700_89_fu_11410_p2">+, 0, 0, 10, 2, 2</column>
<column name="add_ln700_8_fu_9026_p2">+, 0, 0, 10, 2, 2</column>
<column name="add_ln700_90_fu_11420_p2">+, 0, 0, 12, 3, 3</column>
<column name="add_ln700_91_fu_11430_p2">+, 0, 0, 13, 4, 4</column>
<column name="add_ln700_92_fu_11482_p2">+, 0, 0, 15, 5, 5</column>
<column name="add_ln700_93_fu_11492_p2">+, 0, 0, 15, 6, 6</column>
<column name="add_ln700_94_fu_11498_p2">+, 0, 0, 10, 2, 2</column>
<column name="add_ln700_95_fu_11544_p2">+, 0, 0, 10, 2, 2</column>
<column name="add_ln700_96_fu_11554_p2">+, 0, 0, 12, 3, 3</column>
<column name="add_ln700_97_fu_11597_p2">+, 0, 0, 10, 2, 2</column>
<column name="add_ln700_98_fu_11646_p2">+, 0, 0, 10, 2, 2</column>
<column name="add_ln700_99_fu_11656_p2">+, 0, 0, 12, 3, 3</column>
<column name="add_ln700_9_fu_9036_p2">+, 0, 0, 12, 3, 3</column>
<column name="add_ln700_fu_8753_p2">+, 0, 0, 10, 2, 2</column>
<column name="i_fu_4832_p2">+, 0, 0, 15, 6, 1</column>
<column name="j_fu_8694_p2">+, 0, 0, 15, 6, 1</column>
<column name="matriceC_V_d0">+, 0, 0, 15, 9, 9</column>
<column name="and_ln1355_100_fu_11577_p2">and, 0, 0, 2, 1, 1</column>
<column name="and_ln1355_101_fu_11587_p2">and, 0, 0, 2, 1, 1</column>
<column name="and_ln1355_102_fu_11620_p2">and, 0, 0, 2, 1, 1</column>
<column name="and_ln1355_103_fu_11630_p2">and, 0, 0, 2, 1, 1</column>
<column name="and_ln1355_104_fu_11689_p2">and, 0, 0, 2, 1, 1</column>
<column name="and_ln1355_105_fu_11699_p2">and, 0, 0, 2, 1, 1</column>
<column name="and_ln1355_106_fu_11732_p2">and, 0, 0, 2, 1, 1</column>
<column name="and_ln1355_107_fu_11742_p2">and, 0, 0, 2, 1, 1</column>
<column name="and_ln1355_108_fu_11788_p2">and, 0, 0, 2, 1, 1</column>
<column name="and_ln1355_109_fu_11798_p2">and, 0, 0, 2, 1, 1</column>
<column name="and_ln1355_10_fu_9003_p2">and, 0, 0, 2, 1, 1</column>
<column name="and_ln1355_110_fu_11831_p2">and, 0, 0, 2, 1, 1</column>
<column name="and_ln1355_111_fu_11841_p2">and, 0, 0, 2, 1, 1</column>
<column name="and_ln1355_112_fu_11900_p2">and, 0, 0, 2, 1, 1</column>
<column name="and_ln1355_113_fu_11910_p2">and, 0, 0, 2, 1, 1</column>
<column name="and_ln1355_114_fu_11955_p2">and, 0, 0, 2, 1, 1</column>
<column name="and_ln1355_115_fu_11965_p2">and, 0, 0, 2, 1, 1</column>
<column name="and_ln1355_116_fu_12011_p2">and, 0, 0, 2, 1, 1</column>
<column name="and_ln1355_117_fu_12021_p2">and, 0, 0, 2, 1, 1</column>
<column name="and_ln1355_118_fu_12054_p2">and, 0, 0, 2, 1, 1</column>
<column name="and_ln1355_119_fu_12064_p2">and, 0, 0, 2, 1, 1</column>
<column name="and_ln1355_11_fu_9013_p2">and, 0, 0, 2, 1, 1</column>
<column name="and_ln1355_120_fu_12123_p2">and, 0, 0, 2, 1, 1</column>
<column name="and_ln1355_121_fu_12133_p2">and, 0, 0, 2, 1, 1</column>
<column name="and_ln1355_122_fu_12166_p2">and, 0, 0, 2, 1, 1</column>
<column name="and_ln1355_123_fu_12176_p2">and, 0, 0, 2, 1, 1</column>
<column name="and_ln1355_124_fu_12222_p2">and, 0, 0, 2, 1, 1</column>
<column name="and_ln1355_125_fu_12232_p2">and, 0, 0, 2, 1, 1</column>
<column name="and_ln1355_126_fu_12272_p2">and, 0, 0, 2, 1, 1</column>
<column name="and_ln1355_127_fu_12282_p2">and, 0, 0, 2, 1, 1</column>
<column name="and_ln1355_128_fu_12343_p2">and, 0, 0, 2, 1, 1</column>
<column name="and_ln1355_129_fu_12353_p2">and, 0, 0, 2, 1, 1</column>
<column name="and_ln1355_12_fu_9059_p2">and, 0, 0, 2, 1, 1</column>
<column name="and_ln1355_130_fu_12439_p2">and, 0, 0, 2, 1, 1</column>
<column name="and_ln1355_131_fu_12449_p2">and, 0, 0, 2, 1, 1</column>
<column name="and_ln1355_132_fu_12497_p2">and, 0, 0, 2, 1, 1</column>
<column name="and_ln1355_133_fu_12507_p2">and, 0, 0, 2, 1, 1</column>
<column name="and_ln1355_134_fu_12542_p2">and, 0, 0, 2, 1, 1</column>
<column name="and_ln1355_135_fu_12552_p2">and, 0, 0, 2, 1, 1</column>
<column name="and_ln1355_136_fu_12613_p2">and, 0, 0, 2, 1, 1</column>
<column name="and_ln1355_137_fu_12623_p2">and, 0, 0, 2, 1, 1</column>
<column name="and_ln1355_138_fu_12658_p2">and, 0, 0, 2, 1, 1</column>
<column name="and_ln1355_139_fu_12668_p2">and, 0, 0, 2, 1, 1</column>
<column name="and_ln1355_13_fu_9069_p2">and, 0, 0, 2, 1, 1</column>
<column name="and_ln1355_140_fu_12716_p2">and, 0, 0, 2, 1, 1</column>
<column name="and_ln1355_141_fu_12726_p2">and, 0, 0, 2, 1, 1</column>
<column name="and_ln1355_142_fu_12761_p2">and, 0, 0, 2, 1, 1</column>
<column name="and_ln1355_143_fu_12771_p2">and, 0, 0, 2, 1, 1</column>
<column name="and_ln1355_144_fu_12832_p2">and, 0, 0, 2, 1, 1</column>
<column name="and_ln1355_145_fu_12842_p2">and, 0, 0, 2, 1, 1</column>
<column name="and_ln1355_146_fu_12889_p2">and, 0, 0, 2, 1, 1</column>
<column name="and_ln1355_147_fu_12899_p2">and, 0, 0, 2, 1, 1</column>
<column name="and_ln1355_148_fu_12947_p2">and, 0, 0, 2, 1, 1</column>
<column name="and_ln1355_149_fu_12957_p2">and, 0, 0, 2, 1, 1</column>
<column name="and_ln1355_14_fu_9109_p2">and, 0, 0, 2, 1, 1</column>
<column name="and_ln1355_150_fu_12992_p2">and, 0, 0, 2, 1, 1</column>
<column name="and_ln1355_151_fu_13002_p2">and, 0, 0, 2, 1, 1</column>
<column name="and_ln1355_152_fu_13063_p2">and, 0, 0, 2, 1, 1</column>
<column name="and_ln1355_153_fu_13073_p2">and, 0, 0, 2, 1, 1</column>
<column name="and_ln1355_154_fu_13108_p2">and, 0, 0, 2, 1, 1</column>
<column name="and_ln1355_155_fu_13118_p2">and, 0, 0, 2, 1, 1</column>
<column name="and_ln1355_156_fu_13166_p2">and, 0, 0, 2, 1, 1</column>
<column name="and_ln1355_157_fu_13176_p2">and, 0, 0, 2, 1, 1</column>
<column name="and_ln1355_158_fu_13211_p2">and, 0, 0, 2, 1, 1</column>
<column name="and_ln1355_159_fu_13221_p2">and, 0, 0, 2, 1, 1</column>
<column name="and_ln1355_15_fu_9119_p2">and, 0, 0, 2, 1, 1</column>
<column name="and_ln1355_160_fu_13282_p2">and, 0, 0, 2, 1, 1</column>
<column name="and_ln1355_161_fu_13292_p2">and, 0, 0, 2, 1, 1</column>
<column name="and_ln1355_162_fu_13352_p2">and, 0, 0, 2, 1, 1</column>
<column name="and_ln1355_163_fu_13362_p2">and, 0, 0, 2, 1, 1</column>
<column name="and_ln1355_164_fu_13410_p2">and, 0, 0, 2, 1, 1</column>
<column name="and_ln1355_165_fu_13420_p2">and, 0, 0, 2, 1, 1</column>
<column name="and_ln1355_166_fu_13455_p2">and, 0, 0, 2, 1, 1</column>
<column name="and_ln1355_167_fu_13465_p2">and, 0, 0, 2, 1, 1</column>
<column name="and_ln1355_168_fu_13526_p2">and, 0, 0, 2, 1, 1</column>
<column name="and_ln1355_169_fu_13536_p2">and, 0, 0, 2, 1, 1</column>
<column name="and_ln1355_16_fu_9180_p2">and, 0, 0, 2, 1, 1</column>
<column name="and_ln1355_170_fu_13571_p2">and, 0, 0, 2, 1, 1</column>
<column name="and_ln1355_171_fu_13581_p2">and, 0, 0, 2, 1, 1</column>
<column name="and_ln1355_172_fu_13629_p2">and, 0, 0, 2, 1, 1</column>
<column name="and_ln1355_173_fu_13639_p2">and, 0, 0, 2, 1, 1</column>
<column name="and_ln1355_174_fu_13674_p2">and, 0, 0, 2, 1, 1</column>
<column name="and_ln1355_175_fu_13684_p2">and, 0, 0, 2, 1, 1</column>
<column name="and_ln1355_176_fu_13745_p2">and, 0, 0, 2, 1, 1</column>
<column name="and_ln1355_177_fu_13755_p2">and, 0, 0, 2, 1, 1</column>
<column name="and_ln1355_178_fu_13802_p2">and, 0, 0, 2, 1, 1</column>
<column name="and_ln1355_179_fu_13812_p2">and, 0, 0, 2, 1, 1</column>
<column name="and_ln1355_17_fu_9190_p2">and, 0, 0, 2, 1, 1</column>
<column name="and_ln1355_180_fu_13860_p2">and, 0, 0, 2, 1, 1</column>
<column name="and_ln1355_181_fu_13870_p2">and, 0, 0, 2, 1, 1</column>
<column name="and_ln1355_182_fu_13905_p2">and, 0, 0, 2, 1, 1</column>
<column name="and_ln1355_183_fu_13915_p2">and, 0, 0, 2, 1, 1</column>
<column name="and_ln1355_184_fu_13976_p2">and, 0, 0, 2, 1, 1</column>
<column name="and_ln1355_185_fu_13986_p2">and, 0, 0, 2, 1, 1</column>
<column name="and_ln1355_186_fu_14021_p2">and, 0, 0, 2, 1, 1</column>
<column name="and_ln1355_187_fu_14031_p2">and, 0, 0, 2, 1, 1</column>
<column name="and_ln1355_188_fu_14079_p2">and, 0, 0, 2, 1, 1</column>
<column name="and_ln1355_189_fu_14089_p2">and, 0, 0, 2, 1, 1</column>
<column name="and_ln1355_18_fu_9237_p2">and, 0, 0, 2, 1, 1</column>
<column name="and_ln1355_190_fu_14122_p2">and, 0, 0, 2, 1, 1</column>
<column name="and_ln1355_191_fu_14132_p2">and, 0, 0, 2, 1, 1</column>
<column name="and_ln1355_192_fu_14191_p2">and, 0, 0, 2, 1, 1</column>
<column name="and_ln1355_193_fu_14201_p2">and, 0, 0, 2, 1, 1</column>
<column name="and_ln1355_194_fu_14272_p2">and, 0, 0, 2, 1, 1</column>
<column name="and_ln1355_195_fu_14282_p2">and, 0, 0, 2, 1, 1</column>
<column name="and_ln1355_196_fu_14328_p2">and, 0, 0, 2, 1, 1</column>
<column name="and_ln1355_197_fu_14338_p2">and, 0, 0, 2, 1, 1</column>
<column name="and_ln1355_198_fu_14371_p2">and, 0, 0, 2, 1, 1</column>
<column name="and_ln1355_199_fu_14381_p2">and, 0, 0, 2, 1, 1</column>
<column name="and_ln1355_19_fu_9247_p2">and, 0, 0, 2, 1, 1</column>
<column name="and_ln1355_1_fu_8743_p2">and, 0, 0, 2, 1, 1</column>
<column name="and_ln1355_200_fu_14440_p2">and, 0, 0, 2, 1, 1</column>
<column name="and_ln1355_201_fu_14450_p2">and, 0, 0, 2, 1, 1</column>
<column name="and_ln1355_202_fu_14483_p2">and, 0, 0, 2, 1, 1</column>
<column name="and_ln1355_203_fu_14493_p2">and, 0, 0, 2, 1, 1</column>
<column name="and_ln1355_204_fu_14539_p2">and, 0, 0, 2, 1, 1</column>
<column name="and_ln1355_205_fu_14549_p2">and, 0, 0, 2, 1, 1</column>
<column name="and_ln1355_206_fu_14582_p2">and, 0, 0, 2, 1, 1</column>
<column name="and_ln1355_207_fu_14592_p2">and, 0, 0, 2, 1, 1</column>
<column name="and_ln1355_208_fu_14651_p2">and, 0, 0, 2, 1, 1</column>
<column name="and_ln1355_209_fu_14661_p2">and, 0, 0, 2, 1, 1</column>
<column name="and_ln1355_20_fu_9295_p2">and, 0, 0, 2, 1, 1</column>
<column name="and_ln1355_210_fu_14706_p2">and, 0, 0, 2, 1, 1</column>
<column name="and_ln1355_211_fu_14716_p2">and, 0, 0, 2, 1, 1</column>
<column name="and_ln1355_212_fu_14762_p2">and, 0, 0, 2, 1, 1</column>
<column name="and_ln1355_213_fu_14772_p2">and, 0, 0, 2, 1, 1</column>
<column name="and_ln1355_214_fu_14805_p2">and, 0, 0, 2, 1, 1</column>
<column name="and_ln1355_215_fu_14815_p2">and, 0, 0, 2, 1, 1</column>
<column name="and_ln1355_216_fu_14874_p2">and, 0, 0, 2, 1, 1</column>
<column name="and_ln1355_217_fu_14884_p2">and, 0, 0, 2, 1, 1</column>
<column name="and_ln1355_218_fu_14917_p2">and, 0, 0, 2, 1, 1</column>
<column name="and_ln1355_219_fu_14927_p2">and, 0, 0, 2, 1, 1</column>
<column name="and_ln1355_21_fu_9305_p2">and, 0, 0, 2, 1, 1</column>
<column name="and_ln1355_220_fu_14973_p2">and, 0, 0, 2, 1, 1</column>
<column name="and_ln1355_221_fu_14983_p2">and, 0, 0, 2, 1, 1</column>
<column name="and_ln1355_222_fu_15016_p2">and, 0, 0, 2, 1, 1</column>
<column name="and_ln1355_223_fu_15026_p2">and, 0, 0, 2, 1, 1</column>
<column name="and_ln1355_224_fu_15085_p2">and, 0, 0, 2, 1, 1</column>
<column name="and_ln1355_225_fu_15095_p2">and, 0, 0, 2, 1, 1</column>
<column name="and_ln1355_226_fu_15153_p2">and, 0, 0, 2, 1, 1</column>
<column name="and_ln1355_227_fu_15163_p2">and, 0, 0, 2, 1, 1</column>
<column name="and_ln1355_228_fu_15209_p2">and, 0, 0, 2, 1, 1</column>
<column name="and_ln1355_229_fu_15219_p2">and, 0, 0, 2, 1, 1</column>
<column name="and_ln1355_22_fu_9338_p2">and, 0, 0, 2, 1, 1</column>
<column name="and_ln1355_230_fu_15252_p2">and, 0, 0, 2, 1, 1</column>
<column name="and_ln1355_231_fu_15262_p2">and, 0, 0, 2, 1, 1</column>
<column name="and_ln1355_232_fu_15321_p2">and, 0, 0, 2, 1, 1</column>
<column name="and_ln1355_233_fu_15331_p2">and, 0, 0, 2, 1, 1</column>
<column name="and_ln1355_234_fu_15364_p2">and, 0, 0, 2, 1, 1</column>
<column name="and_ln1355_235_fu_15374_p2">and, 0, 0, 2, 1, 1</column>
<column name="and_ln1355_236_fu_15420_p2">and, 0, 0, 2, 1, 1</column>
<column name="and_ln1355_237_fu_15430_p2">and, 0, 0, 2, 1, 1</column>
<column name="and_ln1355_238_fu_15463_p2">and, 0, 0, 2, 1, 1</column>
<column name="and_ln1355_239_fu_15473_p2">and, 0, 0, 2, 1, 1</column>
<column name="and_ln1355_23_fu_9348_p2">and, 0, 0, 2, 1, 1</column>
<column name="and_ln1355_240_fu_15532_p2">and, 0, 0, 2, 1, 1</column>
<column name="and_ln1355_241_fu_15542_p2">and, 0, 0, 2, 1, 1</column>
<column name="and_ln1355_242_fu_15587_p2">and, 0, 0, 2, 1, 1</column>
<column name="and_ln1355_243_fu_15597_p2">and, 0, 0, 2, 1, 1</column>
<column name="and_ln1355_244_fu_15643_p2">and, 0, 0, 2, 1, 1</column>
<column name="and_ln1355_245_fu_15653_p2">and, 0, 0, 2, 1, 1</column>
<column name="and_ln1355_246_fu_15686_p2">and, 0, 0, 2, 1, 1</column>
<column name="and_ln1355_247_fu_15696_p2">and, 0, 0, 2, 1, 1</column>
<column name="and_ln1355_248_fu_15755_p2">and, 0, 0, 2, 1, 1</column>
<column name="and_ln1355_249_fu_15765_p2">and, 0, 0, 2, 1, 1</column>
<column name="and_ln1355_24_fu_9407_p2">and, 0, 0, 2, 1, 1</column>
<column name="and_ln1355_250_fu_15798_p2">and, 0, 0, 2, 1, 1</column>
<column name="and_ln1355_251_fu_15808_p2">and, 0, 0, 2, 1, 1</column>
<column name="and_ln1355_252_fu_15854_p2">and, 0, 0, 2, 1, 1</column>
<column name="and_ln1355_253_fu_15864_p2">and, 0, 0, 2, 1, 1</column>
<column name="and_ln1355_254_fu_15880_p2">and, 0, 0, 2, 1, 1</column>
<column name="and_ln1355_255_fu_15890_p2">and, 0, 0, 2, 1, 1</column>
<column name="and_ln1355_25_fu_9417_p2">and, 0, 0, 2, 1, 1</column>
<column name="and_ln1355_26_fu_9450_p2">and, 0, 0, 2, 1, 1</column>
<column name="and_ln1355_27_fu_9460_p2">and, 0, 0, 2, 1, 1</column>
<column name="and_ln1355_28_fu_9506_p2">and, 0, 0, 2, 1, 1</column>
<column name="and_ln1355_29_fu_9516_p2">and, 0, 0, 2, 1, 1</column>
<column name="and_ln1355_2_fu_8783_p2">and, 0, 0, 2, 1, 1</column>
<column name="and_ln1355_30_fu_9556_p2">and, 0, 0, 2, 1, 1</column>
<column name="and_ln1355_31_fu_9566_p2">and, 0, 0, 2, 1, 1</column>
<column name="and_ln1355_32_fu_9627_p2">and, 0, 0, 2, 1, 1</column>
<column name="and_ln1355_33_fu_9637_p2">and, 0, 0, 2, 1, 1</column>
<column name="and_ln1355_34_fu_9697_p2">and, 0, 0, 2, 1, 1</column>
<column name="and_ln1355_35_fu_9707_p2">and, 0, 0, 2, 1, 1</column>
<column name="and_ln1355_36_fu_9755_p2">and, 0, 0, 2, 1, 1</column>
<column name="and_ln1355_37_fu_9765_p2">and, 0, 0, 2, 1, 1</column>
<column name="and_ln1355_38_fu_9800_p2">and, 0, 0, 2, 1, 1</column>
<column name="and_ln1355_39_fu_9810_p2">and, 0, 0, 2, 1, 1</column>
<column name="and_ln1355_3_fu_8793_p2">and, 0, 0, 2, 1, 1</column>
<column name="and_ln1355_40_fu_9871_p2">and, 0, 0, 2, 1, 1</column>
<column name="and_ln1355_41_fu_9881_p2">and, 0, 0, 2, 1, 1</column>
<column name="and_ln1355_42_fu_9921_p2">and, 0, 0, 2, 1, 1</column>
<column name="and_ln1355_43_fu_9931_p2">and, 0, 0, 2, 1, 1</column>
<column name="and_ln1355_44_fu_9973_p2">and, 0, 0, 2, 1, 1</column>
<column name="and_ln1355_45_fu_9983_p2">and, 0, 0, 2, 1, 1</column>
<column name="and_ln1355_46_fu_10016_p2">and, 0, 0, 2, 1, 1</column>
<column name="and_ln1355_47_fu_10026_p2">and, 0, 0, 2, 1, 1</column>
<column name="and_ln1355_48_fu_10085_p2">and, 0, 0, 2, 1, 1</column>
<column name="and_ln1355_49_fu_10095_p2">and, 0, 0, 2, 1, 1</column>
<column name="and_ln1355_4_fu_8839_p2">and, 0, 0, 2, 1, 1</column>
<column name="and_ln1355_50_fu_10140_p2">and, 0, 0, 2, 1, 1</column>
<column name="and_ln1355_51_fu_10150_p2">and, 0, 0, 2, 1, 1</column>
<column name="and_ln1355_52_fu_10196_p2">and, 0, 0, 2, 1, 1</column>
<column name="and_ln1355_53_fu_10206_p2">and, 0, 0, 2, 1, 1</column>
<column name="and_ln1355_54_fu_10239_p2">and, 0, 0, 2, 1, 1</column>
<column name="and_ln1355_55_fu_10249_p2">and, 0, 0, 2, 1, 1</column>
<column name="and_ln1355_56_fu_10308_p2">and, 0, 0, 2, 1, 1</column>
<column name="and_ln1355_57_fu_10318_p2">and, 0, 0, 2, 1, 1</column>
<column name="and_ln1355_58_fu_10351_p2">and, 0, 0, 2, 1, 1</column>
<column name="and_ln1355_59_fu_10361_p2">and, 0, 0, 2, 1, 1</column>
<column name="and_ln1355_5_fu_8849_p2">and, 0, 0, 2, 1, 1</column>
<column name="and_ln1355_60_fu_10407_p2">and, 0, 0, 2, 1, 1</column>
<column name="and_ln1355_61_fu_10417_p2">and, 0, 0, 2, 1, 1</column>
<column name="and_ln1355_62_fu_10457_p2">and, 0, 0, 2, 1, 1</column>
<column name="and_ln1355_63_fu_10467_p2">and, 0, 0, 2, 1, 1</column>
<column name="and_ln1355_64_fu_10528_p2">and, 0, 0, 2, 1, 1</column>
<column name="and_ln1355_65_fu_10538_p2">and, 0, 0, 2, 1, 1</column>
<column name="and_ln1355_66_fu_10611_p2">and, 0, 0, 2, 1, 1</column>
<column name="and_ln1355_67_fu_10621_p2">and, 0, 0, 2, 1, 1</column>
<column name="and_ln1355_68_fu_10669_p2">and, 0, 0, 2, 1, 1</column>
<column name="and_ln1355_69_fu_10679_p2">and, 0, 0, 2, 1, 1</column>
<column name="and_ln1355_6_fu_8895_p2">and, 0, 0, 2, 1, 1</column>
<column name="and_ln1355_70_fu_10714_p2">and, 0, 0, 2, 1, 1</column>
<column name="and_ln1355_71_fu_10724_p2">and, 0, 0, 2, 1, 1</column>
<column name="and_ln1355_72_fu_10785_p2">and, 0, 0, 2, 1, 1</column>
<column name="and_ln1355_73_fu_10795_p2">and, 0, 0, 2, 1, 1</column>
<column name="and_ln1355_74_fu_10830_p2">and, 0, 0, 2, 1, 1</column>
<column name="and_ln1355_75_fu_10840_p2">and, 0, 0, 2, 1, 1</column>
<column name="and_ln1355_76_fu_10888_p2">and, 0, 0, 2, 1, 1</column>
<column name="and_ln1355_77_fu_10898_p2">and, 0, 0, 2, 1, 1</column>
<column name="and_ln1355_78_fu_10933_p2">and, 0, 0, 2, 1, 1</column>
<column name="and_ln1355_79_fu_10943_p2">and, 0, 0, 2, 1, 1</column>
<column name="and_ln1355_7_fu_8905_p2">and, 0, 0, 2, 1, 1</column>
<column name="and_ln1355_80_fu_11004_p2">and, 0, 0, 2, 1, 1</column>
<column name="and_ln1355_81_fu_11014_p2">and, 0, 0, 2, 1, 1</column>
<column name="and_ln1355_82_fu_11061_p2">and, 0, 0, 2, 1, 1</column>
<column name="and_ln1355_83_fu_11071_p2">and, 0, 0, 2, 1, 1</column>
<column name="and_ln1355_84_fu_11119_p2">and, 0, 0, 2, 1, 1</column>
<column name="and_ln1355_85_fu_11129_p2">and, 0, 0, 2, 1, 1</column>
<column name="and_ln1355_86_fu_11164_p2">and, 0, 0, 2, 1, 1</column>
<column name="and_ln1355_87_fu_11174_p2">and, 0, 0, 2, 1, 1</column>
<column name="and_ln1355_88_fu_11235_p2">and, 0, 0, 2, 1, 1</column>
<column name="and_ln1355_89_fu_11245_p2">and, 0, 0, 2, 1, 1</column>
<column name="and_ln1355_8_fu_8960_p2">and, 0, 0, 2, 1, 1</column>
<column name="and_ln1355_90_fu_11289_p2">and, 0, 0, 2, 1, 1</column>
<column name="and_ln1355_91_fu_11299_p2">and, 0, 0, 2, 1, 1</column>
<column name="and_ln1355_92_fu_11341_p2">and, 0, 0, 2, 1, 1</column>
<column name="and_ln1355_93_fu_11351_p2">and, 0, 0, 2, 1, 1</column>
<column name="and_ln1355_94_fu_11384_p2">and, 0, 0, 2, 1, 1</column>
<column name="and_ln1355_95_fu_11394_p2">and, 0, 0, 2, 1, 1</column>
<column name="and_ln1355_96_fu_11453_p2">and, 0, 0, 2, 1, 1</column>
<column name="and_ln1355_97_fu_11463_p2">and, 0, 0, 2, 1, 1</column>
<column name="and_ln1355_98_fu_11521_p2">and, 0, 0, 2, 1, 1</column>
<column name="and_ln1355_99_fu_11531_p2">and, 0, 0, 2, 1, 1</column>
<column name="and_ln1355_9_fu_8970_p2">and, 0, 0, 2, 1, 1</column>
<column name="and_ln1355_fu_8733_p2">and, 0, 0, 2, 1, 1</column>
<column name="icmp_ln10_fu_4826_p2">icmp, 0, 0, 11, 6, 7</column>
<column name="icmp_ln12_fu_8688_p2">icmp, 0, 0, 11, 6, 7</column>
<column name="or_ln1355_100_fu_6351_p2">or, 0, 0, 14, 14, 7</column>
<column name="or_ln1355_101_fu_6366_p2">or, 0, 0, 14, 14, 7</column>
<column name="or_ln1355_102_fu_6381_p2">or, 0, 0, 14, 14, 7</column>
<column name="or_ln1355_103_fu_6396_p2">or, 0, 0, 14, 14, 7</column>
<column name="or_ln1355_104_fu_6411_p2">or, 0, 0, 14, 14, 7</column>
<column name="or_ln1355_105_fu_6426_p2">or, 0, 0, 14, 14, 7</column>
<column name="or_ln1355_106_fu_6441_p2">or, 0, 0, 14, 14, 7</column>
<column name="or_ln1355_107_fu_6456_p2">or, 0, 0, 14, 14, 7</column>
<column name="or_ln1355_108_fu_6471_p2">or, 0, 0, 14, 14, 7</column>
<column name="or_ln1355_109_fu_6486_p2">or, 0, 0, 14, 14, 7</column>
<column name="or_ln1355_10_fu_5001_p2">or, 0, 0, 14, 14, 4</column>
<column name="or_ln1355_110_fu_6501_p2">or, 0, 0, 14, 14, 7</column>
<column name="or_ln1355_111_fu_6516_p2">or, 0, 0, 14, 14, 7</column>
<column name="or_ln1355_112_fu_6531_p2">or, 0, 0, 14, 14, 7</column>
<column name="or_ln1355_113_fu_6546_p2">or, 0, 0, 14, 14, 7</column>
<column name="or_ln1355_114_fu_6561_p2">or, 0, 0, 14, 14, 7</column>
<column name="or_ln1355_115_fu_6576_p2">or, 0, 0, 14, 14, 7</column>
<column name="or_ln1355_116_fu_6591_p2">or, 0, 0, 14, 14, 7</column>
<column name="or_ln1355_117_fu_6606_p2">or, 0, 0, 14, 14, 7</column>
<column name="or_ln1355_118_fu_6621_p2">or, 0, 0, 14, 14, 7</column>
<column name="or_ln1355_119_fu_6636_p2">or, 0, 0, 14, 14, 7</column>
<column name="or_ln1355_11_fu_5016_p2">or, 0, 0, 14, 14, 4</column>
<column name="or_ln1355_120_fu_6651_p2">or, 0, 0, 14, 14, 7</column>
<column name="or_ln1355_121_fu_6666_p2">or, 0, 0, 14, 14, 7</column>
<column name="or_ln1355_122_fu_6681_p2">or, 0, 0, 14, 14, 7</column>
<column name="or_ln1355_123_fu_6696_p2">or, 0, 0, 14, 14, 7</column>
<column name="or_ln1355_124_fu_6711_p2">or, 0, 0, 14, 14, 7</column>
<column name="or_ln1355_125_fu_6726_p2">or, 0, 0, 14, 14, 7</column>
<column name="or_ln1355_126_fu_6741_p2">or, 0, 0, 14, 14, 7</column>
<column name="or_ln1355_127_fu_6756_p2">or, 0, 0, 14, 14, 8</column>
<column name="or_ln1355_128_fu_6771_p2">or, 0, 0, 14, 14, 8</column>
<column name="or_ln1355_129_fu_6786_p2">or, 0, 0, 14, 14, 8</column>
<column name="or_ln1355_12_fu_5031_p2">or, 0, 0, 14, 14, 4</column>
<column name="or_ln1355_130_fu_6801_p2">or, 0, 0, 14, 14, 8</column>
<column name="or_ln1355_131_fu_6816_p2">or, 0, 0, 14, 14, 8</column>
<column name="or_ln1355_132_fu_6831_p2">or, 0, 0, 14, 14, 8</column>
<column name="or_ln1355_133_fu_6846_p2">or, 0, 0, 14, 14, 8</column>
<column name="or_ln1355_134_fu_6861_p2">or, 0, 0, 14, 14, 8</column>
<column name="or_ln1355_135_fu_6876_p2">or, 0, 0, 14, 14, 8</column>
<column name="or_ln1355_136_fu_6891_p2">or, 0, 0, 14, 14, 8</column>
<column name="or_ln1355_137_fu_6906_p2">or, 0, 0, 14, 14, 8</column>
<column name="or_ln1355_138_fu_6921_p2">or, 0, 0, 14, 14, 8</column>
<column name="or_ln1355_139_fu_6936_p2">or, 0, 0, 14, 14, 8</column>
<column name="or_ln1355_13_fu_5046_p2">or, 0, 0, 14, 14, 4</column>
<column name="or_ln1355_140_fu_6951_p2">or, 0, 0, 14, 14, 8</column>
<column name="or_ln1355_141_fu_6966_p2">or, 0, 0, 14, 14, 8</column>
<column name="or_ln1355_142_fu_6981_p2">or, 0, 0, 14, 14, 8</column>
<column name="or_ln1355_143_fu_6996_p2">or, 0, 0, 14, 14, 8</column>
<column name="or_ln1355_144_fu_7011_p2">or, 0, 0, 14, 14, 8</column>
<column name="or_ln1355_145_fu_7026_p2">or, 0, 0, 14, 14, 8</column>
<column name="or_ln1355_146_fu_7041_p2">or, 0, 0, 14, 14, 8</column>
<column name="or_ln1355_147_fu_7056_p2">or, 0, 0, 14, 14, 8</column>
<column name="or_ln1355_148_fu_7071_p2">or, 0, 0, 14, 14, 8</column>
<column name="or_ln1355_149_fu_7086_p2">or, 0, 0, 14, 14, 8</column>
<column name="or_ln1355_14_fu_5061_p2">or, 0, 0, 14, 14, 4</column>
<column name="or_ln1355_150_fu_7101_p2">or, 0, 0, 14, 14, 8</column>
<column name="or_ln1355_151_fu_7116_p2">or, 0, 0, 14, 14, 8</column>
<column name="or_ln1355_152_fu_7131_p2">or, 0, 0, 14, 14, 8</column>
<column name="or_ln1355_153_fu_7146_p2">or, 0, 0, 14, 14, 8</column>
<column name="or_ln1355_154_fu_7161_p2">or, 0, 0, 14, 14, 8</column>
<column name="or_ln1355_155_fu_7176_p2">or, 0, 0, 14, 14, 8</column>
<column name="or_ln1355_156_fu_7191_p2">or, 0, 0, 14, 14, 8</column>
<column name="or_ln1355_157_fu_7206_p2">or, 0, 0, 14, 14, 8</column>
<column name="or_ln1355_158_fu_7221_p2">or, 0, 0, 14, 14, 8</column>
<column name="or_ln1355_159_fu_7236_p2">or, 0, 0, 14, 14, 8</column>
<column name="or_ln1355_15_fu_5076_p2">or, 0, 0, 14, 14, 5</column>
<column name="or_ln1355_160_fu_7251_p2">or, 0, 0, 14, 14, 8</column>
<column name="or_ln1355_161_fu_7266_p2">or, 0, 0, 14, 14, 8</column>
<column name="or_ln1355_162_fu_7281_p2">or, 0, 0, 14, 14, 8</column>
<column name="or_ln1355_163_fu_7296_p2">or, 0, 0, 14, 14, 8</column>
<column name="or_ln1355_164_fu_7311_p2">or, 0, 0, 14, 14, 8</column>
<column name="or_ln1355_165_fu_7326_p2">or, 0, 0, 14, 14, 8</column>
<column name="or_ln1355_166_fu_7341_p2">or, 0, 0, 14, 14, 8</column>
<column name="or_ln1355_167_fu_7356_p2">or, 0, 0, 14, 14, 8</column>
<column name="or_ln1355_168_fu_7371_p2">or, 0, 0, 14, 14, 8</column>
<column name="or_ln1355_169_fu_7386_p2">or, 0, 0, 14, 14, 8</column>
<column name="or_ln1355_16_fu_5091_p2">or, 0, 0, 14, 14, 5</column>
<column name="or_ln1355_170_fu_7401_p2">or, 0, 0, 14, 14, 8</column>
<column name="or_ln1355_171_fu_7416_p2">or, 0, 0, 14, 14, 8</column>
<column name="or_ln1355_172_fu_7431_p2">or, 0, 0, 14, 14, 8</column>
<column name="or_ln1355_173_fu_7446_p2">or, 0, 0, 14, 14, 8</column>
<column name="or_ln1355_174_fu_7461_p2">or, 0, 0, 14, 14, 8</column>
<column name="or_ln1355_175_fu_7476_p2">or, 0, 0, 14, 14, 8</column>
<column name="or_ln1355_176_fu_7491_p2">or, 0, 0, 14, 14, 8</column>
<column name="or_ln1355_177_fu_7506_p2">or, 0, 0, 14, 14, 8</column>
<column name="or_ln1355_178_fu_7521_p2">or, 0, 0, 14, 14, 8</column>
<column name="or_ln1355_179_fu_7536_p2">or, 0, 0, 14, 14, 8</column>
<column name="or_ln1355_17_fu_5106_p2">or, 0, 0, 14, 14, 5</column>
<column name="or_ln1355_180_fu_7551_p2">or, 0, 0, 14, 14, 8</column>
<column name="or_ln1355_181_fu_7566_p2">or, 0, 0, 14, 14, 8</column>
<column name="or_ln1355_182_fu_7581_p2">or, 0, 0, 14, 14, 8</column>
<column name="or_ln1355_183_fu_7596_p2">or, 0, 0, 14, 14, 8</column>
<column name="or_ln1355_184_fu_7611_p2">or, 0, 0, 14, 14, 8</column>
<column name="or_ln1355_185_fu_7626_p2">or, 0, 0, 14, 14, 8</column>
<column name="or_ln1355_186_fu_7641_p2">or, 0, 0, 14, 14, 8</column>
<column name="or_ln1355_187_fu_7656_p2">or, 0, 0, 14, 14, 8</column>
<column name="or_ln1355_188_fu_7671_p2">or, 0, 0, 14, 14, 8</column>
<column name="or_ln1355_189_fu_7686_p2">or, 0, 0, 14, 14, 8</column>
<column name="or_ln1355_18_fu_5121_p2">or, 0, 0, 14, 14, 5</column>
<column name="or_ln1355_190_fu_7701_p2">or, 0, 0, 14, 14, 8</column>
<column name="or_ln1355_191_fu_7716_p2">or, 0, 0, 14, 14, 8</column>
<column name="or_ln1355_192_fu_7731_p2">or, 0, 0, 14, 14, 8</column>
<column name="or_ln1355_193_fu_7746_p2">or, 0, 0, 14, 14, 8</column>
<column name="or_ln1355_194_fu_7761_p2">or, 0, 0, 14, 14, 8</column>
<column name="or_ln1355_195_fu_7776_p2">or, 0, 0, 14, 14, 8</column>
<column name="or_ln1355_196_fu_7791_p2">or, 0, 0, 14, 14, 8</column>
<column name="or_ln1355_197_fu_7806_p2">or, 0, 0, 14, 14, 8</column>
<column name="or_ln1355_198_fu_7821_p2">or, 0, 0, 14, 14, 8</column>
<column name="or_ln1355_199_fu_7836_p2">or, 0, 0, 14, 14, 8</column>
<column name="or_ln1355_19_fu_5136_p2">or, 0, 0, 14, 14, 5</column>
<column name="or_ln1355_1_fu_4866_p2">or, 0, 0, 14, 14, 2</column>
<column name="or_ln1355_200_fu_7851_p2">or, 0, 0, 14, 14, 8</column>
<column name="or_ln1355_201_fu_7866_p2">or, 0, 0, 14, 14, 8</column>
<column name="or_ln1355_202_fu_7881_p2">or, 0, 0, 14, 14, 8</column>
<column name="or_ln1355_203_fu_7896_p2">or, 0, 0, 14, 14, 8</column>
<column name="or_ln1355_204_fu_7911_p2">or, 0, 0, 14, 14, 8</column>
<column name="or_ln1355_205_fu_7926_p2">or, 0, 0, 14, 14, 8</column>
<column name="or_ln1355_206_fu_7941_p2">or, 0, 0, 14, 14, 8</column>
<column name="or_ln1355_207_fu_7956_p2">or, 0, 0, 14, 14, 8</column>
<column name="or_ln1355_208_fu_7971_p2">or, 0, 0, 14, 14, 8</column>
<column name="or_ln1355_209_fu_7986_p2">or, 0, 0, 14, 14, 8</column>
<column name="or_ln1355_20_fu_5151_p2">or, 0, 0, 14, 14, 5</column>
<column name="or_ln1355_210_fu_8001_p2">or, 0, 0, 14, 14, 8</column>
<column name="or_ln1355_211_fu_8016_p2">or, 0, 0, 14, 14, 8</column>
<column name="or_ln1355_212_fu_8031_p2">or, 0, 0, 14, 14, 8</column>
<column name="or_ln1355_213_fu_8046_p2">or, 0, 0, 14, 14, 8</column>
<column name="or_ln1355_214_fu_8061_p2">or, 0, 0, 14, 14, 8</column>
<column name="or_ln1355_215_fu_8076_p2">or, 0, 0, 14, 14, 8</column>
<column name="or_ln1355_216_fu_8091_p2">or, 0, 0, 14, 14, 8</column>
<column name="or_ln1355_217_fu_8106_p2">or, 0, 0, 14, 14, 8</column>
<column name="or_ln1355_218_fu_8121_p2">or, 0, 0, 14, 14, 8</column>
<column name="or_ln1355_219_fu_8136_p2">or, 0, 0, 14, 14, 8</column>
<column name="or_ln1355_21_fu_5166_p2">or, 0, 0, 14, 14, 5</column>
<column name="or_ln1355_220_fu_8151_p2">or, 0, 0, 14, 14, 8</column>
<column name="or_ln1355_221_fu_8166_p2">or, 0, 0, 14, 14, 8</column>
<column name="or_ln1355_222_fu_8181_p2">or, 0, 0, 14, 14, 8</column>
<column name="or_ln1355_223_fu_8196_p2">or, 0, 0, 14, 14, 8</column>
<column name="or_ln1355_224_fu_8211_p2">or, 0, 0, 14, 14, 8</column>
<column name="or_ln1355_225_fu_8226_p2">or, 0, 0, 14, 14, 8</column>
<column name="or_ln1355_226_fu_8241_p2">or, 0, 0, 14, 14, 8</column>
<column name="or_ln1355_227_fu_8256_p2">or, 0, 0, 14, 14, 8</column>
<column name="or_ln1355_228_fu_8271_p2">or, 0, 0, 14, 14, 8</column>
<column name="or_ln1355_229_fu_8286_p2">or, 0, 0, 14, 14, 8</column>
<column name="or_ln1355_22_fu_5181_p2">or, 0, 0, 14, 14, 5</column>
<column name="or_ln1355_230_fu_8301_p2">or, 0, 0, 14, 14, 8</column>
<column name="or_ln1355_231_fu_8316_p2">or, 0, 0, 14, 14, 8</column>
<column name="or_ln1355_232_fu_8331_p2">or, 0, 0, 14, 14, 8</column>
<column name="or_ln1355_233_fu_8346_p2">or, 0, 0, 14, 14, 8</column>
<column name="or_ln1355_234_fu_8361_p2">or, 0, 0, 14, 14, 8</column>
<column name="or_ln1355_235_fu_8376_p2">or, 0, 0, 14, 14, 8</column>
<column name="or_ln1355_236_fu_8391_p2">or, 0, 0, 14, 14, 8</column>
<column name="or_ln1355_237_fu_8406_p2">or, 0, 0, 14, 14, 8</column>
<column name="or_ln1355_238_fu_8421_p2">or, 0, 0, 14, 14, 8</column>
<column name="or_ln1355_239_fu_8436_p2">or, 0, 0, 14, 14, 8</column>
<column name="or_ln1355_23_fu_5196_p2">or, 0, 0, 14, 14, 5</column>
<column name="or_ln1355_240_fu_8451_p2">or, 0, 0, 14, 14, 8</column>
<column name="or_ln1355_241_fu_8466_p2">or, 0, 0, 14, 14, 8</column>
<column name="or_ln1355_242_fu_8481_p2">or, 0, 0, 14, 14, 8</column>
<column name="or_ln1355_243_fu_8496_p2">or, 0, 0, 14, 14, 8</column>
<column name="or_ln1355_244_fu_8511_p2">or, 0, 0, 14, 14, 8</column>
<column name="or_ln1355_245_fu_8526_p2">or, 0, 0, 14, 14, 8</column>
<column name="or_ln1355_246_fu_8541_p2">or, 0, 0, 14, 14, 8</column>
<column name="or_ln1355_247_fu_8556_p2">or, 0, 0, 14, 14, 8</column>
<column name="or_ln1355_248_fu_8571_p2">or, 0, 0, 14, 14, 8</column>
<column name="or_ln1355_249_fu_8586_p2">or, 0, 0, 14, 14, 8</column>
<column name="or_ln1355_24_fu_5211_p2">or, 0, 0, 14, 14, 5</column>
<column name="or_ln1355_250_fu_8601_p2">or, 0, 0, 14, 14, 8</column>
<column name="or_ln1355_251_fu_8616_p2">or, 0, 0, 14, 14, 8</column>
<column name="or_ln1355_252_fu_8631_p2">or, 0, 0, 14, 14, 8</column>
<column name="or_ln1355_253_fu_8646_p2">or, 0, 0, 14, 14, 8</column>
<column name="or_ln1355_254_fu_8661_p2">or, 0, 0, 14, 14, 8</column>
<column name="or_ln1355_25_fu_5226_p2">or, 0, 0, 14, 14, 5</column>
<column name="or_ln1355_26_fu_5241_p2">or, 0, 0, 14, 14, 5</column>
<column name="or_ln1355_27_fu_5256_p2">or, 0, 0, 14, 14, 5</column>
<column name="or_ln1355_28_fu_5271_p2">or, 0, 0, 14, 14, 5</column>
<column name="or_ln1355_29_fu_5286_p2">or, 0, 0, 14, 14, 5</column>
<column name="or_ln1355_2_fu_4881_p2">or, 0, 0, 14, 14, 2</column>
<column name="or_ln1355_30_fu_5301_p2">or, 0, 0, 14, 14, 5</column>
<column name="or_ln1355_31_fu_5316_p2">or, 0, 0, 14, 14, 6</column>
<column name="or_ln1355_32_fu_5331_p2">or, 0, 0, 14, 14, 6</column>
<column name="or_ln1355_33_fu_5346_p2">or, 0, 0, 14, 14, 6</column>
<column name="or_ln1355_34_fu_5361_p2">or, 0, 0, 14, 14, 6</column>
<column name="or_ln1355_35_fu_5376_p2">or, 0, 0, 14, 14, 6</column>
<column name="or_ln1355_36_fu_5391_p2">or, 0, 0, 14, 14, 6</column>
<column name="or_ln1355_37_fu_5406_p2">or, 0, 0, 14, 14, 6</column>
<column name="or_ln1355_38_fu_5421_p2">or, 0, 0, 14, 14, 6</column>
<column name="or_ln1355_39_fu_5436_p2">or, 0, 0, 14, 14, 6</column>
<column name="or_ln1355_3_fu_4896_p2">or, 0, 0, 14, 14, 3</column>
<column name="or_ln1355_40_fu_5451_p2">or, 0, 0, 14, 14, 6</column>
<column name="or_ln1355_41_fu_5466_p2">or, 0, 0, 14, 14, 6</column>
<column name="or_ln1355_42_fu_5481_p2">or, 0, 0, 14, 14, 6</column>
<column name="or_ln1355_43_fu_5496_p2">or, 0, 0, 14, 14, 6</column>
<column name="or_ln1355_44_fu_5511_p2">or, 0, 0, 14, 14, 6</column>
<column name="or_ln1355_45_fu_5526_p2">or, 0, 0, 14, 14, 6</column>
<column name="or_ln1355_46_fu_5541_p2">or, 0, 0, 14, 14, 6</column>
<column name="or_ln1355_47_fu_5556_p2">or, 0, 0, 14, 14, 6</column>
<column name="or_ln1355_48_fu_5571_p2">or, 0, 0, 14, 14, 6</column>
<column name="or_ln1355_49_fu_5586_p2">or, 0, 0, 14, 14, 6</column>
<column name="or_ln1355_4_fu_4911_p2">or, 0, 0, 14, 14, 3</column>
<column name="or_ln1355_50_fu_5601_p2">or, 0, 0, 14, 14, 6</column>
<column name="or_ln1355_51_fu_5616_p2">or, 0, 0, 14, 14, 6</column>
<column name="or_ln1355_52_fu_5631_p2">or, 0, 0, 14, 14, 6</column>
<column name="or_ln1355_53_fu_5646_p2">or, 0, 0, 14, 14, 6</column>
<column name="or_ln1355_54_fu_5661_p2">or, 0, 0, 14, 14, 6</column>
<column name="or_ln1355_55_fu_5676_p2">or, 0, 0, 14, 14, 6</column>
<column name="or_ln1355_56_fu_5691_p2">or, 0, 0, 14, 14, 6</column>
<column name="or_ln1355_57_fu_5706_p2">or, 0, 0, 14, 14, 6</column>
<column name="or_ln1355_58_fu_5721_p2">or, 0, 0, 14, 14, 6</column>
<column name="or_ln1355_59_fu_5736_p2">or, 0, 0, 14, 14, 6</column>
<column name="or_ln1355_5_fu_4926_p2">or, 0, 0, 14, 14, 3</column>
<column name="or_ln1355_60_fu_5751_p2">or, 0, 0, 14, 14, 6</column>
<column name="or_ln1355_61_fu_5766_p2">or, 0, 0, 14, 14, 6</column>
<column name="or_ln1355_62_fu_5781_p2">or, 0, 0, 14, 14, 6</column>
<column name="or_ln1355_63_fu_5796_p2">or, 0, 0, 14, 14, 7</column>
<column name="or_ln1355_64_fu_5811_p2">or, 0, 0, 14, 14, 7</column>
<column name="or_ln1355_65_fu_5826_p2">or, 0, 0, 14, 14, 7</column>
<column name="or_ln1355_66_fu_5841_p2">or, 0, 0, 14, 14, 7</column>
<column name="or_ln1355_67_fu_5856_p2">or, 0, 0, 14, 14, 7</column>
<column name="or_ln1355_68_fu_5871_p2">or, 0, 0, 14, 14, 7</column>
<column name="or_ln1355_69_fu_5886_p2">or, 0, 0, 14, 14, 7</column>
<column name="or_ln1355_6_fu_4941_p2">or, 0, 0, 14, 14, 3</column>
<column name="or_ln1355_70_fu_5901_p2">or, 0, 0, 14, 14, 7</column>
<column name="or_ln1355_71_fu_5916_p2">or, 0, 0, 14, 14, 7</column>
<column name="or_ln1355_72_fu_5931_p2">or, 0, 0, 14, 14, 7</column>
<column name="or_ln1355_73_fu_5946_p2">or, 0, 0, 14, 14, 7</column>
<column name="or_ln1355_74_fu_5961_p2">or, 0, 0, 14, 14, 7</column>
<column name="or_ln1355_75_fu_5976_p2">or, 0, 0, 14, 14, 7</column>
<column name="or_ln1355_76_fu_5991_p2">or, 0, 0, 14, 14, 7</column>
<column name="or_ln1355_77_fu_6006_p2">or, 0, 0, 14, 14, 7</column>
<column name="or_ln1355_78_fu_6021_p2">or, 0, 0, 14, 14, 7</column>
<column name="or_ln1355_79_fu_6036_p2">or, 0, 0, 14, 14, 7</column>
<column name="or_ln1355_7_fu_4956_p2">or, 0, 0, 14, 14, 4</column>
<column name="or_ln1355_80_fu_6051_p2">or, 0, 0, 14, 14, 7</column>
<column name="or_ln1355_81_fu_6066_p2">or, 0, 0, 14, 14, 7</column>
<column name="or_ln1355_82_fu_6081_p2">or, 0, 0, 14, 14, 7</column>
<column name="or_ln1355_83_fu_6096_p2">or, 0, 0, 14, 14, 7</column>
<column name="or_ln1355_84_fu_6111_p2">or, 0, 0, 14, 14, 7</column>
<column name="or_ln1355_85_fu_6126_p2">or, 0, 0, 14, 14, 7</column>
<column name="or_ln1355_86_fu_6141_p2">or, 0, 0, 14, 14, 7</column>
<column name="or_ln1355_87_fu_6156_p2">or, 0, 0, 14, 14, 7</column>
<column name="or_ln1355_88_fu_6171_p2">or, 0, 0, 14, 14, 7</column>
<column name="or_ln1355_89_fu_6186_p2">or, 0, 0, 14, 14, 7</column>
<column name="or_ln1355_8_fu_4971_p2">or, 0, 0, 14, 14, 4</column>
<column name="or_ln1355_90_fu_6201_p2">or, 0, 0, 14, 14, 7</column>
<column name="or_ln1355_91_fu_6216_p2">or, 0, 0, 14, 14, 7</column>
<column name="or_ln1355_92_fu_6231_p2">or, 0, 0, 14, 14, 7</column>
<column name="or_ln1355_93_fu_6246_p2">or, 0, 0, 14, 14, 7</column>
<column name="or_ln1355_94_fu_6261_p2">or, 0, 0, 14, 14, 7</column>
<column name="or_ln1355_95_fu_6276_p2">or, 0, 0, 14, 14, 7</column>
<column name="or_ln1355_96_fu_6291_p2">or, 0, 0, 14, 14, 7</column>
<column name="or_ln1355_97_fu_6306_p2">or, 0, 0, 14, 14, 7</column>
<column name="or_ln1355_98_fu_6321_p2">or, 0, 0, 14, 14, 7</column>
<column name="or_ln1355_99_fu_6336_p2">or, 0, 0, 14, 14, 7</column>
<column name="or_ln1355_9_fu_4986_p2">or, 0, 0, 14, 14, 4</column>
<column name="or_ln1355_fu_4851_p2">or, 0, 0, 14, 14, 1</column>
<column name="xor_ln1355_fu_8705_p2">xor, 0, 0, 7, 6, 7</column>
</table>
</item>
<item name = "Multiplexer"><table name="" hasTotal="1">
<keys size="5">Name, LUT, Input Size, Bits, Total Bits</keys>
<column name="ap_NS_fsm">601, 134, 1, 134</column>
<column name="i_0_reg_4803">9, 2, 6, 12</column>
<column name="j_0_reg_4814">9, 2, 6, 12</column>
<column name="matriceA_V_address0">581, 129, 13, 1677</column>
<column name="matriceA_V_address1">581, 129, 13, 1677</column>
<column name="matriceB_V_address0">581, 129, 13, 1677</column>
<column name="matriceB_V_address1">581, 129, 13, 1677</column>
</table>
</item>
<item name = "Register"><table name="" hasTotal="1">
<keys size="5">Name, FF, LUT, Bits, Const Bits</keys>
<column name="add_ln1355_10_reg_17697">11, 0, 11, 0</column>
<column name="add_ln1355_11_reg_17718">11, 0, 11, 0</column>
<column name="add_ln1355_12_reg_17739">11, 0, 11, 0</column>
<column name="add_ln1355_13_reg_17760">11, 0, 11, 0</column>
<column name="add_ln1355_14_reg_17771">11, 0, 11, 0</column>
<column name="add_ln1355_15_reg_17948">12, 0, 12, 0</column>
<column name="add_ln1355_16_reg_17968">12, 0, 12, 0</column>
<column name="add_ln1355_17_reg_17993">12, 0, 12, 0</column>
<column name="add_ln1355_18_reg_18013">12, 0, 12, 0</column>
<column name="add_ln1355_19_reg_18033">12, 0, 12, 0</column>
<column name="add_ln1355_1_reg_17381">9, 0, 9, 0</column>
<column name="add_ln1355_20_reg_18053">12, 0, 12, 0</column>
<column name="add_ln1355_21_reg_18073">12, 0, 12, 0</column>
<column name="add_ln1355_22_reg_18093">12, 0, 12, 0</column>
<column name="add_ln1355_23_reg_18113">12, 0, 12, 0</column>
<column name="add_ln1355_24_reg_18133">12, 0, 12, 0</column>
<column name="add_ln1355_25_reg_18158">12, 0, 12, 0</column>
<column name="add_ln1355_26_reg_18178">12, 0, 12, 0</column>
<column name="add_ln1355_27_reg_18198">12, 0, 12, 0</column>
<column name="add_ln1355_28_reg_18218">12, 0, 12, 0</column>
<column name="add_ln1355_29_reg_18238">12, 0, 12, 0</column>
<column name="add_ln1355_2_reg_17394">9, 0, 9, 0</column>
<column name="add_ln1355_30_reg_18248">12, 0, 12, 0</column>
<column name="add_ln1355_3_reg_17465">10, 0, 10, 0</column>
<column name="add_ln1355_4_reg_17487">10, 0, 10, 0</column>
<column name="add_ln1355_5_reg_17514">10, 0, 10, 0</column>
<column name="add_ln1355_6_reg_17536">10, 0, 10, 0</column>
<column name="add_ln1355_7_reg_17629">11, 0, 11, 0</column>
<column name="add_ln1355_8_reg_17650">11, 0, 11, 0</column>
<column name="add_ln1355_9_reg_17676">11, 0, 11, 0</column>
<column name="add_ln1355_reg_17342">8, 0, 8, 0</column>
<column name="add_ln321_reg_18254">12, 0, 12, 0</column>
<column name="add_ln700_100_reg_18354">4, 0, 4, 0</column>
<column name="add_ln700_101_reg_18369">2, 0, 2, 0</column>
<column name="add_ln700_103_reg_18384">3, 0, 3, 0</column>
<column name="add_ln700_104_reg_18399">2, 0, 2, 0</column>
<column name="add_ln700_107_reg_18414">4, 0, 4, 0</column>
<column name="add_ln700_108_reg_18429">5, 0, 5, 0</column>
<column name="add_ln700_109_reg_18434">2, 0, 2, 0</column>
<column name="add_ln700_10_reg_17448">2, 0, 2, 0</column>
<column name="add_ln700_111_reg_18449">3, 0, 3, 0</column>
<column name="add_ln700_112_reg_18464">2, 0, 2, 0</column>
<column name="add_ln700_115_reg_18479">4, 0, 4, 0</column>
<column name="add_ln700_116_reg_18494">2, 0, 2, 0</column>
<column name="add_ln700_118_reg_18509">3, 0, 3, 0</column>
<column name="add_ln700_119_reg_18524">2, 0, 2, 0</column>
<column name="add_ln700_122_reg_18574">4, 0, 4, 0</column>
<column name="add_ln700_126_reg_18589">8, 0, 8, 0</column>
<column name="add_ln700_127_reg_18594">2, 0, 2, 0</column>
<column name="add_ln700_129_reg_18609">3, 0, 3, 0</column>
<column name="add_ln700_130_reg_18624">2, 0, 2, 0</column>
<column name="add_ln700_133_reg_18639">4, 0, 4, 0</column>
<column name="add_ln700_134_reg_18654">2, 0, 2, 0</column>
<column name="add_ln700_136_reg_18669">3, 0, 3, 0</column>
<column name="add_ln700_137_reg_18684">2, 0, 2, 0</column>
<column name="add_ln700_13_reg_17477">4, 0, 4, 0</column>
<column name="add_ln700_140_reg_18699">4, 0, 4, 0</column>
<column name="add_ln700_141_reg_18714">5, 0, 5, 0</column>
<column name="add_ln700_142_reg_18719">2, 0, 2, 0</column>
<column name="add_ln700_144_reg_18734">3, 0, 3, 0</column>
<column name="add_ln700_145_reg_18749">2, 0, 2, 0</column>
<column name="add_ln700_148_reg_18764">4, 0, 4, 0</column>
<column name="add_ln700_149_reg_18779">2, 0, 2, 0</column>
<column name="add_ln700_14_reg_17499">5, 0, 5, 0</column>
<column name="add_ln700_151_reg_18794">3, 0, 3, 0</column>
<column name="add_ln700_152_reg_18809">2, 0, 2, 0</column>
<column name="add_ln700_155_reg_18824">4, 0, 4, 0</column>
<column name="add_ln700_157_reg_18839">6, 0, 6, 0</column>
<column name="add_ln700_158_reg_18844">2, 0, 2, 0</column>
<column name="add_ln700_15_reg_17504">2, 0, 2, 0</column>
<column name="add_ln700_160_reg_18859">3, 0, 3, 0</column>
<column name="add_ln700_161_reg_18874">2, 0, 2, 0</column>
<column name="add_ln700_164_reg_18889">4, 0, 4, 0</column>
<column name="add_ln700_165_reg_18904">2, 0, 2, 0</column>
<column name="add_ln700_167_reg_18919">3, 0, 3, 0</column>
<column name="add_ln700_168_reg_18934">2, 0, 2, 0</column>
<column name="add_ln700_171_reg_18949">4, 0, 4, 0</column>
<column name="add_ln700_172_reg_18964">5, 0, 5, 0</column>
<column name="add_ln700_173_reg_18969">2, 0, 2, 0</column>
<column name="add_ln700_175_reg_18984">3, 0, 3, 0</column>
<column name="add_ln700_176_reg_18999">2, 0, 2, 0</column>
<column name="add_ln700_179_reg_19014">4, 0, 4, 0</column>
<column name="add_ln700_17_reg_17526">3, 0, 3, 0</column>
<column name="add_ln700_180_reg_19029">2, 0, 2, 0</column>
<column name="add_ln700_182_reg_19044">3, 0, 3, 0</column>
<column name="add_ln700_183_reg_19059">2, 0, 2, 0</column>
<column name="add_ln700_186_reg_19074">4, 0, 4, 0</column>
<column name="add_ln700_189_reg_19089">7, 0, 7, 0</column>
<column name="add_ln700_18_reg_17548">2, 0, 2, 0</column>
<column name="add_ln700_190_reg_19094">2, 0, 2, 0</column>
<column name="add_ln700_192_reg_19109">3, 0, 3, 0</column>
<column name="add_ln700_193_reg_19124">2, 0, 2, 0</column>
<column name="add_ln700_196_reg_19139">4, 0, 4, 0</column>
<column name="add_ln700_197_reg_19154">2, 0, 2, 0</column>
<column name="add_ln700_199_reg_19169">3, 0, 3, 0</column>
<column name="add_ln700_200_reg_19184">2, 0, 2, 0</column>
<column name="add_ln700_203_reg_19199">4, 0, 4, 0</column>
<column name="add_ln700_204_reg_19214">5, 0, 5, 0</column>
<column name="add_ln700_205_reg_19219">2, 0, 2, 0</column>
<column name="add_ln700_207_reg_19234">3, 0, 3, 0</column>
<column name="add_ln700_208_reg_19249">2, 0, 2, 0</column>
<column name="add_ln700_211_reg_19264">4, 0, 4, 0</column>
<column name="add_ln700_212_reg_19279">2, 0, 2, 0</column>
<column name="add_ln700_214_reg_19294">3, 0, 3, 0</column>
<column name="add_ln700_215_reg_19309">2, 0, 2, 0</column>
<column name="add_ln700_218_reg_19324">4, 0, 4, 0</column>
<column name="add_ln700_21_reg_17563">4, 0, 4, 0</column>
<column name="add_ln700_220_reg_19339">6, 0, 6, 0</column>
<column name="add_ln700_221_reg_19344">2, 0, 2, 0</column>
<column name="add_ln700_223_reg_19359">3, 0, 3, 0</column>
<column name="add_ln700_224_reg_19374">2, 0, 2, 0</column>
<column name="add_ln700_227_reg_19389">4, 0, 4, 0</column>
<column name="add_ln700_228_reg_19404">2, 0, 2, 0</column>
<column name="add_ln700_22_reg_17578">2, 0, 2, 0</column>
<column name="add_ln700_230_reg_19419">3, 0, 3, 0</column>
<column name="add_ln700_231_reg_19434">2, 0, 2, 0</column>
<column name="add_ln700_234_reg_19449">4, 0, 4, 0</column>
<column name="add_ln700_235_reg_19464">5, 0, 5, 0</column>
<column name="add_ln700_236_reg_19469">2, 0, 2, 0</column>
<column name="add_ln700_238_reg_19484">3, 0, 3, 0</column>
<column name="add_ln700_239_reg_19499">2, 0, 2, 0</column>
<column name="add_ln700_242_reg_19514">4, 0, 4, 0</column>
<column name="add_ln700_243_reg_19529">2, 0, 2, 0</column>
<column name="add_ln700_245_reg_19544">3, 0, 3, 0</column>
<column name="add_ln700_246_reg_19559">2, 0, 2, 0</column>
<column name="add_ln700_249_reg_19564">4, 0, 4, 0</column>
<column name="add_ln700_24_reg_17593">3, 0, 3, 0</column>
<column name="add_ln700_253_reg_19569">8, 0, 8, 0</column>
<column name="add_ln700_25_reg_17608">2, 0, 2, 0</column>
<column name="add_ln700_28_reg_17640">4, 0, 4, 0</column>
<column name="add_ln700_2_reg_17356">3, 0, 3, 0</column>
<column name="add_ln700_30_reg_17661">6, 0, 6, 0</column>
<column name="add_ln700_31_reg_17666">2, 0, 2, 0</column>
<column name="add_ln700_33_reg_17687">3, 0, 3, 0</column>
<column name="add_ln700_34_reg_17708">2, 0, 2, 0</column>
<column name="add_ln700_37_reg_17729">4, 0, 4, 0</column>
<column name="add_ln700_38_reg_17750">2, 0, 2, 0</column>
<column name="add_ln700_3_reg_17371">2, 0, 2, 0</column>
<column name="add_ln700_40_reg_17778">3, 0, 3, 0</column>
<column name="add_ln700_41_reg_17793">2, 0, 2, 0</column>
<column name="add_ln700_44_reg_17808">4, 0, 4, 0</column>
<column name="add_ln700_45_reg_17823">5, 0, 5, 0</column>
<column name="add_ln700_46_reg_17828">2, 0, 2, 0</column>
<column name="add_ln700_48_reg_17843">3, 0, 3, 0</column>
<column name="add_ln700_49_reg_17858">2, 0, 2, 0</column>
<column name="add_ln700_52_reg_17873">4, 0, 4, 0</column>
<column name="add_ln700_53_reg_17888">2, 0, 2, 0</column>
<column name="add_ln700_55_reg_17903">3, 0, 3, 0</column>
<column name="add_ln700_56_reg_17918">2, 0, 2, 0</column>
<column name="add_ln700_59_reg_17958">4, 0, 4, 0</column>
<column name="add_ln700_62_reg_17978">7, 0, 7, 0</column>
<column name="add_ln700_63_reg_17983">2, 0, 2, 0</column>
<column name="add_ln700_65_reg_18003">3, 0, 3, 0</column>
<column name="add_ln700_66_reg_18023">2, 0, 2, 0</column>
<column name="add_ln700_69_reg_18043">4, 0, 4, 0</column>
<column name="add_ln700_6_reg_17403">4, 0, 4, 0</column>
<column name="add_ln700_70_reg_18063">2, 0, 2, 0</column>
<column name="add_ln700_72_reg_18083">3, 0, 3, 0</column>
<column name="add_ln700_73_reg_18103">2, 0, 2, 0</column>
<column name="add_ln700_76_reg_18123">4, 0, 4, 0</column>
<column name="add_ln700_77_reg_18143">5, 0, 5, 0</column>
<column name="add_ln700_78_reg_18148">2, 0, 2, 0</column>
<column name="add_ln700_7_reg_17418">2, 0, 2, 0</column>
<column name="add_ln700_80_reg_18168">3, 0, 3, 0</column>
<column name="add_ln700_81_reg_18188">2, 0, 2, 0</column>
<column name="add_ln700_84_reg_18208">4, 0, 4, 0</column>
<column name="add_ln700_85_reg_18228">2, 0, 2, 0</column>
<column name="add_ln700_87_reg_18259">3, 0, 3, 0</column>
<column name="add_ln700_88_reg_18274">2, 0, 2, 0</column>
<column name="add_ln700_91_reg_18289">4, 0, 4, 0</column>
<column name="add_ln700_93_reg_18304">6, 0, 6, 0</column>
<column name="add_ln700_94_reg_18309">2, 0, 2, 0</column>
<column name="add_ln700_96_reg_18324">3, 0, 3, 0</column>
<column name="add_ln700_97_reg_18339">2, 0, 2, 0</column>
<column name="add_ln700_9_reg_17433">3, 0, 3, 0</column>
<column name="add_ln700_reg_17332">2, 0, 2, 0</column>
<column name="ap_CS_fsm">133, 0, 133, 0</column>
<column name="i_0_reg_4803">6, 0, 6, 0</column>
<column name="i_reg_16003">6, 0, 6, 0</column>
<column name="j_0_reg_4814">6, 0, 6, 0</column>
<column name="j_reg_17296">6, 0, 6, 0</column>
<column name="matriceA_V_addr_100_reg_16508">5, 0, 13, 8</column>
<column name="matriceA_V_addr_101_reg_16513">5, 0, 13, 8</column>
<column name="matriceA_V_addr_102_reg_16518">5, 0, 13, 8</column>
<column name="matriceA_V_addr_103_reg_16523">5, 0, 13, 8</column>
<column name="matriceA_V_addr_104_reg_16528">5, 0, 13, 8</column>
<column name="matriceA_V_addr_105_reg_16533">5, 0, 13, 8</column>
<column name="matriceA_V_addr_106_reg_16538">5, 0, 13, 8</column>
<column name="matriceA_V_addr_107_reg_16543">5, 0, 13, 8</column>
<column name="matriceA_V_addr_108_reg_16548">5, 0, 13, 8</column>
<column name="matriceA_V_addr_109_reg_16553">5, 0, 13, 8</column>
<column name="matriceA_V_addr_10_reg_16058">5, 0, 13, 8</column>
<column name="matriceA_V_addr_110_reg_16558">5, 0, 13, 8</column>
<column name="matriceA_V_addr_111_reg_16563">5, 0, 13, 8</column>
<column name="matriceA_V_addr_112_reg_16568">5, 0, 13, 8</column>
<column name="matriceA_V_addr_113_reg_16573">5, 0, 13, 8</column>
<column name="matriceA_V_addr_114_reg_16578">5, 0, 13, 8</column>
<column name="matriceA_V_addr_115_reg_16583">5, 0, 13, 8</column>
<column name="matriceA_V_addr_116_reg_16588">5, 0, 13, 8</column>
<column name="matriceA_V_addr_117_reg_16593">5, 0, 13, 8</column>
<column name="matriceA_V_addr_118_reg_16598">5, 0, 13, 8</column>
<column name="matriceA_V_addr_119_reg_16603">5, 0, 13, 8</column>
<column name="matriceA_V_addr_11_reg_16063">5, 0, 13, 8</column>
<column name="matriceA_V_addr_120_reg_16608">5, 0, 13, 8</column>
<column name="matriceA_V_addr_121_reg_16613">5, 0, 13, 8</column>
<column name="matriceA_V_addr_122_reg_16618">5, 0, 13, 8</column>
<column name="matriceA_V_addr_123_reg_16623">5, 0, 13, 8</column>
<column name="matriceA_V_addr_124_reg_16628">5, 0, 13, 8</column>
<column name="matriceA_V_addr_125_reg_16633">5, 0, 13, 8</column>
<column name="matriceA_V_addr_126_reg_16638">5, 0, 13, 8</column>
<column name="matriceA_V_addr_127_reg_16643">5, 0, 13, 8</column>
<column name="matriceA_V_addr_128_reg_16648">5, 0, 13, 8</column>
<column name="matriceA_V_addr_129_reg_16653">5, 0, 13, 8</column>
<column name="matriceA_V_addr_12_reg_16068">5, 0, 13, 8</column>
<column name="matriceA_V_addr_130_reg_16658">5, 0, 13, 8</column>
<column name="matriceA_V_addr_131_reg_16663">5, 0, 13, 8</column>
<column name="matriceA_V_addr_132_reg_16668">5, 0, 13, 8</column>
<column name="matriceA_V_addr_133_reg_16673">5, 0, 13, 8</column>
<column name="matriceA_V_addr_134_reg_16678">5, 0, 13, 8</column>
<column name="matriceA_V_addr_135_reg_16683">5, 0, 13, 8</column>
<column name="matriceA_V_addr_136_reg_16688">5, 0, 13, 8</column>
<column name="matriceA_V_addr_137_reg_16693">5, 0, 13, 8</column>
<column name="matriceA_V_addr_138_reg_16698">5, 0, 13, 8</column>
<column name="matriceA_V_addr_139_reg_16703">5, 0, 13, 8</column>
<column name="matriceA_V_addr_13_reg_16073">5, 0, 13, 8</column>
<column name="matriceA_V_addr_140_reg_16708">5, 0, 13, 8</column>
<column name="matriceA_V_addr_141_reg_16713">5, 0, 13, 8</column>
<column name="matriceA_V_addr_142_reg_16718">5, 0, 13, 8</column>
<column name="matriceA_V_addr_143_reg_16723">5, 0, 13, 8</column>
<column name="matriceA_V_addr_144_reg_16728">5, 0, 13, 8</column>
<column name="matriceA_V_addr_145_reg_16733">5, 0, 13, 8</column>
<column name="matriceA_V_addr_146_reg_16738">5, 0, 13, 8</column>
<column name="matriceA_V_addr_147_reg_16743">5, 0, 13, 8</column>
<column name="matriceA_V_addr_148_reg_16748">5, 0, 13, 8</column>
<column name="matriceA_V_addr_149_reg_16753">5, 0, 13, 8</column>
<column name="matriceA_V_addr_14_reg_16078">5, 0, 13, 8</column>
<column name="matriceA_V_addr_150_reg_16758">5, 0, 13, 8</column>
<column name="matriceA_V_addr_151_reg_16763">5, 0, 13, 8</column>
<column name="matriceA_V_addr_152_reg_16768">5, 0, 13, 8</column>
<column name="matriceA_V_addr_153_reg_16773">5, 0, 13, 8</column>
<column name="matriceA_V_addr_154_reg_16778">5, 0, 13, 8</column>
<column name="matriceA_V_addr_155_reg_16783">5, 0, 13, 8</column>
<column name="matriceA_V_addr_156_reg_16788">5, 0, 13, 8</column>
<column name="matriceA_V_addr_157_reg_16793">5, 0, 13, 8</column>
<column name="matriceA_V_addr_158_reg_16798">5, 0, 13, 8</column>
<column name="matriceA_V_addr_159_reg_16803">5, 0, 13, 8</column>
<column name="matriceA_V_addr_15_reg_16083">5, 0, 13, 8</column>
<column name="matriceA_V_addr_160_reg_16808">5, 0, 13, 8</column>
<column name="matriceA_V_addr_161_reg_16813">5, 0, 13, 8</column>
<column name="matriceA_V_addr_162_reg_16818">5, 0, 13, 8</column>
<column name="matriceA_V_addr_163_reg_16823">5, 0, 13, 8</column>
<column name="matriceA_V_addr_164_reg_16828">5, 0, 13, 8</column>
<column name="matriceA_V_addr_165_reg_16833">5, 0, 13, 8</column>
<column name="matriceA_V_addr_166_reg_16838">5, 0, 13, 8</column>
<column name="matriceA_V_addr_167_reg_16843">5, 0, 13, 8</column>
<column name="matriceA_V_addr_168_reg_16848">5, 0, 13, 8</column>
<column name="matriceA_V_addr_169_reg_16853">5, 0, 13, 8</column>
<column name="matriceA_V_addr_16_reg_16088">5, 0, 13, 8</column>
<column name="matriceA_V_addr_170_reg_16858">5, 0, 13, 8</column>
<column name="matriceA_V_addr_171_reg_16863">5, 0, 13, 8</column>
<column name="matriceA_V_addr_172_reg_16868">5, 0, 13, 8</column>
<column name="matriceA_V_addr_173_reg_16873">5, 0, 13, 8</column>
<column name="matriceA_V_addr_174_reg_16878">5, 0, 13, 8</column>
<column name="matriceA_V_addr_175_reg_16883">5, 0, 13, 8</column>
<column name="matriceA_V_addr_176_reg_16888">5, 0, 13, 8</column>
<column name="matriceA_V_addr_177_reg_16893">5, 0, 13, 8</column>
<column name="matriceA_V_addr_178_reg_16898">5, 0, 13, 8</column>
<column name="matriceA_V_addr_179_reg_16903">5, 0, 13, 8</column>
<column name="matriceA_V_addr_17_reg_16093">5, 0, 13, 8</column>
<column name="matriceA_V_addr_180_reg_16908">5, 0, 13, 8</column>
<column name="matriceA_V_addr_181_reg_16913">5, 0, 13, 8</column>
<column name="matriceA_V_addr_182_reg_16918">5, 0, 13, 8</column>
<column name="matriceA_V_addr_183_reg_16923">5, 0, 13, 8</column>
<column name="matriceA_V_addr_184_reg_16928">5, 0, 13, 8</column>
<column name="matriceA_V_addr_185_reg_16933">5, 0, 13, 8</column>
<column name="matriceA_V_addr_186_reg_16938">5, 0, 13, 8</column>
<column name="matriceA_V_addr_187_reg_16943">5, 0, 13, 8</column>
<column name="matriceA_V_addr_188_reg_16948">5, 0, 13, 8</column>
<column name="matriceA_V_addr_189_reg_16953">5, 0, 13, 8</column>
<column name="matriceA_V_addr_18_reg_16098">5, 0, 13, 8</column>
<column name="matriceA_V_addr_190_reg_16958">5, 0, 13, 8</column>
<column name="matriceA_V_addr_191_reg_16963">5, 0, 13, 8</column>
<column name="matriceA_V_addr_192_reg_16968">5, 0, 13, 8</column>
<column name="matriceA_V_addr_193_reg_16973">5, 0, 13, 8</column>
<column name="matriceA_V_addr_194_reg_16978">5, 0, 13, 8</column>
<column name="matriceA_V_addr_195_reg_16983">5, 0, 13, 8</column>
<column name="matriceA_V_addr_196_reg_16988">5, 0, 13, 8</column>
<column name="matriceA_V_addr_197_reg_16993">5, 0, 13, 8</column>
<column name="matriceA_V_addr_198_reg_16998">5, 0, 13, 8</column>
<column name="matriceA_V_addr_199_reg_17003">5, 0, 13, 8</column>
<column name="matriceA_V_addr_19_reg_16103">5, 0, 13, 8</column>
<column name="matriceA_V_addr_1_reg_16013">5, 0, 13, 8</column>
<column name="matriceA_V_addr_200_reg_17008">5, 0, 13, 8</column>
<column name="matriceA_V_addr_201_reg_17013">5, 0, 13, 8</column>
<column name="matriceA_V_addr_202_reg_17018">5, 0, 13, 8</column>
<column name="matriceA_V_addr_203_reg_17023">5, 0, 13, 8</column>
<column name="matriceA_V_addr_204_reg_17028">5, 0, 13, 8</column>
<column name="matriceA_V_addr_205_reg_17033">5, 0, 13, 8</column>
<column name="matriceA_V_addr_206_reg_17038">5, 0, 13, 8</column>
<column name="matriceA_V_addr_207_reg_17043">5, 0, 13, 8</column>
<column name="matriceA_V_addr_208_reg_17048">5, 0, 13, 8</column>
<column name="matriceA_V_addr_209_reg_17053">5, 0, 13, 8</column>
<column name="matriceA_V_addr_20_reg_16108">5, 0, 13, 8</column>
<column name="matriceA_V_addr_210_reg_17058">5, 0, 13, 8</column>
<column name="matriceA_V_addr_211_reg_17063">5, 0, 13, 8</column>
<column name="matriceA_V_addr_212_reg_17068">5, 0, 13, 8</column>
<column name="matriceA_V_addr_213_reg_17073">5, 0, 13, 8</column>
<column name="matriceA_V_addr_214_reg_17078">5, 0, 13, 8</column>
<column name="matriceA_V_addr_215_reg_17083">5, 0, 13, 8</column>
<column name="matriceA_V_addr_216_reg_17088">5, 0, 13, 8</column>
<column name="matriceA_V_addr_217_reg_17093">5, 0, 13, 8</column>
<column name="matriceA_V_addr_218_reg_17098">5, 0, 13, 8</column>
<column name="matriceA_V_addr_219_reg_17103">5, 0, 13, 8</column>
<column name="matriceA_V_addr_21_reg_16113">5, 0, 13, 8</column>
<column name="matriceA_V_addr_220_reg_17108">5, 0, 13, 8</column>
<column name="matriceA_V_addr_221_reg_17113">5, 0, 13, 8</column>
<column name="matriceA_V_addr_222_reg_17118">5, 0, 13, 8</column>
<column name="matriceA_V_addr_223_reg_17123">5, 0, 13, 8</column>
<column name="matriceA_V_addr_224_reg_17128">5, 0, 13, 8</column>
<column name="matriceA_V_addr_225_reg_17133">5, 0, 13, 8</column>
<column name="matriceA_V_addr_226_reg_17138">5, 0, 13, 8</column>
<column name="matriceA_V_addr_227_reg_17143">5, 0, 13, 8</column>
<column name="matriceA_V_addr_228_reg_17148">5, 0, 13, 8</column>
<column name="matriceA_V_addr_229_reg_17153">5, 0, 13, 8</column>
<column name="matriceA_V_addr_22_reg_16118">5, 0, 13, 8</column>
<column name="matriceA_V_addr_230_reg_17158">5, 0, 13, 8</column>
<column name="matriceA_V_addr_231_reg_17163">5, 0, 13, 8</column>
<column name="matriceA_V_addr_232_reg_17168">5, 0, 13, 8</column>
<column name="matriceA_V_addr_233_reg_17173">5, 0, 13, 8</column>
<column name="matriceA_V_addr_234_reg_17178">5, 0, 13, 8</column>
<column name="matriceA_V_addr_235_reg_17183">5, 0, 13, 8</column>
<column name="matriceA_V_addr_236_reg_17188">5, 0, 13, 8</column>
<column name="matriceA_V_addr_237_reg_17193">5, 0, 13, 8</column>
<column name="matriceA_V_addr_238_reg_17198">5, 0, 13, 8</column>
<column name="matriceA_V_addr_239_reg_17203">5, 0, 13, 8</column>
<column name="matriceA_V_addr_23_reg_16123">5, 0, 13, 8</column>
<column name="matriceA_V_addr_240_reg_17208">5, 0, 13, 8</column>
<column name="matriceA_V_addr_241_reg_17213">5, 0, 13, 8</column>
<column name="matriceA_V_addr_242_reg_17218">5, 0, 13, 8</column>
<column name="matriceA_V_addr_243_reg_17223">5, 0, 13, 8</column>
<column name="matriceA_V_addr_244_reg_17228">5, 0, 13, 8</column>
<column name="matriceA_V_addr_245_reg_17233">5, 0, 13, 8</column>
<column name="matriceA_V_addr_246_reg_17238">5, 0, 13, 8</column>
<column name="matriceA_V_addr_247_reg_17243">5, 0, 13, 8</column>
<column name="matriceA_V_addr_248_reg_17248">5, 0, 13, 8</column>
<column name="matriceA_V_addr_249_reg_17253">5, 0, 13, 8</column>
<column name="matriceA_V_addr_24_reg_16128">5, 0, 13, 8</column>
<column name="matriceA_V_addr_250_reg_17258">5, 0, 13, 8</column>
<column name="matriceA_V_addr_251_reg_17263">5, 0, 13, 8</column>
<column name="matriceA_V_addr_252_reg_17268">5, 0, 13, 8</column>
<column name="matriceA_V_addr_253_reg_17273">5, 0, 13, 8</column>
<column name="matriceA_V_addr_254_reg_17278">5, 0, 13, 8</column>
<column name="matriceA_V_addr_255_reg_17283">5, 0, 13, 8</column>
<column name="matriceA_V_addr_25_reg_16133">5, 0, 13, 8</column>
<column name="matriceA_V_addr_26_reg_16138">5, 0, 13, 8</column>
<column name="matriceA_V_addr_27_reg_16143">5, 0, 13, 8</column>
<column name="matriceA_V_addr_28_reg_16148">5, 0, 13, 8</column>
<column name="matriceA_V_addr_29_reg_16153">5, 0, 13, 8</column>
<column name="matriceA_V_addr_2_reg_16018">5, 0, 13, 8</column>
<column name="matriceA_V_addr_30_reg_16158">5, 0, 13, 8</column>
<column name="matriceA_V_addr_31_reg_16163">5, 0, 13, 8</column>
<column name="matriceA_V_addr_32_reg_16168">5, 0, 13, 8</column>
<column name="matriceA_V_addr_33_reg_16173">5, 0, 13, 8</column>
<column name="matriceA_V_addr_34_reg_16178">5, 0, 13, 8</column>
<column name="matriceA_V_addr_35_reg_16183">5, 0, 13, 8</column>
<column name="matriceA_V_addr_36_reg_16188">5, 0, 13, 8</column>
<column name="matriceA_V_addr_37_reg_16193">5, 0, 13, 8</column>
<column name="matriceA_V_addr_38_reg_16198">5, 0, 13, 8</column>
<column name="matriceA_V_addr_39_reg_16203">5, 0, 13, 8</column>
<column name="matriceA_V_addr_3_reg_16023">5, 0, 13, 8</column>
<column name="matriceA_V_addr_40_reg_16208">5, 0, 13, 8</column>
<column name="matriceA_V_addr_41_reg_16213">5, 0, 13, 8</column>
<column name="matriceA_V_addr_42_reg_16218">5, 0, 13, 8</column>
<column name="matriceA_V_addr_43_reg_16223">5, 0, 13, 8</column>
<column name="matriceA_V_addr_44_reg_16228">5, 0, 13, 8</column>
<column name="matriceA_V_addr_45_reg_16233">5, 0, 13, 8</column>
<column name="matriceA_V_addr_46_reg_16238">5, 0, 13, 8</column>
<column name="matriceA_V_addr_47_reg_16243">5, 0, 13, 8</column>
<column name="matriceA_V_addr_48_reg_16248">5, 0, 13, 8</column>
<column name="matriceA_V_addr_49_reg_16253">5, 0, 13, 8</column>
<column name="matriceA_V_addr_4_reg_16028">5, 0, 13, 8</column>
<column name="matriceA_V_addr_50_reg_16258">5, 0, 13, 8</column>
<column name="matriceA_V_addr_51_reg_16263">5, 0, 13, 8</column>
<column name="matriceA_V_addr_52_reg_16268">5, 0, 13, 8</column>
<column name="matriceA_V_addr_53_reg_16273">5, 0, 13, 8</column>
<column name="matriceA_V_addr_54_reg_16278">5, 0, 13, 8</column>
<column name="matriceA_V_addr_55_reg_16283">5, 0, 13, 8</column>
<column name="matriceA_V_addr_56_reg_16288">5, 0, 13, 8</column>
<column name="matriceA_V_addr_57_reg_16293">5, 0, 13, 8</column>
<column name="matriceA_V_addr_58_reg_16298">5, 0, 13, 8</column>
<column name="matriceA_V_addr_59_reg_16303">5, 0, 13, 8</column>
<column name="matriceA_V_addr_5_reg_16033">5, 0, 13, 8</column>
<column name="matriceA_V_addr_60_reg_16308">5, 0, 13, 8</column>
<column name="matriceA_V_addr_61_reg_16313">5, 0, 13, 8</column>
<column name="matriceA_V_addr_62_reg_16318">5, 0, 13, 8</column>
<column name="matriceA_V_addr_63_reg_16323">5, 0, 13, 8</column>
<column name="matriceA_V_addr_64_reg_16328">5, 0, 13, 8</column>
<column name="matriceA_V_addr_65_reg_16333">5, 0, 13, 8</column>
<column name="matriceA_V_addr_66_reg_16338">5, 0, 13, 8</column>
<column name="matriceA_V_addr_67_reg_16343">5, 0, 13, 8</column>
<column name="matriceA_V_addr_68_reg_16348">5, 0, 13, 8</column>
<column name="matriceA_V_addr_69_reg_16353">5, 0, 13, 8</column>
<column name="matriceA_V_addr_6_reg_16038">5, 0, 13, 8</column>
<column name="matriceA_V_addr_70_reg_16358">5, 0, 13, 8</column>
<column name="matriceA_V_addr_71_reg_16363">5, 0, 13, 8</column>
<column name="matriceA_V_addr_72_reg_16368">5, 0, 13, 8</column>
<column name="matriceA_V_addr_73_reg_16373">5, 0, 13, 8</column>
<column name="matriceA_V_addr_74_reg_16378">5, 0, 13, 8</column>
<column name="matriceA_V_addr_75_reg_16383">5, 0, 13, 8</column>
<column name="matriceA_V_addr_76_reg_16388">5, 0, 13, 8</column>
<column name="matriceA_V_addr_77_reg_16393">5, 0, 13, 8</column>
<column name="matriceA_V_addr_78_reg_16398">5, 0, 13, 8</column>
<column name="matriceA_V_addr_79_reg_16403">5, 0, 13, 8</column>
<column name="matriceA_V_addr_7_reg_16043">5, 0, 13, 8</column>
<column name="matriceA_V_addr_80_reg_16408">5, 0, 13, 8</column>
<column name="matriceA_V_addr_81_reg_16413">5, 0, 13, 8</column>
<column name="matriceA_V_addr_82_reg_16418">5, 0, 13, 8</column>
<column name="matriceA_V_addr_83_reg_16423">5, 0, 13, 8</column>
<column name="matriceA_V_addr_84_reg_16428">5, 0, 13, 8</column>
<column name="matriceA_V_addr_85_reg_16433">5, 0, 13, 8</column>
<column name="matriceA_V_addr_86_reg_16438">5, 0, 13, 8</column>
<column name="matriceA_V_addr_87_reg_16443">5, 0, 13, 8</column>
<column name="matriceA_V_addr_88_reg_16448">5, 0, 13, 8</column>
<column name="matriceA_V_addr_89_reg_16453">5, 0, 13, 8</column>
<column name="matriceA_V_addr_8_reg_16048">5, 0, 13, 8</column>
<column name="matriceA_V_addr_90_reg_16458">5, 0, 13, 8</column>
<column name="matriceA_V_addr_91_reg_16463">5, 0, 13, 8</column>
<column name="matriceA_V_addr_92_reg_16468">5, 0, 13, 8</column>
<column name="matriceA_V_addr_93_reg_16473">5, 0, 13, 8</column>
<column name="matriceA_V_addr_94_reg_16478">5, 0, 13, 8</column>
<column name="matriceA_V_addr_95_reg_16483">5, 0, 13, 8</column>
<column name="matriceA_V_addr_96_reg_16488">5, 0, 13, 8</column>
<column name="matriceA_V_addr_97_reg_16493">5, 0, 13, 8</column>
<column name="matriceA_V_addr_98_reg_16498">5, 0, 13, 8</column>
<column name="matriceA_V_addr_99_reg_16503">5, 0, 13, 8</column>
<column name="matriceA_V_addr_9_reg_16053">5, 0, 13, 8</column>
<column name="matriceA_V_addr_reg_16008">5, 0, 13, 8</column>
<column name="xor_ln1355_reg_17306">6, 0, 6, 0</column>
<column name="zext_ln12_reg_17288">6, 0, 12, 6</column>
<column name="zext_ln1355_256_reg_18529">6, 0, 13, 7</column>
<column name="zext_ln1355_259_reg_17453">6, 0, 10, 4</column>
<column name="zext_ln1355_260_reg_17613">6, 0, 11, 5</column>
<column name="zext_ln1355_261_reg_17923">6, 0, 12, 6</column>
</table>
</item>
</section>
</item>
</section>

<section name = "Interface" level="0">
<item name = "Summary"><table name="" hasTotal="0">
<keys size="6">RTL Ports, Dir, Bits, Protocol, Source Object, C Type</keys>
<column name="ap_clk">in, 1, ap_ctrl_hs, multmat, return value</column>
<column name="ap_rst">in, 1, ap_ctrl_hs, multmat, return value</column>
<column name="ap_start">in, 1, ap_ctrl_hs, multmat, return value</column>
<column name="ap_done">out, 1, ap_ctrl_hs, multmat, return value</column>
<column name="ap_idle">out, 1, ap_ctrl_hs, multmat, return value</column>
<column name="ap_ready">out, 1, ap_ctrl_hs, multmat, return value</column>
<column name="matriceA_V_address0">out, 13, ap_memory, matriceA_V, array</column>
<column name="matriceA_V_ce0">out, 1, ap_memory, matriceA_V, array</column>
<column name="matriceA_V_q0">in, 1, ap_memory, matriceA_V, array</column>
<column name="matriceA_V_address1">out, 13, ap_memory, matriceA_V, array</column>
<column name="matriceA_V_ce1">out, 1, ap_memory, matriceA_V, array</column>
<column name="matriceA_V_q1">in, 1, ap_memory, matriceA_V, array</column>
<column name="matriceB_V_address0">out, 13, ap_memory, matriceB_V, array</column>
<column name="matriceB_V_ce0">out, 1, ap_memory, matriceB_V, array</column>
<column name="matriceB_V_q0">in, 1, ap_memory, matriceB_V, array</column>
<column name="matriceB_V_address1">out, 13, ap_memory, matriceB_V, array</column>
<column name="matriceB_V_ce1">out, 1, ap_memory, matriceB_V, array</column>
<column name="matriceB_V_q1">in, 1, ap_memory, matriceB_V, array</column>
<column name="matriceC_V_address0">out, 10, ap_memory, matriceC_V, array</column>
<column name="matriceC_V_ce0">out, 1, ap_memory, matriceC_V, array</column>
<column name="matriceC_V_we0">out, 1, ap_memory, matriceC_V, array</column>
<column name="matriceC_V_d0">out, 9, ap_memory, matriceC_V, array</column>
</table>
</item>
</section>
</profile>
