<stg><name>multmat2</name>


<trans_list>

<trans id="60" from="1" to="2">
<condition id="-1">
<or_exp><and_exp></and_exp></or_exp>
</condition>
</trans>

<trans id="61" from="2" to="3">
<condition id="-1">
<or_exp><and_exp><literal name="icmp_ln27" val="0"/>
</and_exp></or_exp>
</condition>
</trans>

<trans id="62" from="3" to="4">
<condition id="-1">
<or_exp><and_exp><literal name="icmp_ln29" val="0"/>
</and_exp></or_exp>
</condition>
</trans>

<trans id="67" from="3" to="2">
<condition id="-1">
<or_exp><and_exp><literal name="icmp_ln29" val="1"/>
</and_exp></or_exp>
</condition>
</trans>

<trans id="63" from="4" to="5">
<condition id="-1">
<or_exp><and_exp><literal name="icmp_ln32" val="0"/>
</and_exp></or_exp>
</condition>
</trans>

<trans id="66" from="4" to="3">
<condition id="-1">
<or_exp><and_exp><literal name="icmp_ln32" val="1"/>
</and_exp></or_exp>
</condition>
</trans>

<trans id="65" from="5" to="4">
<condition id="-1">
<or_exp><and_exp></and_exp></or_exp>
</condition>
</trans>
</trans_list>



<state_list>

<state id="1" st_id="1">

<operation id="6" st_id="1" stage="1" lat="1">
<core>NULL</core>
<MemPortIdVec></MemPortIdVec>
<condition id="-1">
<or_exp><and_exp></and_exp></or_exp>
</condition>

<Node id="4" bw="0" op_0_bw="0">
<![CDATA[
:0  br label %1

]]></Node>
<StgValue><ssdm name="br_ln27"/></StgValue>
</operation>
</state>

<state id="2" st_id="2">

<operation id="7" st_id="2" stage="1" lat="1">
<core>NULL</core>
<MemPortIdVec></MemPortIdVec>
<condition id="-1">
<or_exp><and_exp></and_exp></or_exp>
</condition>

<Node id="6" bw="6" op_0_bw="6" op_1_bw="0" op_2_bw="6" op_3_bw="0">
<![CDATA[
:0  %i_0 = phi i6 [ 0, %0 ], [ %i, %multiplierMatrices_label6_end ]

]]></Node>
<StgValue><ssdm name="i_0"/></StgValue>
</operation>

<operation id="8" st_id="2" stage="1" lat="1">
<core>Cmp</core>
<MemPortIdVec></MemPortIdVec>
<condition id="-1">
<or_exp><and_exp></and_exp></or_exp>
</condition>

<Node id="7" bw="1" op_0_bw="6" op_1_bw="6">
<![CDATA[
:1  %icmp_ln27 = icmp eq i6 %i_0, -32

]]></Node>
<StgValue><ssdm name="icmp_ln27"/></StgValue>
</operation>

<operation id="9" st_id="2" stage="1" lat="1">
<core>NULL</core>
<MemPortIdVec></MemPortIdVec>
<condition id="-1">
<or_exp><and_exp></and_exp></or_exp>
</condition>

<Node id="8" bw="32" op_0_bw="32" op_1_bw="64" op_2_bw="64" op_3_bw="64">
<![CDATA[
:2  %empty = call i32 (...)* @_ssdm_op_SpecLoopTripCount(i64 32, i64 32, i64 32)

]]></Node>
<StgValue><ssdm name="empty"/></StgValue>
</operation>

<operation id="10" st_id="2" stage="1" lat="1">
<core>AddSub</core>
<MemPortIdVec></MemPortIdVec>
<condition id="-1">
<or_exp><and_exp></and_exp></or_exp>
</condition>

<Node id="9" bw="6" op_0_bw="6" op_1_bw="6">
<![CDATA[
:3  %i = add i6 %i_0, 1

]]></Node>
<StgValue><ssdm name="i"/></StgValue>
</operation>

<operation id="11" st_id="2" stage="1" lat="1">
<core>NULL</core>
<MemPortIdVec></MemPortIdVec>
<condition id="-1">
<or_exp><and_exp></and_exp></or_exp>
</condition>

<Node id="10" bw="0" op_0_bw="1" op_1_bw="0" op_2_bw="0">
<![CDATA[
:4  br i1 %icmp_ln27, label %5, label %multiplierMatrices_label6_begin

]]></Node>
<StgValue><ssdm name="br_ln27"/></StgValue>
</operation>

<operation id="12" st_id="2" stage="1" lat="1">
<core>NULL</core>
<MemPortIdVec></MemPortIdVec>
<condition id="-1">
<or_exp><and_exp><literal name="icmp_ln27" val="0"/>
</and_exp></or_exp>
</condition>

<Node id="12" bw="0" op_0_bw="0" op_1_bw="0">
<![CDATA[
multiplierMatrices_label6_begin:0  call void (...)* @_ssdm_op_SpecLoopName([26 x i8]* @p_str) nounwind

]]></Node>
<StgValue><ssdm name="specloopname_ln28"/></StgValue>
</operation>

<operation id="13" st_id="2" stage="1" lat="1">
<core>NULL</core>
<MemPortIdVec></MemPortIdVec>
<condition id="-1">
<or_exp><and_exp><literal name="icmp_ln27" val="0"/>
</and_exp></or_exp>
</condition>

<Node id="13" bw="32" op_0_bw="32" op_1_bw="0">
<![CDATA[
multiplierMatrices_label6_begin:1  %tmp = call i32 (...)* @_ssdm_op_SpecRegionBegin([26 x i8]* @p_str)

]]></Node>
<StgValue><ssdm name="tmp"/></StgValue>
</operation>

<operation id="14" st_id="2" stage="1" lat="1">
<core>NULL</core>
<MemPortIdVec></MemPortIdVec>
<condition id="-1">
<or_exp><and_exp><literal name="icmp_ln27" val="0"/>
</and_exp></or_exp>
</condition>

<Node id="14" bw="11" op_0_bw="11" op_1_bw="6" op_2_bw="5">
<![CDATA[
multiplierMatrices_label6_begin:2  %tmp_s = call i11 @_ssdm_op_BitConcatenate.i11.i6.i5(i6 %i_0, i5 0)

]]></Node>
<StgValue><ssdm name="tmp_s"/></StgValue>
</operation>

<operation id="15" st_id="2" stage="1" lat="1">
<core>NULL</core>
<MemPortIdVec></MemPortIdVec>
<condition id="-1">
<or_exp><and_exp><literal name="icmp_ln27" val="0"/>
</and_exp></or_exp>
</condition>

<Node id="15" bw="12" op_0_bw="11">
<![CDATA[
multiplierMatrices_label6_begin:3  %zext_ln29 = zext i11 %tmp_s to i12

]]></Node>
<StgValue><ssdm name="zext_ln29"/></StgValue>
</operation>

<operation id="16" st_id="2" stage="1" lat="1">
<core>NULL</core>
<MemPortIdVec></MemPortIdVec>
<condition id="-1">
<or_exp><and_exp><literal name="icmp_ln27" val="0"/>
</and_exp></or_exp>
</condition>

<Node id="16" bw="0" op_0_bw="0">
<![CDATA[
multiplierMatrices_label6_begin:4  br label %2

]]></Node>
<StgValue><ssdm name="br_ln29"/></StgValue>
</operation>

<operation id="17" st_id="2" stage="1" lat="1">
<core>NULL</core>
<MemPortIdVec></MemPortIdVec>
<condition id="-1">
<or_exp><and_exp><literal name="icmp_ln27" val="1"/>
</and_exp></or_exp>
</condition>

<Node id="64" bw="0">
<![CDATA[
:0  ret void

]]></Node>
<StgValue><ssdm name="ret_ln39"/></StgValue>
</operation>
</state>

<state id="3" st_id="3">

<operation id="18" st_id="3" stage="1" lat="1">
<core>NULL</core>
<MemPortIdVec></MemPortIdVec>
<condition id="-1">
<or_exp><and_exp></and_exp></or_exp>
</condition>

<Node id="18" bw="6" op_0_bw="6" op_1_bw="0" op_2_bw="6" op_3_bw="0">
<![CDATA[
:0  %j_0 = phi i6 [ 0, %multiplierMatrices_label6_begin ], [ %j, %multiplierMatrices_label7_end ]

]]></Node>
<StgValue><ssdm name="j_0"/></StgValue>
</operation>

<operation id="19" st_id="3" stage="1" lat="1">
<core>Cmp</core>
<MemPortIdVec></MemPortIdVec>
<condition id="-1">
<or_exp><and_exp></and_exp></or_exp>
</condition>

<Node id="19" bw="1" op_0_bw="6" op_1_bw="6">
<![CDATA[
:1  %icmp_ln29 = icmp eq i6 %j_0, -32

]]></Node>
<StgValue><ssdm name="icmp_ln29"/></StgValue>
</operation>

<operation id="20" st_id="3" stage="1" lat="1">
<core>NULL</core>
<MemPortIdVec></MemPortIdVec>
<condition id="-1">
<or_exp><and_exp></and_exp></or_exp>
</condition>

<Node id="20" bw="32" op_0_bw="32" op_1_bw="64" op_2_bw="64" op_3_bw="64">
<![CDATA[
:2  %empty_5 = call i32 (...)* @_ssdm_op_SpecLoopTripCount(i64 32, i64 32, i64 32)

]]></Node>
<StgValue><ssdm name="empty_5"/></StgValue>
</operation>

<operation id="21" st_id="3" stage="1" lat="1">
<core>AddSub</core>
<MemPortIdVec></MemPortIdVec>
<condition id="-1">
<or_exp><and_exp></and_exp></or_exp>
</condition>

<Node id="21" bw="6" op_0_bw="6" op_1_bw="6">
<![CDATA[
:3  %j = add i6 %j_0, 1

]]></Node>
<StgValue><ssdm name="j"/></StgValue>
</operation>

<operation id="22" st_id="3" stage="1" lat="1">
<core>NULL</core>
<MemPortIdVec></MemPortIdVec>
<condition id="-1">
<or_exp><and_exp></and_exp></or_exp>
</condition>

<Node id="22" bw="0" op_0_bw="1" op_1_bw="0" op_2_bw="0">
<![CDATA[
:4  br i1 %icmp_ln29, label %multiplierMatrices_label6_end, label %multiplierMatrices_label7_begin

]]></Node>
<StgValue><ssdm name="br_ln29"/></StgValue>
</operation>

<operation id="23" st_id="3" stage="1" lat="1">
<core>NULL</core>
<MemPortIdVec></MemPortIdVec>
<condition id="-1">
<or_exp><and_exp><literal name="icmp_ln29" val="0"/>
</and_exp></or_exp>
</condition>

<Node id="24" bw="0" op_0_bw="0" op_1_bw="0">
<![CDATA[
multiplierMatrices_label7_begin:0  call void (...)* @_ssdm_op_SpecLoopName([26 x i8]* @p_str1) nounwind

]]></Node>
<StgValue><ssdm name="specloopname_ln30"/></StgValue>
</operation>

<operation id="24" st_id="3" stage="1" lat="1">
<core>NULL</core>
<MemPortIdVec></MemPortIdVec>
<condition id="-1">
<or_exp><and_exp><literal name="icmp_ln29" val="0"/>
</and_exp></or_exp>
</condition>

<Node id="25" bw="32" op_0_bw="32" op_1_bw="0">
<![CDATA[
multiplierMatrices_label7_begin:1  %tmp_1 = call i32 (...)* @_ssdm_op_SpecRegionBegin([26 x i8]* @p_str1)

]]></Node>
<StgValue><ssdm name="tmp_1"/></StgValue>
</operation>

<operation id="25" st_id="3" stage="1" lat="1">
<core>NULL</core>
<MemPortIdVec></MemPortIdVec>
<condition id="-1">
<or_exp><and_exp><literal name="icmp_ln29" val="0"/>
</and_exp></or_exp>
</condition>

<Node id="26" bw="12" op_0_bw="6">
<![CDATA[
multiplierMatrices_label7_begin:2  %zext_ln321 = zext i6 %j_0 to i12

]]></Node>
<StgValue><ssdm name="zext_ln321"/></StgValue>
</operation>

<operation id="26" st_id="3" stage="1" lat="1">
<core>AddSub</core>
<MemPortIdVec></MemPortIdVec>
<condition id="-1">
<or_exp><and_exp><literal name="icmp_ln29" val="0"/>
</and_exp></or_exp>
</condition>

<Node id="27" bw="12" op_0_bw="12" op_1_bw="12">
<![CDATA[
multiplierMatrices_label7_begin:3  %add_ln321 = add i12 %zext_ln29, %zext_ln321

]]></Node>
<StgValue><ssdm name="add_ln321"/></StgValue>
</operation>

<operation id="27" st_id="3" stage="1" lat="1">
<core>NULL</core>
<MemPortIdVec></MemPortIdVec>
<condition id="-1">
<or_exp><and_exp><literal name="icmp_ln29" val="0"/>
</and_exp></or_exp>
</condition>

<Node id="28" bw="64" op_0_bw="12">
<![CDATA[
multiplierMatrices_label7_begin:4  %zext_ln321_20 = zext i12 %add_ln321 to i64

]]></Node>
<StgValue><ssdm name="zext_ln321_20"/></StgValue>
</operation>

<operation id="28" st_id="3" stage="1" lat="1">
<core>NULL</core>
<MemPortIdVec></MemPortIdVec>
<condition id="-1">
<or_exp><and_exp><literal name="icmp_ln29" val="0"/>
</and_exp></or_exp>
</condition>

<Node id="29" bw="13" op_0_bw="14" op_1_bw="64" op_2_bw="64">
<![CDATA[
multiplierMatrices_label7_begin:5  %matriceC_V_addr = getelementptr [8192 x i14]* %matriceC_V, i64 0, i64 %zext_ln321_20

]]></Node>
<StgValue><ssdm name="matriceC_V_addr"/></StgValue>
</operation>

<operation id="29" st_id="3" stage="1" lat="1">
<core>NULL</core>
<MemPortIdVec></MemPortIdVec>
<condition id="-1">
<or_exp><and_exp><literal name="icmp_ln29" val="0"/>
</and_exp></or_exp>
</condition>

<Node id="30" bw="0" op_0_bw="0">
<![CDATA[
multiplierMatrices_label7_begin:6  br label %3

]]></Node>
<StgValue><ssdm name="br_ln32"/></StgValue>
</operation>

<operation id="30" st_id="3" stage="1" lat="1">
<core>NULL</core>
<MemPortIdVec></MemPortIdVec>
<condition id="-1">
<or_exp><and_exp><literal name="icmp_ln29" val="1"/>
</and_exp></or_exp>
</condition>

<Node id="61" bw="32" op_0_bw="32" op_1_bw="0" op_2_bw="32">
<![CDATA[
multiplierMatrices_label6_end:0  %empty_8 = call i32 (...)* @_ssdm_op_SpecRegionEnd([26 x i8]* @p_str, i32 %tmp)

]]></Node>
<StgValue><ssdm name="empty_8"/></StgValue>
</operation>

<operation id="31" st_id="3" stage="1" lat="1">
<core>NULL</core>
<MemPortIdVec></MemPortIdVec>
<condition id="-1">
<or_exp><and_exp><literal name="icmp_ln29" val="1"/>
</and_exp></or_exp>
</condition>

<Node id="62" bw="0" op_0_bw="0">
<![CDATA[
multiplierMatrices_label6_end:1  br label %1

]]></Node>
<StgValue><ssdm name="br_ln27"/></StgValue>
</operation>
</state>

<state id="4" st_id="4">

<operation id="32" st_id="4" stage="1" lat="1">
<core>NULL</core>
<MemPortIdVec></MemPortIdVec>
<condition id="-1">
<or_exp><and_exp></and_exp></or_exp>
</condition>

<Node id="32" bw="14" op_0_bw="14" op_1_bw="0" op_2_bw="14" op_3_bw="0">
<![CDATA[
:0  %matriceC_V_load = phi i14 [ 0, %multiplierMatrices_label7_begin ], [ %add_ln700, %4 ]

]]></Node>
<StgValue><ssdm name="matriceC_V_load"/></StgValue>
</operation>

<operation id="33" st_id="4" stage="1" lat="1">
<core>NULL</core>
<MemPortIdVec></MemPortIdVec>
<condition id="-1">
<or_exp><and_exp></and_exp></or_exp>
</condition>

<Node id="33" bw="6" op_0_bw="6" op_1_bw="0" op_2_bw="6" op_3_bw="0">
<![CDATA[
:1  %k_0 = phi i6 [ 0, %multiplierMatrices_label7_begin ], [ %k, %4 ]

]]></Node>
<StgValue><ssdm name="k_0"/></StgValue>
</operation>

<operation id="34" st_id="4" stage="1" lat="1">
<core>RAM</core>
<MemPortIdVec></MemPortIdVec>
<condition id="-1">
<or_exp><and_exp></and_exp></or_exp>
</condition>

<Node id="34" bw="0" op_0_bw="14" op_1_bw="13">
<![CDATA[
:2  store i14 %matriceC_V_load, i14* %matriceC_V_addr, align 2

]]></Node>
<StgValue><ssdm name="store_ln35"/></StgValue>
</operation>

<operation id="35" st_id="4" stage="1" lat="1">
<core>Cmp</core>
<MemPortIdVec></MemPortIdVec>
<condition id="-1">
<or_exp><and_exp></and_exp></or_exp>
</condition>

<Node id="35" bw="1" op_0_bw="6" op_1_bw="6">
<![CDATA[
:3  %icmp_ln32 = icmp eq i6 %k_0, -32

]]></Node>
<StgValue><ssdm name="icmp_ln32"/></StgValue>
</operation>

<operation id="36" st_id="4" stage="1" lat="1">
<core>NULL</core>
<MemPortIdVec></MemPortIdVec>
<condition id="-1">
<or_exp><and_exp></and_exp></or_exp>
</condition>

<Node id="36" bw="32" op_0_bw="32" op_1_bw="64" op_2_bw="64" op_3_bw="64">
<![CDATA[
:4  %empty_6 = call i32 (...)* @_ssdm_op_SpecLoopTripCount(i64 32, i64 32, i64 32)

]]></Node>
<StgValue><ssdm name="empty_6"/></StgValue>
</operation>

<operation id="37" st_id="4" stage="1" lat="1">
<core>AddSub</core>
<MemPortIdVec></MemPortIdVec>
<condition id="-1">
<or_exp><and_exp></and_exp></or_exp>
</condition>

<Node id="37" bw="6" op_0_bw="6" op_1_bw="6">
<![CDATA[
:5  %k = add i6 %k_0, 1

]]></Node>
<StgValue><ssdm name="k"/></StgValue>
</operation>

<operation id="38" st_id="4" stage="1" lat="1">
<core>NULL</core>
<MemPortIdVec></MemPortIdVec>
<condition id="-1">
<or_exp><and_exp></and_exp></or_exp>
</condition>

<Node id="38" bw="0" op_0_bw="1" op_1_bw="0" op_2_bw="0">
<![CDATA[
:6  br i1 %icmp_ln32, label %multiplierMatrices_label7_end, label %4

]]></Node>
<StgValue><ssdm name="br_ln32"/></StgValue>
</operation>

<operation id="39" st_id="4" stage="1" lat="1">
<core>NULL</core>
<MemPortIdVec></MemPortIdVec>
<condition id="-1">
<or_exp><and_exp><literal name="icmp_ln32" val="0"/>
</and_exp></or_exp>
</condition>

<Node id="41" bw="12" op_0_bw="6">
<![CDATA[
:1  %zext_ln1355 = zext i6 %k_0 to i12

]]></Node>
<StgValue><ssdm name="zext_ln1355"/></StgValue>
</operation>

<operation id="40" st_id="4" stage="1" lat="1">
<core>AddSub</core>
<MemPortIdVec></MemPortIdVec>
<condition id="-1">
<or_exp><and_exp><literal name="icmp_ln32" val="0"/>
</and_exp></or_exp>
</condition>

<Node id="42" bw="12" op_0_bw="12" op_1_bw="12">
<![CDATA[
:2  %add_ln1355 = add i12 %zext_ln29, %zext_ln1355

]]></Node>
<StgValue><ssdm name="add_ln1355"/></StgValue>
</operation>

<operation id="41" st_id="4" stage="1" lat="1">
<core>NULL</core>
<MemPortIdVec></MemPortIdVec>
<condition id="-1">
<or_exp><and_exp><literal name="icmp_ln32" val="0"/>
</and_exp></or_exp>
</condition>

<Node id="43" bw="64" op_0_bw="12">
<![CDATA[
:3  %zext_ln1355_1 = zext i12 %add_ln1355 to i64

]]></Node>
<StgValue><ssdm name="zext_ln1355_1"/></StgValue>
</operation>

<operation id="42" st_id="4" stage="1" lat="1">
<core>NULL</core>
<MemPortIdVec></MemPortIdVec>
<condition id="-1">
<or_exp><and_exp><literal name="icmp_ln32" val="0"/>
</and_exp></or_exp>
</condition>

<Node id="44" bw="10" op_0_bw="9" op_1_bw="64" op_2_bw="64">
<![CDATA[
:4  %matriceA_V_addr = getelementptr [1024 x i9]* %matriceA_V, i64 0, i64 %zext_ln1355_1

]]></Node>
<StgValue><ssdm name="matriceA_V_addr"/></StgValue>
</operation>

<operation id="43" st_id="4" stage="1" lat="1">
<core>NULL</core>
<MemPortIdVec></MemPortIdVec>
<condition id="-1">
<or_exp><and_exp><literal name="icmp_ln32" val="0"/>
</and_exp></or_exp>
</condition>

<Node id="45" bw="11" op_0_bw="11" op_1_bw="6" op_2_bw="5">
<![CDATA[
:5  %tmp_46 = call i11 @_ssdm_op_BitConcatenate.i11.i6.i5(i6 %k_0, i5 0)

]]></Node>
<StgValue><ssdm name="tmp_46"/></StgValue>
</operation>

<operation id="44" st_id="4" stage="1" lat="1">
<core>NULL</core>
<MemPortIdVec></MemPortIdVec>
<condition id="-1">
<or_exp><and_exp><literal name="icmp_ln32" val="0"/>
</and_exp></or_exp>
</condition>

<Node id="46" bw="12" op_0_bw="11">
<![CDATA[
:6  %zext_ln215 = zext i11 %tmp_46 to i12

]]></Node>
<StgValue><ssdm name="zext_ln215"/></StgValue>
</operation>

<operation id="45" st_id="4" stage="1" lat="1">
<core>AddSub</core>
<MemPortIdVec></MemPortIdVec>
<condition id="-1">
<or_exp><and_exp><literal name="icmp_ln32" val="0"/>
</and_exp></or_exp>
</condition>

<Node id="47" bw="12" op_0_bw="12" op_1_bw="12">
<![CDATA[
:7  %add_ln215 = add i12 %zext_ln215, %zext_ln321

]]></Node>
<StgValue><ssdm name="add_ln215"/></StgValue>
</operation>

<operation id="46" st_id="4" stage="1" lat="1">
<core>NULL</core>
<MemPortIdVec></MemPortIdVec>
<condition id="-1">
<or_exp><and_exp><literal name="icmp_ln32" val="0"/>
</and_exp></or_exp>
</condition>

<Node id="48" bw="64" op_0_bw="12">
<![CDATA[
:8  %zext_ln215_1 = zext i12 %add_ln215 to i64

]]></Node>
<StgValue><ssdm name="zext_ln215_1"/></StgValue>
</operation>

<operation id="47" st_id="4" stage="1" lat="1">
<core>NULL</core>
<MemPortIdVec></MemPortIdVec>
<condition id="-1">
<or_exp><and_exp><literal name="icmp_ln32" val="0"/>
</and_exp></or_exp>
</condition>

<Node id="49" bw="13" op_0_bw="1" op_1_bw="64" op_2_bw="64">
<![CDATA[
:9  %matriceB_V_addr = getelementptr [8192 x i1]* %matriceB_V, i64 0, i64 %zext_ln215_1

]]></Node>
<StgValue><ssdm name="matriceB_V_addr"/></StgValue>
</operation>

<operation id="48" st_id="4" stage="2" lat="2">
<core>RAM</core>
<MemPortIdVec></MemPortIdVec>
<condition id="-1">
<or_exp><and_exp><literal name="icmp_ln32" val="0"/>
</and_exp></or_exp>
</condition>

<Node id="50" bw="9" op_0_bw="10">
<![CDATA[
:10  %lhs_V = load i9* %matriceA_V_addr, align 2

]]></Node>
<StgValue><ssdm name="lhs_V"/></StgValue>
</operation>

<operation id="49" st_id="4" stage="2" lat="2">
<core>RAM</core>
<MemPortIdVec></MemPortIdVec>
<condition id="-1">
<or_exp><and_exp><literal name="icmp_ln32" val="0"/>
</and_exp></or_exp>
</condition>

<Node id="52" bw="1" op_0_bw="13">
<![CDATA[
:12  %matriceB_V_load = load i1* %matriceB_V_addr, align 1

]]></Node>
<StgValue><ssdm name="matriceB_V_load"/></StgValue>
</operation>

<operation id="50" st_id="4" stage="1" lat="1">
<core>NULL</core>
<MemPortIdVec></MemPortIdVec>
<condition id="-1">
<or_exp><and_exp><literal name="icmp_ln32" val="1"/>
</and_exp></or_exp>
</condition>

<Node id="58" bw="32" op_0_bw="32" op_1_bw="0" op_2_bw="32">
<![CDATA[
multiplierMatrices_label7_end:0  %empty_7 = call i32 (...)* @_ssdm_op_SpecRegionEnd([26 x i8]* @p_str1, i32 %tmp_1)

]]></Node>
<StgValue><ssdm name="empty_7"/></StgValue>
</operation>

<operation id="51" st_id="4" stage="1" lat="1">
<core>NULL</core>
<MemPortIdVec></MemPortIdVec>
<condition id="-1">
<or_exp><and_exp><literal name="icmp_ln32" val="1"/>
</and_exp></or_exp>
</condition>

<Node id="59" bw="0" op_0_bw="0">
<![CDATA[
multiplierMatrices_label7_end:1  br label %2

]]></Node>
<StgValue><ssdm name="br_ln29"/></StgValue>
</operation>
</state>

<state id="5" st_id="5">

<operation id="52" st_id="5" stage="1" lat="1">
<core>NULL</core>
<MemPortIdVec></MemPortIdVec>
<condition id="-1">
<or_exp><and_exp></and_exp></or_exp>
</condition>

<Node id="40" bw="0" op_0_bw="0" op_1_bw="0">
<![CDATA[
:0  call void (...)* @_ssdm_op_SpecLoopName([15 x i8]* @p_str2) nounwind

]]></Node>
<StgValue><ssdm name="specloopname_ln33"/></StgValue>
</operation>

<operation id="53" st_id="5" stage="1" lat="2">
<core>RAM</core>
<MemPortIdVec></MemPortIdVec>
<condition id="-1">
<or_exp><and_exp></and_exp></or_exp>
</condition>

<Node id="50" bw="9" op_0_bw="10">
<![CDATA[
:10  %lhs_V = load i9* %matriceA_V_addr, align 2

]]></Node>
<StgValue><ssdm name="lhs_V"/></StgValue>
</operation>

<operation id="54" st_id="5" stage="1" lat="1">
<core>NULL</core>
<MemPortIdVec></MemPortIdVec>
<condition id="-1">
<or_exp><and_exp></and_exp></or_exp>
</condition>

<Node id="51" bw="1" op_0_bw="9">
<![CDATA[
:11  %trunc_ln1355 = trunc i9 %lhs_V to i1

]]></Node>
<StgValue><ssdm name="trunc_ln1355"/></StgValue>
</operation>

<operation id="55" st_id="5" stage="1" lat="2">
<core>RAM</core>
<MemPortIdVec></MemPortIdVec>
<condition id="-1">
<or_exp><and_exp></and_exp></or_exp>
</condition>

<Node id="52" bw="1" op_0_bw="13">
<![CDATA[
:12  %matriceB_V_load = load i1* %matriceB_V_addr, align 1

]]></Node>
<StgValue><ssdm name="matriceB_V_load"/></StgValue>
</operation>

<operation id="56" st_id="5" stage="1" lat="1">
<core>LogicGate</core>
<MemPortIdVec></MemPortIdVec>
<condition id="-1">
<or_exp><and_exp></and_exp></or_exp>
</condition>

<Node id="53" bw="1" op_0_bw="1" op_1_bw="1">
<![CDATA[
:13  %ret_V = and i1 %trunc_ln1355, %matriceB_V_load

]]></Node>
<StgValue><ssdm name="ret_V"/></StgValue>
</operation>

<operation id="57" st_id="5" stage="1" lat="1">
<core>NULL</core>
<MemPortIdVec></MemPortIdVec>
<condition id="-1">
<or_exp><and_exp></and_exp></or_exp>
</condition>

<Node id="54" bw="14" op_0_bw="1">
<![CDATA[
:14  %Entree_V = zext i1 %ret_V to i14

]]></Node>
<StgValue><ssdm name="Entree_V"/></StgValue>
</operation>

<operation id="58" st_id="5" stage="1" lat="1">
<core>AddSub</core>
<MemPortIdVec></MemPortIdVec>
<condition id="-1">
<or_exp><and_exp></and_exp></or_exp>
</condition>

<Node id="55" bw="14" op_0_bw="14" op_1_bw="14">
<![CDATA[
:15  %add_ln700 = add i14 %Entree_V, %matriceC_V_load

]]></Node>
<StgValue><ssdm name="add_ln700"/></StgValue>
</operation>

<operation id="59" st_id="5" stage="1" lat="1">
<core>NULL</core>
<MemPortIdVec></MemPortIdVec>
<condition id="-1">
<or_exp><and_exp></and_exp></or_exp>
</condition>

<Node id="56" bw="0" op_0_bw="0">
<![CDATA[
:16  br label %3

]]></Node>
<StgValue><ssdm name="br_ln32"/></StgValue>
</operation>
</state>
</state_list>


<ports>
</ports>


<dataflows>
</dataflows>


</stg>
