<profile>

<section name = "Vivado HLS Report for 'transposeMatrix'" level="0">
<item name = "Date">Fri Dec  6 11:07:48 2024
</item>
<item name = "Version">2019.2 (Build 2704478 on Wed Nov 06 22:10:23 MST 2019)</item>
<item name = "Project">Matrice_binaire</item>
<item name = "Solution">solution2</item>
<item name = "Product family">zynq</item>
<item name = "Target device">xc7z020-clg484-1</item>
</section>

<section name = "Performance Estimates" level="0">
<item name = "Timing">
<section name = "" level="1">
<item name = "Summary"><table name="" hasTotal="0">
<keys size="4">Clock, Target, Estimated, Uncertainty</keys>
<column name="ap_clk">10.00 ns, 6.508 ns, 1.25 ns</column>
</table>
</item>
</section>
</item>
<item name = "Latency">
<section name = "" level="1">
<item name = "Summary"><table name="" hasTotal="0">
<keys size="8">, min, max, min, max, min, max, Type</keys>
<column name="">4353, 4353, 43.530 us, 43.530 us, 4353, 4353, none</column>
</table>
</item>
<item name = "Detail">
<section name = "" level="1">
<item name = "Instance"><table name="" hasTotal="0">
<keys size="9">Instance, Module, min, max, min, max, min, max, Type</keys>
</table>
</item>
<item name = "Loop"><table name="" hasTotal="0">
<keys size="8">Loop Name, min, max, Latency, achieved, target, Count, Pipelined</keys>
<column name="- Loop 1">4352, 4352, 17, -, -, 256, no</column>
</table>
</item>
</section>
</item>
</section>
</item>
</section>

<section name = "Utilization Estimates" level="0">
<item name = "Summary"><table name="" hasTotal="1">
<keys size="6">Name, BRAM_18K, DSP48E, FF, LUT, URAM</keys>
<column name="DSP">-, -, -, -, -</column>
<column name="Expression">-, -, 0, 577, -</column>
<column name="FIFO">-, -, -, -, -</column>
<column name="Instance">-, -, -, -, -</column>
<column name="Memory">-, -, -, -, -</column>
<column name="Multiplexer">-, -, -, 442, -</column>
<column name="Register">-, -, 107, -, -</column>
<specialColumn name="Available">280, 220, 106400, 53200, 0</specialColumn>
<specialColumn name="Utilization (%)">0, 0, ~0, 1, 0</specialColumn>
</table>
</item>
<item name = "Detail">
<section name = "" level="1">
<item name = "Instance"><table name="" hasTotal="1">
<keys size="7">Instance, Module, BRAM_18K, DSP48E, FF, LUT, URAM</keys>
</table>
</item>
<item name = "DSP48E"><table name="" hasTotal="0">
<keys size="3">Instance, Module, Expression</keys>
</table>
</item>
<item name = "Memory"><table name="" hasTotal="1">
<keys size="10">Memory, Module, BRAM_18K, FF, LUT, URAM, Words, Bits, Banks, W*Bits*Banks</keys>
</table>
</item>
<item name = "FIFO"><table name="" hasTotal="1">
<keys size="8">Name, BRAM_18K, FF, LUT, URAM, Depth, Bits, Size:D*B</keys>
</table>
</item>
<item name = "Expression"><table name="" hasTotal="1">
<keys size="7">Variable Name, Operation, DSP48E, FF, LUT, Bitwidth P0, Bitwidth P1</keys>
<column name="add_ln321_1_fu_943_p2">+, 0, 0, 12, 12, 12</column>
<column name="add_ln321_2_fu_991_p2">+, 0, 0, 12, 12, 12</column>
<column name="add_ln321_3_fu_1132_p2">+, 0, 0, 17, 13, 13</column>
<column name="add_ln321_4_fu_1180_p2">+, 0, 0, 17, 13, 13</column>
<column name="add_ln321_5_fu_1227_p2">+, 0, 0, 17, 13, 13</column>
<column name="add_ln321_6_fu_1274_p2">+, 0, 0, 17, 13, 13</column>
<column name="add_ln321_fu_846_p2">+, 0, 0, 13, 11, 11</column>
<column name="i_fu_682_p2">+, 0, 0, 15, 9, 1</column>
<column name="icmp_ln137_fu_676_p2">icmp, 0, 0, 13, 9, 10</column>
<column name="or_ln321_10_fu_920_p2">or, 0, 0, 14, 14, 4</column>
<column name="or_ln321_11_fu_954_p2">or, 0, 0, 14, 14, 4</column>
<column name="or_ln321_12_fu_968_p2">or, 0, 0, 14, 14, 4</column>
<column name="or_ln321_13_fu_1001_p2">or, 0, 0, 14, 14, 4</column>
<column name="or_ln321_14_fu_1015_p2">or, 0, 0, 14, 14, 4</column>
<column name="or_ln321_15_fu_1046_p2">or, 0, 0, 14, 14, 5</column>
<column name="or_ln321_16_fu_1060_p2">or, 0, 0, 14, 14, 5</column>
<column name="or_ln321_17_fu_1095_p2">or, 0, 0, 14, 14, 5</column>
<column name="or_ln321_18_fu_1109_p2">or, 0, 0, 14, 14, 5</column>
<column name="or_ln321_19_fu_1143_p2">or, 0, 0, 14, 14, 5</column>
<column name="or_ln321_1_fu_721_p2">or, 0, 0, 14, 14, 2</column>
<column name="or_ln321_20_fu_1157_p2">or, 0, 0, 14, 14, 5</column>
<column name="or_ln321_21_fu_1190_p2">or, 0, 0, 14, 14, 5</column>
<column name="or_ln321_22_fu_1204_p2">or, 0, 0, 14, 14, 5</column>
<column name="or_ln321_23_fu_1237_p2">or, 0, 0, 14, 14, 5</column>
<column name="or_ln321_24_fu_1251_p2">or, 0, 0, 14, 14, 5</column>
<column name="or_ln321_25_fu_1284_p2">or, 0, 0, 14, 14, 5</column>
<column name="or_ln321_26_fu_1298_p2">or, 0, 0, 14, 14, 5</column>
<column name="or_ln321_27_fu_1329_p2">or, 0, 0, 14, 14, 5</column>
<column name="or_ln321_28_fu_1343_p2">or, 0, 0, 14, 14, 5</column>
<column name="or_ln321_29_fu_1374_p2">or, 0, 0, 14, 14, 5</column>
<column name="or_ln321_2_fu_735_p2">or, 0, 0, 14, 14, 2</column>
<column name="or_ln321_30_fu_1388_p2">or, 0, 0, 14, 14, 5</column>
<column name="or_ln321_3_fu_760_p2">or, 0, 0, 14, 14, 3</column>
<column name="or_ln321_4_fu_774_p2">or, 0, 0, 14, 14, 3</column>
<column name="or_ln321_5_fu_809_p2">or, 0, 0, 14, 14, 3</column>
<column name="or_ln321_6_fu_823_p2">or, 0, 0, 14, 14, 3</column>
<column name="or_ln321_7_fu_857_p2">or, 0, 0, 14, 14, 4</column>
<column name="or_ln321_8_fu_871_p2">or, 0, 0, 14, 14, 4</column>
<column name="or_ln321_9_fu_906_p2">or, 0, 0, 14, 14, 4</column>
<column name="or_ln321_fu_701_p2">or, 0, 0, 14, 14, 1</column>
<column name="xor_ln321_fu_749_p2">xor, 0, 0, 10, 9, 10</column>
</table>
</item>
<item name = "Multiplexer"><table name="" hasTotal="1">
<keys size="5">Name, LUT, Input Size, Bits, Total Bits</keys>
<column name="ap_NS_fsm">93, 19, 1, 19</column>
<column name="i_0_reg_664">9, 2, 9, 18</column>
<column name="input_V_address0">85, 17, 13, 221</column>
<column name="input_V_address1">85, 17, 13, 221</column>
<column name="output_V_address0">85, 17, 13, 221</column>
<column name="output_V_address1">85, 17, 13, 221</column>
</table>
</item>
<item name = "Register"><table name="" hasTotal="1">
<keys size="5">Name, FF, LUT, Bits, Const Bits</keys>
<column name="add_ln321_1_reg_1557">12, 0, 12, 0</column>
<column name="add_ln321_2_reg_1572">12, 0, 12, 0</column>
<column name="add_ln321_reg_1526">11, 0, 11, 0</column>
<column name="ap_CS_fsm">18, 0, 18, 0</column>
<column name="i_0_reg_664">9, 0, 9, 0</column>
<column name="i_reg_1439">9, 0, 9, 0</column>
<column name="tmp_reg_1444">9, 0, 14, 5</column>
<column name="xor_ln321_reg_1498">9, 0, 9, 0</column>
<column name="zext_ln321_1_reg_1597">9, 0, 13, 4</column>
<column name="zext_ln321_3_reg_1542">9, 0, 12, 3</column>
</table>
</item>
</section>
</item>
</section>

<section name = "Interface" level="0">
<item name = "Summary"><table name="" hasTotal="0">
<keys size="6">RTL Ports, Dir, Bits, Protocol, Source Object, C Type</keys>
<column name="ap_clk">in, 1, ap_ctrl_hs, transposeMatrix, return value</column>
<column name="ap_rst">in, 1, ap_ctrl_hs, transposeMatrix, return value</column>
<column name="ap_start">in, 1, ap_ctrl_hs, transposeMatrix, return value</column>
<column name="ap_done">out, 1, ap_ctrl_hs, transposeMatrix, return value</column>
<column name="ap_idle">out, 1, ap_ctrl_hs, transposeMatrix, return value</column>
<column name="ap_ready">out, 1, ap_ctrl_hs, transposeMatrix, return value</column>
<column name="input_V_address0">out, 13, ap_memory, input_V, array</column>
<column name="input_V_ce0">out, 1, ap_memory, input_V, array</column>
<column name="input_V_q0">in, 1, ap_memory, input_V, array</column>
<column name="input_V_address1">out, 13, ap_memory, input_V, array</column>
<column name="input_V_ce1">out, 1, ap_memory, input_V, array</column>
<column name="input_V_q1">in, 1, ap_memory, input_V, array</column>
<column name="output_V_address0">out, 13, ap_memory, output_V, array</column>
<column name="output_V_ce0">out, 1, ap_memory, output_V, array</column>
<column name="output_V_we0">out, 1, ap_memory, output_V, array</column>
<column name="output_V_d0">out, 1, ap_memory, output_V, array</column>
<column name="output_V_address1">out, 13, ap_memory, output_V, array</column>
<column name="output_V_ce1">out, 1, ap_memory, output_V, array</column>
<column name="output_V_we1">out, 1, ap_memory, output_V, array</column>
<column name="output_V_d1">out, 1, ap_memory, output_V, array</column>
</table>
</item>
</section>
</profile>
