{
  "Top": "Elements",
  "RtlTop": "Elements",
  "RtlPrefix": "",
  "SourceLanguage": "cpp",
  "ResetStyle": "control",
  "GenerateBdFiles": "0",
  "HostMachineBits": "64",
  "Target": {
    "Family": "artix7",
    "Device": "xc7a200t",
    "Package": "-sbv484",
    "Speed": "-1"
  },
  "HlsSolution": {"Config": [
      "config_sdx -optimization_level=none",
      "config_sdx -target=none",
      "config_export -vivado_optimization_level=2"
    ]},
  "Args": {
    "EntreeQ": {
      "index": "0",
      "type": {
        "kinds": ["array"],
        "dataType": "ap_uint",
        "dataWidth": "1",
        "arraySizes": [
          "256",
          "32"
        ],
        "multiInterfaceRef": [
          "EntreeQ_V_address0",
          "EntreeQ_V_q0"
        ]
      }
    },
    "poidsQ1": {
      "index": "1",
      "type": {
        "kinds": ["array"],
        "dataType": "ap_fixed",
        "dataWidth": "16",
        "arraySizes": [
          "256",
          "256"
        ],
        "multiInterfaceRef": [
          "poidsQ1_V_address0",
          "poidsQ1_V_q0"
        ]
      }
    },
    "poidsQ2": {
      "index": "2",
      "type": {
        "kinds": ["array"],
        "dataType": "ap_fixed",
        "dataWidth": "16",
        "arraySizes": [
          "256",
          "256"
        ],
        "multiInterfaceRef": [
          "poidsQ2_V_address0",
          "poidsQ2_V_q0"
        ]
      }
    },
    "poidsQ3": {
      "index": "3",
      "type": {
        "kinds": ["array"],
        "dataType": "ap_fixed",
        "dataWidth": "16",
        "arraySizes": [
          "256",
          "256"
        ],
        "multiInterfaceRef": [
          "poidsQ3_V_address0",
          "poidsQ3_V_q0"
        ]
      }
    },
    "poidsQ4": {
      "index": "4",
      "type": {
        "kinds": ["array"],
        "dataType": "ap_fixed",
        "dataWidth": "16",
        "arraySizes": [
          "256",
          "256"
        ],
        "multiInterfaceRef": [
          "poidsQ4_V_address0",
          "poidsQ4_V_q0"
        ]
      }
    },
    "poidsQ5": {
      "index": "5",
      "type": {
        "kinds": ["array"],
        "dataType": "ap_fixed",
        "dataWidth": "16",
        "arraySizes": [
          "256",
          "256"
        ],
        "multiInterfaceRef": [
          "poidsQ5_V_address0",
          "poidsQ5_V_q0"
        ]
      }
    },
    "poidsQ6": {
      "index": "6",
      "type": {
        "kinds": ["array"],
        "dataType": "ap_fixed",
        "dataWidth": "16",
        "arraySizes": [
          "256",
          "256"
        ],
        "multiInterfaceRef": [
          "poidsQ6_V_address0",
          "poidsQ6_V_q0"
        ]
      }
    },
    "EntreeK": {
      "index": "7",
      "type": {
        "kinds": ["array"],
        "dataType": "ap_uint",
        "dataWidth": "1",
        "arraySizes": [
          "256",
          "32"
        ],
        "multiInterfaceRef": [
          "EntreeK_V_address0",
          "EntreeK_V_q0"
        ]
      }
    },
    "poidsK1": {
      "index": "8",
      "type": {
        "kinds": ["array"],
        "dataType": "ap_fixed",
        "dataWidth": "16",
        "arraySizes": [
          "256",
          "256"
        ],
        "multiInterfaceRef": [
          "poidsK1_V_address0",
          "poidsK1_V_q0"
        ]
      }
    },
    "poidsK2": {
      "index": "9",
      "type": {
        "kinds": ["array"],
        "dataType": "ap_fixed",
        "dataWidth": "16",
        "arraySizes": [
          "256",
          "256"
        ],
        "multiInterfaceRef": [
          "poidsK2_V_address0",
          "poidsK2_V_q0"
        ]
      }
    },
    "poidsK3": {
      "index": "10",
      "type": {
        "kinds": ["array"],
        "dataType": "ap_fixed",
        "dataWidth": "16",
        "arraySizes": [
          "256",
          "256"
        ],
        "multiInterfaceRef": [
          "poidsK3_V_address0",
          "poidsK3_V_q0"
        ]
      }
    },
    "poidsK4": {
      "index": "11",
      "type": {
        "kinds": ["array"],
        "dataType": "ap_fixed",
        "dataWidth": "16",
        "arraySizes": [
          "256",
          "256"
        ],
        "multiInterfaceRef": [
          "poidsK4_V_address0",
          "poidsK4_V_q0"
        ]
      }
    },
    "poidsK5": {
      "index": "12",
      "type": {
        "kinds": ["array"],
        "dataType": "ap_fixed",
        "dataWidth": "16",
        "arraySizes": [
          "256",
          "256"
        ],
        "multiInterfaceRef": [
          "poidsK5_V_address0",
          "poidsK5_V_q0"
        ]
      }
    },
    "poidsK6": {
      "index": "13",
      "type": {
        "kinds": ["array"],
        "dataType": "ap_fixed",
        "dataWidth": "16",
        "arraySizes": [
          "256",
          "256"
        ],
        "multiInterfaceRef": [
          "poidsK6_V_address0",
          "poidsK6_V_q0"
        ]
      }
    },
    "EntreeV": {
      "index": "14",
      "type": {
        "kinds": ["array"],
        "dataType": "ap_uint",
        "dataWidth": "1",
        "arraySizes": [
          "256",
          "32"
        ],
        "multiInterfaceRef": [
          "EntreeV_V_address0",
          "EntreeV_V_q0"
        ]
      }
    },
    "poidsV1": {
      "index": "15",
      "type": {
        "kinds": ["array"],
        "dataType": "ap_fixed",
        "dataWidth": "16",
        "arraySizes": [
          "256",
          "256"
        ],
        "multiInterfaceRef": [
          "poidsV1_V_address0",
          "poidsV1_V_q0"
        ]
      }
    },
    "poidsV2": {
      "index": "16",
      "type": {
        "kinds": ["array"],
        "dataType": "ap_fixed",
        "dataWidth": "16",
        "arraySizes": [
          "256",
          "256"
        ],
        "multiInterfaceRef": [
          "poidsV2_V_address0",
          "poidsV2_V_q0"
        ]
      }
    },
    "poidsV3": {
      "index": "17",
      "type": {
        "kinds": ["array"],
        "dataType": "ap_fixed",
        "dataWidth": "16",
        "arraySizes": [
          "256",
          "256"
        ],
        "multiInterfaceRef": [
          "poidsV3_V_address0",
          "poidsV3_V_q0"
        ]
      }
    },
    "poidsV4": {
      "index": "18",
      "type": {
        "kinds": ["array"],
        "dataType": "ap_fixed",
        "dataWidth": "16",
        "arraySizes": [
          "256",
          "256"
        ],
        "multiInterfaceRef": [
          "poidsV4_V_address0",
          "poidsV4_V_q0"
        ]
      }
    },
    "poidsV5": {
      "index": "19",
      "type": {
        "kinds": ["array"],
        "dataType": "ap_fixed",
        "dataWidth": "16",
        "arraySizes": [
          "256",
          "256"
        ],
        "multiInterfaceRef": [
          "poidsV5_V_address0",
          "poidsV5_V_q0"
        ]
      }
    },
    "poidsV6": {
      "index": "20",
      "type": {
        "kinds": ["array"],
        "dataType": "ap_fixed",
        "dataWidth": "16",
        "arraySizes": [
          "256",
          "256"
        ],
        "multiInterfaceRef": [
          "poidsV6_V_address0",
          "poidsV6_V_q0"
        ]
      }
    },
    "poids512": {
      "index": "21",
      "type": {
        "kinds": ["array"],
        "dataType": "ap_fixed",
        "dataWidth": "16",
        "arraySizes": [
          "512",
          "256"
        ],
        "multiInterfaceRef": [
          "poids512_V_address0",
          "poids512_V_q0"
        ]
      }
    },
    "poids256": {
      "index": "22",
      "type": {
        "kinds": ["array"],
        "dataType": "ap_fixed",
        "dataWidth": "16",
        "arraySizes": [
          "256",
          "256"
        ],
        "multiInterfaceRef": [
          "poids256_V_address0",
          "poids256_V_q0"
        ]
      }
    },
    "Sortie": {
      "index": "23",
      "type": {
        "kinds": ["array"],
        "dataType": "ap_uint",
        "dataWidth": "1",
        "arraySizes": [
          "256",
          "32"
        ],
        "multiInterfaceRef": [
          "Sortie_V_address0",
          "Sortie_V_d0"
        ]
      }
    }
  },
  "Return": {
    
  },
  "ClockInfo": {
    "ClockName": "ap_clk",
    "ClockPeriod": "10",
    "IsCombLogic": "0",
    "II": "x",
    "Latency": "89029298",
    "Uncertainty": "1.25"
  },
  "Xdc": {"OocClocks": ["create_clock -name ap_clk -period 10.000 [get_ports ap_clk]"]},
  "Ipx": {
    "Vendor": "xilinx.com",
    "Library": "hls",
    "Name": "Elements",
    "Version": "1.0",
    "DisplayName": "Elements",
    "Revision": "",
    "Description": "An IP generated by Vivado HLS",
    "Taxonomy": "\/VIVADO_HLS_IP",
    "AutoFamilySupport": ""
  },
  "Files": {
    "CSource": ["..\/..\/Matrice_bianire.cpp"],
    "Vhdl": [
      "impl\/vhdl\/BlocLinear.vhd",
      "impl\/vhdl\/BlocLinear512.vhd",
      "impl\/vhdl\/BlocLinear_1.vhd",
      "impl\/vhdl\/Elements_AttentioeOg.vhd",
      "impl\/vhdl\/Elements_Dense512_V.vhd",
      "impl\/vhdl\/Elements_Dense512fYi.vhd",
      "impl\/vhdl\/Elements_DenseQ_V.vhd",
      "impl\/vhdl\/Elements_DenseQt_bkb.vhd",
      "impl\/vhdl\/Elements_multmat1_V.vhd",
      "impl\/vhdl\/Elements_spike512_V.vhd",
      "impl\/vhdl\/Elements_spikeQ_V.vhd",
      "impl\/vhdl\/Lif.vhd",
      "impl\/vhdl\/Lif512.vhd",
      "impl\/vhdl\/multmat.vhd",
      "impl\/vhdl\/multmat2.vhd",
      "impl\/vhdl\/scale.vhd",
      "impl\/vhdl\/transposeMatrix.vhd",
      "impl\/vhdl\/Elements.vhd"
    ],
    "Verilog": [
      "impl\/verilog\/BlocLinear.v",
      "impl\/verilog\/BlocLinear512.v",
      "impl\/verilog\/BlocLinear_1.v",
      "impl\/verilog\/Elements_AttentioeOg.v",
      "impl\/verilog\/Elements_Dense512_V.v",
      "impl\/verilog\/Elements_Dense512fYi.v",
      "impl\/verilog\/Elements_Dense512fYi_rom.dat",
      "impl\/verilog\/Elements_DenseQ_V.v",
      "impl\/verilog\/Elements_DenseQt_bkb.v",
      "impl\/verilog\/Elements_DenseQt_bkb_rom.dat",
      "impl\/verilog\/Elements_multmat1_V.v",
      "impl\/verilog\/Elements_spike512_V.v",
      "impl\/verilog\/Elements_spikeQ_V.v",
      "impl\/verilog\/Lif.v",
      "impl\/verilog\/Lif512.v",
      "impl\/verilog\/multmat.v",
      "impl\/verilog\/multmat2.v",
      "impl\/verilog\/scale.v",
      "impl\/verilog\/transposeMatrix.v",
      "impl\/verilog\/Elements.v"
    ],
    "Misc": ["impl\/misc\/logo.png"],
    "DesignXml": "D:\/Vitis\/Vivado_hls_projects\/Matrice_binaire\/Matrice_binaire\/solution1\/.autopilot\/db\/Elements.design.xml",
    "DebugDir": "D:\/Vitis\/Vivado_hls_projects\/Matrice_binaire\/Matrice_binaire\/solution1\/.debug",
    "ProtoInst": [
      "D:\/Vitis\/Vivado_hls_projects\/Matrice_binaire\/Matrice_binaire\/solution1\/.debug\/Elements.protoinst",
      "D:\/Vitis\/Vivado_hls_projects\/Matrice_binaire\/Matrice_binaire\/solution1\/.debug\/multmat.protoinst"
    ]
  },
  "SubcoreInfo": {
    "HasXpmMemory": false,
    "HasClockedDsp": false,
    "IP": []
  },
  "Interfaces": {
    "ap_clk": {
      "type": "clock",
      "ctype": {"CLK": {"Type": "bool"}},
      "bundle_name": "ap_clk",
      "bundle_role": "default",
      "reset": "ap_rst"
    },
    "ap_ctrl": {
      "type": "ap_ctrl",
      "ctrl_ports": "ap_start ap_done ap_idle ap_ready",
      "ctype": {
        "start": {"Type": "bool"},
        "done": {"Type": "bool"},
        "idle": {"Type": "bool"},
        "ready": {"Type": "bool"}
      }
    },
    "ap_rst": {
      "type": "reset",
      "polarity": "ACTIVE_HIGH",
      "ctype": {"RST": {"Type": "bool"}},
      "bundle_name": "ap_rst",
      "bundle_role": "default"
    },
    "EntreeK_V_address0": {
      "type": "data",
      "dir": "out",
      "width": "13",
      "ctype": {"DATA": {
          "Type": "null",
          "Width": "13"
        }},
      "bundle_name": "EntreeK_V",
      "bundle_role": "address0"
    },
    "EntreeK_V_q0": {
      "type": "data",
      "dir": "in",
      "width": "1",
      "ctype": {"DATA": {
          "Type": "integer unsigned",
          "Width": "1"
        }},
      "bundle_name": "EntreeK_V",
      "bundle_role": "q0"
    },
    "EntreeQ_V_address0": {
      "type": "data",
      "dir": "out",
      "width": "13",
      "ctype": {"DATA": {
          "Type": "null",
          "Width": "13"
        }},
      "bundle_name": "EntreeQ_V",
      "bundle_role": "address0"
    },
    "EntreeQ_V_q0": {
      "type": "data",
      "dir": "in",
      "width": "1",
      "ctype": {"DATA": {
          "Type": "integer unsigned",
          "Width": "1"
        }},
      "bundle_name": "EntreeQ_V",
      "bundle_role": "q0"
    },
    "EntreeV_V_address0": {
      "type": "data",
      "dir": "out",
      "width": "13",
      "ctype": {"DATA": {
          "Type": "null",
          "Width": "13"
        }},
      "bundle_name": "EntreeV_V",
      "bundle_role": "address0"
    },
    "EntreeV_V_q0": {
      "type": "data",
      "dir": "in",
      "width": "1",
      "ctype": {"DATA": {
          "Type": "integer unsigned",
          "Width": "1"
        }},
      "bundle_name": "EntreeV_V",
      "bundle_role": "q0"
    },
    "poids256_V_address0": {
      "type": "data",
      "dir": "out",
      "width": "16",
      "ctype": {"DATA": {
          "Type": "null",
          "Width": "16"
        }},
      "bundle_name": "poids256_V",
      "bundle_role": "address0"
    },
    "poids256_V_q0": {
      "type": "data",
      "dir": "in",
      "width": "16",
      "ctype": {"DATA": {
          "Type": "real fixed signed 8",
          "Width": "16"
        }},
      "bundle_name": "poids256_V",
      "bundle_role": "q0"
    },
    "poids512_V_address0": {
      "type": "data",
      "dir": "out",
      "width": "17",
      "ctype": {"DATA": {
          "Type": "null",
          "Width": "17"
        }},
      "bundle_name": "poids512_V",
      "bundle_role": "address0"
    },
    "poids512_V_q0": {
      "type": "data",
      "dir": "in",
      "width": "16",
      "ctype": {"DATA": {
          "Type": "real fixed signed 8",
          "Width": "16"
        }},
      "bundle_name": "poids512_V",
      "bundle_role": "q0"
    },
    "poidsK1_V_address0": {
      "type": "data",
      "dir": "out",
      "width": "16",
      "ctype": {"DATA": {
          "Type": "null",
          "Width": "16"
        }},
      "bundle_name": "poidsK1_V",
      "bundle_role": "address0"
    },
    "poidsK1_V_q0": {
      "type": "data",
      "dir": "in",
      "width": "16",
      "ctype": {"DATA": {
          "Type": "real fixed signed 8",
          "Width": "16"
        }},
      "bundle_name": "poidsK1_V",
      "bundle_role": "q0"
    },
    "poidsK2_V_address0": {
      "type": "data",
      "dir": "out",
      "width": "16",
      "ctype": {"DATA": {
          "Type": "null",
          "Width": "16"
        }},
      "bundle_name": "poidsK2_V",
      "bundle_role": "address0"
    },
    "poidsK2_V_q0": {
      "type": "data",
      "dir": "in",
      "width": "16",
      "ctype": {"DATA": {
          "Type": "real fixed signed 8",
          "Width": "16"
        }},
      "bundle_name": "poidsK2_V",
      "bundle_role": "q0"
    },
    "poidsK3_V_address0": {
      "type": "data",
      "dir": "out",
      "width": "16",
      "ctype": {"DATA": {
          "Type": "null",
          "Width": "16"
        }},
      "bundle_name": "poidsK3_V",
      "bundle_role": "address0"
    },
    "poidsK3_V_q0": {
      "type": "data",
      "dir": "in",
      "width": "16",
      "ctype": {"DATA": {
          "Type": "real fixed signed 8",
          "Width": "16"
        }},
      "bundle_name": "poidsK3_V",
      "bundle_role": "q0"
    },
    "poidsK4_V_address0": {
      "type": "data",
      "dir": "out",
      "width": "16",
      "ctype": {"DATA": {
          "Type": "null",
          "Width": "16"
        }},
      "bundle_name": "poidsK4_V",
      "bundle_role": "address0"
    },
    "poidsK4_V_q0": {
      "type": "data",
      "dir": "in",
      "width": "16",
      "ctype": {"DATA": {
          "Type": "real fixed signed 8",
          "Width": "16"
        }},
      "bundle_name": "poidsK4_V",
      "bundle_role": "q0"
    },
    "poidsK5_V_address0": {
      "type": "data",
      "dir": "out",
      "width": "16",
      "ctype": {"DATA": {
          "Type": "null",
          "Width": "16"
        }},
      "bundle_name": "poidsK5_V",
      "bundle_role": "address0"
    },
    "poidsK5_V_q0": {
      "type": "data",
      "dir": "in",
      "width": "16",
      "ctype": {"DATA": {
          "Type": "real fixed signed 8",
          "Width": "16"
        }},
      "bundle_name": "poidsK5_V",
      "bundle_role": "q0"
    },
    "poidsK6_V_address0": {
      "type": "data",
      "dir": "out",
      "width": "16",
      "ctype": {"DATA": {
          "Type": "null",
          "Width": "16"
        }},
      "bundle_name": "poidsK6_V",
      "bundle_role": "address0"
    },
    "poidsK6_V_q0": {
      "type": "data",
      "dir": "in",
      "width": "16",
      "ctype": {"DATA": {
          "Type": "real fixed signed 8",
          "Width": "16"
        }},
      "bundle_name": "poidsK6_V",
      "bundle_role": "q0"
    },
    "poidsQ1_V_address0": {
      "type": "data",
      "dir": "out",
      "width": "16",
      "ctype": {"DATA": {
          "Type": "null",
          "Width": "16"
        }},
      "bundle_name": "poidsQ1_V",
      "bundle_role": "address0"
    },
    "poidsQ1_V_q0": {
      "type": "data",
      "dir": "in",
      "width": "16",
      "ctype": {"DATA": {
          "Type": "real fixed signed 8",
          "Width": "16"
        }},
      "bundle_name": "poidsQ1_V",
      "bundle_role": "q0"
    },
    "poidsQ2_V_address0": {
      "type": "data",
      "dir": "out",
      "width": "16",
      "ctype": {"DATA": {
          "Type": "null",
          "Width": "16"
        }},
      "bundle_name": "poidsQ2_V",
      "bundle_role": "address0"
    },
    "poidsQ2_V_q0": {
      "type": "data",
      "dir": "in",
      "width": "16",
      "ctype": {"DATA": {
          "Type": "real fixed signed 8",
          "Width": "16"
        }},
      "bundle_name": "poidsQ2_V",
      "bundle_role": "q0"
    },
    "poidsQ3_V_address0": {
      "type": "data",
      "dir": "out",
      "width": "16",
      "ctype": {"DATA": {
          "Type": "null",
          "Width": "16"
        }},
      "bundle_name": "poidsQ3_V",
      "bundle_role": "address0"
    },
    "poidsQ3_V_q0": {
      "type": "data",
      "dir": "in",
      "width": "16",
      "ctype": {"DATA": {
          "Type": "real fixed signed 8",
          "Width": "16"
        }},
      "bundle_name": "poidsQ3_V",
      "bundle_role": "q0"
    },
    "poidsQ4_V_address0": {
      "type": "data",
      "dir": "out",
      "width": "16",
      "ctype": {"DATA": {
          "Type": "null",
          "Width": "16"
        }},
      "bundle_name": "poidsQ4_V",
      "bundle_role": "address0"
    },
    "poidsQ4_V_q0": {
      "type": "data",
      "dir": "in",
      "width": "16",
      "ctype": {"DATA": {
          "Type": "real fixed signed 8",
          "Width": "16"
        }},
      "bundle_name": "poidsQ4_V",
      "bundle_role": "q0"
    },
    "poidsQ5_V_address0": {
      "type": "data",
      "dir": "out",
      "width": "16",
      "ctype": {"DATA": {
          "Type": "null",
          "Width": "16"
        }},
      "bundle_name": "poidsQ5_V",
      "bundle_role": "address0"
    },
    "poidsQ5_V_q0": {
      "type": "data",
      "dir": "in",
      "width": "16",
      "ctype": {"DATA": {
          "Type": "real fixed signed 8",
          "Width": "16"
        }},
      "bundle_name": "poidsQ5_V",
      "bundle_role": "q0"
    },
    "poidsQ6_V_address0": {
      "type": "data",
      "dir": "out",
      "width": "16",
      "ctype": {"DATA": {
          "Type": "null",
          "Width": "16"
        }},
      "bundle_name": "poidsQ6_V",
      "bundle_role": "address0"
    },
    "poidsQ6_V_q0": {
      "type": "data",
      "dir": "in",
      "width": "16",
      "ctype": {"DATA": {
          "Type": "real fixed signed 8",
          "Width": "16"
        }},
      "bundle_name": "poidsQ6_V",
      "bundle_role": "q0"
    },
    "poidsV1_V_address0": {
      "type": "data",
      "dir": "out",
      "width": "16",
      "ctype": {"DATA": {
          "Type": "null",
          "Width": "16"
        }},
      "bundle_name": "poidsV1_V",
      "bundle_role": "address0"
    },
    "poidsV1_V_q0": {
      "type": "data",
      "dir": "in",
      "width": "16",
      "ctype": {"DATA": {
          "Type": "real fixed signed 8",
          "Width": "16"
        }},
      "bundle_name": "poidsV1_V",
      "bundle_role": "q0"
    },
    "poidsV2_V_address0": {
      "type": "data",
      "dir": "out",
      "width": "16",
      "ctype": {"DATA": {
          "Type": "null",
          "Width": "16"
        }},
      "bundle_name": "poidsV2_V",
      "bundle_role": "address0"
    },
    "poidsV2_V_q0": {
      "type": "data",
      "dir": "in",
      "width": "16",
      "ctype": {"DATA": {
          "Type": "real fixed signed 8",
          "Width": "16"
        }},
      "bundle_name": "poidsV2_V",
      "bundle_role": "q0"
    },
    "poidsV3_V_address0": {
      "type": "data",
      "dir": "out",
      "width": "16",
      "ctype": {"DATA": {
          "Type": "null",
          "Width": "16"
        }},
      "bundle_name": "poidsV3_V",
      "bundle_role": "address0"
    },
    "poidsV3_V_q0": {
      "type": "data",
      "dir": "in",
      "width": "16",
      "ctype": {"DATA": {
          "Type": "real fixed signed 8",
          "Width": "16"
        }},
      "bundle_name": "poidsV3_V",
      "bundle_role": "q0"
    },
    "poidsV4_V_address0": {
      "type": "data",
      "dir": "out",
      "width": "16",
      "ctype": {"DATA": {
          "Type": "null",
          "Width": "16"
        }},
      "bundle_name": "poidsV4_V",
      "bundle_role": "address0"
    },
    "poidsV4_V_q0": {
      "type": "data",
      "dir": "in",
      "width": "16",
      "ctype": {"DATA": {
          "Type": "real fixed signed 8",
          "Width": "16"
        }},
      "bundle_name": "poidsV4_V",
      "bundle_role": "q0"
    },
    "poidsV5_V_address0": {
      "type": "data",
      "dir": "out",
      "width": "16",
      "ctype": {"DATA": {
          "Type": "null",
          "Width": "16"
        }},
      "bundle_name": "poidsV5_V",
      "bundle_role": "address0"
    },
    "poidsV5_V_q0": {
      "type": "data",
      "dir": "in",
      "width": "16",
      "ctype": {"DATA": {
          "Type": "real fixed signed 8",
          "Width": "16"
        }},
      "bundle_name": "poidsV5_V",
      "bundle_role": "q0"
    },
    "poidsV6_V_address0": {
      "type": "data",
      "dir": "out",
      "width": "16",
      "ctype": {"DATA": {
          "Type": "null",
          "Width": "16"
        }},
      "bundle_name": "poidsV6_V",
      "bundle_role": "address0"
    },
    "poidsV6_V_q0": {
      "type": "data",
      "dir": "in",
      "width": "16",
      "ctype": {"DATA": {
          "Type": "real fixed signed 8",
          "Width": "16"
        }},
      "bundle_name": "poidsV6_V",
      "bundle_role": "q0"
    },
    "Sortie_V_address0": {
      "type": "data",
      "dir": "out",
      "width": "13",
      "ctype": {"DATA": {
          "Type": "null",
          "Width": "13"
        }},
      "bundle_name": "Sortie_V",
      "bundle_role": "address0"
    },
    "Sortie_V_d0": {
      "type": "data",
      "dir": "out",
      "width": "1",
      "ctype": {"DATA": {
          "Type": "integer unsigned",
          "Width": "1"
        }},
      "bundle_name": "Sortie_V",
      "bundle_role": "d0"
    }
  },
  "RtlPorts": {
    "ap_clk": {
      "dir": "in",
      "width": "1"
    },
    "ap_rst": {
      "dir": "in",
      "width": "1"
    },
    "ap_start": {
      "dir": "in",
      "width": "1"
    },
    "ap_done": {
      "dir": "out",
      "width": "1"
    },
    "ap_idle": {
      "dir": "out",
      "width": "1"
    },
    "ap_ready": {
      "dir": "out",
      "width": "1"
    },
    "EntreeQ_V_address0": {
      "dir": "out",
      "width": "13"
    },
    "EntreeQ_V_ce0": {
      "dir": "out",
      "width": "1"
    },
    "EntreeQ_V_q0": {
      "dir": "in",
      "width": "1",
      "isVector": "true"
    },
    "poidsQ1_V_address0": {
      "dir": "out",
      "width": "16"
    },
    "poidsQ1_V_ce0": {
      "dir": "out",
      "width": "1"
    },
    "poidsQ1_V_q0": {
      "dir": "in",
      "width": "16"
    },
    "poidsQ2_V_address0": {
      "dir": "out",
      "width": "16"
    },
    "poidsQ2_V_ce0": {
      "dir": "out",
      "width": "1"
    },
    "poidsQ2_V_q0": {
      "dir": "in",
      "width": "16"
    },
    "poidsQ3_V_address0": {
      "dir": "out",
      "width": "16"
    },
    "poidsQ3_V_ce0": {
      "dir": "out",
      "width": "1"
    },
    "poidsQ3_V_q0": {
      "dir": "in",
      "width": "16"
    },
    "poidsQ4_V_address0": {
      "dir": "out",
      "width": "16"
    },
    "poidsQ4_V_ce0": {
      "dir": "out",
      "width": "1"
    },
    "poidsQ4_V_q0": {
      "dir": "in",
      "width": "16"
    },
    "poidsQ5_V_address0": {
      "dir": "out",
      "width": "16"
    },
    "poidsQ5_V_ce0": {
      "dir": "out",
      "width": "1"
    },
    "poidsQ5_V_q0": {
      "dir": "in",
      "width": "16"
    },
    "poidsQ6_V_address0": {
      "dir": "out",
      "width": "16"
    },
    "poidsQ6_V_ce0": {
      "dir": "out",
      "width": "1"
    },
    "poidsQ6_V_q0": {
      "dir": "in",
      "width": "16"
    },
    "EntreeK_V_address0": {
      "dir": "out",
      "width": "13"
    },
    "EntreeK_V_ce0": {
      "dir": "out",
      "width": "1"
    },
    "EntreeK_V_q0": {
      "dir": "in",
      "width": "1",
      "isVector": "true"
    },
    "poidsK1_V_address0": {
      "dir": "out",
      "width": "16"
    },
    "poidsK1_V_ce0": {
      "dir": "out",
      "width": "1"
    },
    "poidsK1_V_q0": {
      "dir": "in",
      "width": "16"
    },
    "poidsK2_V_address0": {
      "dir": "out",
      "width": "16"
    },
    "poidsK2_V_ce0": {
      "dir": "out",
      "width": "1"
    },
    "poidsK2_V_q0": {
      "dir": "in",
      "width": "16"
    },
    "poidsK3_V_address0": {
      "dir": "out",
      "width": "16"
    },
    "poidsK3_V_ce0": {
      "dir": "out",
      "width": "1"
    },
    "poidsK3_V_q0": {
      "dir": "in",
      "width": "16"
    },
    "poidsK4_V_address0": {
      "dir": "out",
      "width": "16"
    },
    "poidsK4_V_ce0": {
      "dir": "out",
      "width": "1"
    },
    "poidsK4_V_q0": {
      "dir": "in",
      "width": "16"
    },
    "poidsK5_V_address0": {
      "dir": "out",
      "width": "16"
    },
    "poidsK5_V_ce0": {
      "dir": "out",
      "width": "1"
    },
    "poidsK5_V_q0": {
      "dir": "in",
      "width": "16"
    },
    "poidsK6_V_address0": {
      "dir": "out",
      "width": "16"
    },
    "poidsK6_V_ce0": {
      "dir": "out",
      "width": "1"
    },
    "poidsK6_V_q0": {
      "dir": "in",
      "width": "16"
    },
    "EntreeV_V_address0": {
      "dir": "out",
      "width": "13"
    },
    "EntreeV_V_ce0": {
      "dir": "out",
      "width": "1"
    },
    "EntreeV_V_q0": {
      "dir": "in",
      "width": "1",
      "isVector": "true"
    },
    "poidsV1_V_address0": {
      "dir": "out",
      "width": "16"
    },
    "poidsV1_V_ce0": {
      "dir": "out",
      "width": "1"
    },
    "poidsV1_V_q0": {
      "dir": "in",
      "width": "16"
    },
    "poidsV2_V_address0": {
      "dir": "out",
      "width": "16"
    },
    "poidsV2_V_ce0": {
      "dir": "out",
      "width": "1"
    },
    "poidsV2_V_q0": {
      "dir": "in",
      "width": "16"
    },
    "poidsV3_V_address0": {
      "dir": "out",
      "width": "16"
    },
    "poidsV3_V_ce0": {
      "dir": "out",
      "width": "1"
    },
    "poidsV3_V_q0": {
      "dir": "in",
      "width": "16"
    },
    "poidsV4_V_address0": {
      "dir": "out",
      "width": "16"
    },
    "poidsV4_V_ce0": {
      "dir": "out",
      "width": "1"
    },
    "poidsV4_V_q0": {
      "dir": "in",
      "width": "16"
    },
    "poidsV5_V_address0": {
      "dir": "out",
      "width": "16"
    },
    "poidsV5_V_ce0": {
      "dir": "out",
      "width": "1"
    },
    "poidsV5_V_q0": {
      "dir": "in",
      "width": "16"
    },
    "poidsV6_V_address0": {
      "dir": "out",
      "width": "16"
    },
    "poidsV6_V_ce0": {
      "dir": "out",
      "width": "1"
    },
    "poidsV6_V_q0": {
      "dir": "in",
      "width": "16"
    },
    "poids512_V_address0": {
      "dir": "out",
      "width": "17"
    },
    "poids512_V_ce0": {
      "dir": "out",
      "width": "1"
    },
    "poids512_V_q0": {
      "dir": "in",
      "width": "16"
    },
    "poids256_V_address0": {
      "dir": "out",
      "width": "16"
    },
    "poids256_V_ce0": {
      "dir": "out",
      "width": "1"
    },
    "poids256_V_q0": {
      "dir": "in",
      "width": "16"
    },
    "Sortie_V_address0": {
      "dir": "out",
      "width": "13"
    },
    "Sortie_V_ce0": {
      "dir": "out",
      "width": "1"
    },
    "Sortie_V_we0": {
      "dir": "out",
      "width": "1"
    },
    "Sortie_V_d0": {
      "dir": "out",
      "width": "1",
      "isVector": "true"
    }
  },
  "ModuleInfo": {
    "Hierarchy": {
      "ModuleName": "Elements",
      "Instances": [
        {
          "ModuleName": "BlocLinear512",
          "InstanceName": "grp_BlocLinear512_fu_146"
        },
        {
          "ModuleName": "BlocLinear",
          "InstanceName": "grp_BlocLinear_fu_154"
        },
        {
          "ModuleName": "BlocLinear_1",
          "InstanceName": "grp_BlocLinear_1_fu_162"
        },
        {
          "ModuleName": "BlocLinear_1",
          "InstanceName": "grp_BlocLinear_1_fu_172"
        },
        {
          "ModuleName": "Lif512",
          "InstanceName": "grp_Lif512_fu_201"
        },
        {
          "ModuleName": "Lif",
          "InstanceName": "grp_Lif_fu_208"
        },
        {
          "ModuleName": "Lif",
          "InstanceName": "grp_Lif_fu_215"
        },
        {
          "ModuleName": "Lif",
          "InstanceName": "grp_Lif_fu_223"
        },
        {
          "ModuleName": "multmat",
          "InstanceName": "grp_multmat_fu_230"
        },
        {
          "ModuleName": "multmat2",
          "InstanceName": "grp_multmat2_fu_237"
        },
        {
          "ModuleName": "transposeMatrix",
          "InstanceName": "grp_transposeMatrix_fu_244"
        },
        {
          "ModuleName": "scale",
          "InstanceName": "grp_scale_fu_250"
        }
      ]
    },
    "Info": {
      "BlocLinear_1": {
        "FunctionProtocol": "ap_ctrl_hs",
        "isTaskLevelControl": "1",
        "isPipelined": "0",
        "isCombinational": "0",
        "isOneStateSeq": "0"
      },
      "Lif": {
        "FunctionProtocol": "ap_ctrl_hs",
        "isTaskLevelControl": "1",
        "isPipelined": "0",
        "isCombinational": "0",
        "isOneStateSeq": "0"
      },
      "transposeMatrix": {
        "FunctionProtocol": "ap_ctrl_hs",
        "isTaskLevelControl": "1",
        "isPipelined": "0",
        "isCombinational": "0",
        "isOneStateSeq": "0"
      },
      "multmat": {
        "FunctionProtocol": "ap_ctrl_hs",
        "isTaskLevelControl": "1",
        "isPipelined": "0",
        "isCombinational": "0",
        "isOneStateSeq": "0"
      },
      "multmat2": {
        "FunctionProtocol": "ap_ctrl_hs",
        "isTaskLevelControl": "1",
        "isPipelined": "0",
        "isCombinational": "0",
        "isOneStateSeq": "0"
      },
      "scale": {
        "FunctionProtocol": "ap_ctrl_hs",
        "isTaskLevelControl": "1",
        "isPipelined": "0",
        "isCombinational": "0",
        "isOneStateSeq": "0"
      },
      "BlocLinear512": {
        "FunctionProtocol": "ap_ctrl_hs",
        "isTaskLevelControl": "1",
        "isPipelined": "0",
        "isCombinational": "0",
        "isOneStateSeq": "0"
      },
      "Lif512": {
        "FunctionProtocol": "ap_ctrl_hs",
        "isTaskLevelControl": "1",
        "isPipelined": "0",
        "isCombinational": "0",
        "isOneStateSeq": "0"
      },
      "BlocLinear": {
        "FunctionProtocol": "ap_ctrl_hs",
        "isTaskLevelControl": "1",
        "isPipelined": "0",
        "isCombinational": "0",
        "isOneStateSeq": "0"
      },
      "Elements": {
        "FunctionProtocol": "ap_ctrl_hs",
        "isTaskLevelControl": "1",
        "isPipelined": "0",
        "isCombinational": "0",
        "isOneStateSeq": "0"
      }
    },
    "Metrics": {
      "BlocLinear_1": {
        "Latency": {
          "LatencyBest": "4211201",
          "LatencyAvg": "4211201",
          "LatencyWorst": "4211201",
          "PipelineII": "4211201",
          "PipelineDepth": "",
          "PipelineType": "none"
        },
        "Timing": {
          "Target": "10.00",
          "Uncertainty": "1.25",
          "Estimate": "5.681"
        },
        "Loops": [{
            "Name": "Loop 1",
            "TripCount": "256",
            "Latency": "4211200",
            "PipelineII": "",
            "PipelineDepth": "16450",
            "Loops": [{
                "Name": "multmat_label1",
                "TripCount": "32",
                "Latency": "16448",
                "PipelineII": "",
                "PipelineDepth": "514",
                "Loops": [{
                    "Name": "multmat_label0",
                    "TripCount": "256",
                    "Latency": "512",
                    "PipelineII": "",
                    "PipelineDepth": "2"
                  }]
              }]
          }],
        "Area": {
          "FF": "114",
          "LUT": "271",
          "BRAM_18K": "0",
          "DSP48E": "0",
          "URAM": "0"
        }
      },
      "Lif": {
        "Latency": {
          "LatencyBest": "25089",
          "LatencyAvg": "25089",
          "LatencyWorst": "25089",
          "PipelineII": "25089",
          "PipelineDepth": "",
          "PipelineType": "none"
        },
        "Timing": {
          "Target": "10.00",
          "Uncertainty": "1.25",
          "Estimate": "6.661"
        },
        "Loops": [{
            "Name": "Loop 1",
            "TripCount": "256",
            "Latency": "25088",
            "PipelineII": "",
            "PipelineDepth": "98",
            "Loops": [{
                "Name": "Lif_label1",
                "TripCount": "32",
                "Latency": "96",
                "PipelineII": "",
                "PipelineDepth": "3"
              }]
          }],
        "Area": {
          "FF": "96",
          "LUT": "220",
          "BRAM_18K": "0",
          "DSP48E": "0",
          "URAM": "0"
        }
      },
      "transposeMatrix": {
        "Latency": {
          "LatencyBest": "16897",
          "LatencyAvg": "16897",
          "LatencyWorst": "16897",
          "PipelineII": "16897",
          "PipelineDepth": "",
          "PipelineType": "none"
        },
        "Timing": {
          "Target": "10.00",
          "Uncertainty": "1.25",
          "Estimate": "6.514"
        },
        "Loops": [{
            "Name": "Loop 1",
            "TripCount": "256",
            "Latency": "16896",
            "PipelineII": "",
            "PipelineDepth": "66",
            "Loops": [{
                "Name": "transposeMatrix_label0",
                "TripCount": "32",
                "Latency": "64",
                "PipelineII": "",
                "PipelineDepth": "2"
              }]
          }],
        "Area": {
          "FF": "67",
          "LUT": "144",
          "BRAM_18K": "0",
          "DSP48E": "0",
          "URAM": "0"
        }
      },
      "multmat": {
        "Latency": {
          "LatencyBest": "526401",
          "LatencyAvg": "526401",
          "LatencyWorst": "526401",
          "PipelineII": "526401",
          "PipelineDepth": "",
          "PipelineType": "none"
        },
        "Timing": {
          "Target": "10.00",
          "Uncertainty": "1.25",
          "Estimate": "5.395"
        },
        "Loops": [{
            "Name": "multiplierMatrices_label6",
            "TripCount": "32",
            "Latency": "526400",
            "PipelineII": "",
            "PipelineDepth": "16450",
            "Loops": [{
                "Name": "multiplierMatrices_label7",
                "TripCount": "32",
                "Latency": "16448",
                "PipelineII": "",
                "PipelineDepth": "514",
                "Loops": [{
                    "Name": "multmat_label0",
                    "TripCount": "256",
                    "Latency": "512",
                    "PipelineII": "",
                    "PipelineDepth": "2"
                  }]
              }]
          }],
        "Area": {
          "FF": "84",
          "LUT": "231",
          "BRAM_18K": "0",
          "DSP48E": "0",
          "URAM": "0"
        }
      },
      "multmat2": {
        "Latency": {
          "LatencyBest": "67649",
          "LatencyAvg": "67649",
          "LatencyWorst": "67649",
          "PipelineII": "67649",
          "PipelineDepth": "",
          "PipelineType": "none"
        },
        "Timing": {
          "Target": "10.00",
          "Uncertainty": "1.25",
          "Estimate": "5.395"
        },
        "Loops": [{
            "Name": "multiplierMatrices_label6",
            "TripCount": "32",
            "Latency": "67648",
            "PipelineII": "",
            "PipelineDepth": "2114",
            "Loops": [{
                "Name": "multiplierMatrices_label7",
                "TripCount": "32",
                "Latency": "2112",
                "PipelineII": "",
                "PipelineDepth": "66",
                "Loops": [{
                    "Name": "multmat_label0",
                    "TripCount": "32",
                    "Latency": "64",
                    "PipelineII": "",
                    "PipelineDepth": "2"
                  }]
              }]
          }],
        "Area": {
          "FF": "79",
          "LUT": "227",
          "BRAM_18K": "0",
          "DSP48E": "0",
          "URAM": "0"
        }
      },
      "scale": {
        "Latency": {
          "LatencyBest": "8705",
          "LatencyAvg": "8705",
          "LatencyWorst": "8705",
          "PipelineII": "8705",
          "PipelineDepth": "",
          "PipelineType": "none"
        },
        "Timing": {
          "Target": "10.00",
          "Uncertainty": "1.25",
          "Estimate": "5.395"
        },
        "Loops": [{
            "Name": "multiplierMatrices_label6",
            "TripCount": "256",
            "Latency": "8704",
            "PipelineII": "",
            "PipelineDepth": "34",
            "Loops": [{
                "Name": "multiplierMatrices_label7",
                "TripCount": "32",
                "Latency": "32",
                "PipelineII": "",
                "PipelineDepth": "1"
              }]
          }],
        "Area": {
          "FF": "36",
          "LUT": "116",
          "BRAM_18K": "0",
          "DSP48E": "0",
          "URAM": "0"
        }
      },
      "BlocLinear512": {
        "Latency": {
          "LatencyBest": "8422401",
          "LatencyAvg": "8422401",
          "LatencyWorst": "8422401",
          "PipelineII": "8422401",
          "PipelineDepth": "",
          "PipelineType": "none"
        },
        "Timing": {
          "Target": "10.00",
          "Uncertainty": "1.25",
          "Estimate": "6.094"
        },
        "Loops": [{
            "Name": "Loop 1",
            "TripCount": "512",
            "Latency": "8422400",
            "PipelineII": "",
            "PipelineDepth": "16450",
            "Loops": [{
                "Name": "multmat_label1",
                "TripCount": "32",
                "Latency": "16448",
                "PipelineII": "",
                "PipelineDepth": "514",
                "Loops": [{
                    "Name": "multmat_label0",
                    "TripCount": "256",
                    "Latency": "512",
                    "PipelineII": "",
                    "PipelineDepth": "2"
                  }]
              }]
          }],
        "Area": {
          "FF": "119",
          "LUT": "302",
          "BRAM_18K": "0",
          "DSP48E": "0",
          "URAM": "0"
        }
      },
      "Lif512": {
        "Latency": {
          "LatencyBest": "25089",
          "LatencyAvg": "25089",
          "LatencyWorst": "25089",
          "PipelineII": "25089",
          "PipelineDepth": "",
          "PipelineType": "none"
        },
        "Timing": {
          "Target": "10.00",
          "Uncertainty": "1.25",
          "Estimate": "6.661"
        },
        "Loops": [{
            "Name": "Loop 1",
            "TripCount": "256",
            "Latency": "25088",
            "PipelineII": "",
            "PipelineDepth": "98",
            "Loops": [{
                "Name": "Lif_label1",
                "TripCount": "32",
                "Latency": "96",
                "PipelineII": "",
                "PipelineDepth": "3"
              }]
          }],
        "Area": {
          "FF": "97",
          "LUT": "220",
          "BRAM_18K": "0",
          "DSP48E": "0",
          "URAM": "0"
        }
      },
      "BlocLinear": {
        "Latency": {
          "LatencyBest": "4211201",
          "LatencyAvg": "4211201",
          "LatencyWorst": "4211201",
          "PipelineII": "4211201",
          "PipelineDepth": "",
          "PipelineType": "none"
        },
        "Timing": {
          "Target": "10.00",
          "Uncertainty": "1.25",
          "Estimate": "5.681"
        },
        "Loops": [{
            "Name": "Loop 1",
            "TripCount": "256",
            "Latency": "4211200",
            "PipelineII": "",
            "PipelineDepth": "16450",
            "Loops": [{
                "Name": "multmat_label1",
                "TripCount": "32",
                "Latency": "16448",
                "PipelineII": "",
                "PipelineDepth": "514",
                "Loops": [{
                    "Name": "multmat_label0",
                    "TripCount": "256",
                    "Latency": "512",
                    "PipelineII": "",
                    "PipelineDepth": "2"
                  }]
              }]
          }],
        "Area": {
          "FF": "114",
          "LUT": "271",
          "BRAM_18K": "0",
          "DSP48E": "0",
          "URAM": "0"
        }
      },
      "Elements": {
        "Latency": {
          "LatencyBest": "89029298",
          "LatencyAvg": "89029298",
          "LatencyWorst": "89029298",
          "PipelineII": "89029299",
          "PipelineDepth": "",
          "PipelineType": "none"
        },
        "Timing": {
          "Target": "10.00",
          "Uncertainty": "1.25",
          "Estimate": "6.661"
        },
        "Area": {
          "BRAM_18K": "158",
          "FF": "1158",
          "LUT": "4368",
          "URAM": "0",
          "DSP48E": "0"
        }
      }
    }
  },
  "Sdx": {
    "Target": "none",
    "ProfileOption": "0",
    "ProfileType": "none",
    "XO": "",
    "KernelName": "Elements",
    "EnableXoSwEmu": "1"
  },
  "GenData": {
    "DataVersion": "0.2",
    "Time": "2024-12-19 10:27:35 +0100",
    "ToolName": "vivado_hls",
    "ToolVersion": "2019.2"
  }
}
