<stg><name>BlocLinear</name>


<trans_list>

<trans id="59" from="1" to="2">
<condition id="-1">
<or_exp><and_exp></and_exp></or_exp>
</condition>
</trans>

<trans id="60" from="2" to="3">
<condition id="-1">
<or_exp><and_exp><literal name="icmp_ln59" val="0"/>
</and_exp></or_exp>
</condition>
</trans>

<trans id="61" from="3" to="4">
<condition id="-1">
<or_exp><and_exp><literal name="icmp_ln61" val="0"/>
</and_exp></or_exp>
</condition>
</trans>

<trans id="66" from="3" to="2">
<condition id="-1">
<or_exp><and_exp><literal name="icmp_ln61" val="1"/>
</and_exp></or_exp>
</condition>
</trans>

<trans id="62" from="4" to="5">
<condition id="-1">
<or_exp><and_exp><literal name="icmp_ln64" val="0"/>
</and_exp></or_exp>
</condition>
</trans>

<trans id="65" from="4" to="3">
<condition id="-1">
<or_exp><and_exp><literal name="icmp_ln64" val="1"/>
</and_exp></or_exp>
</condition>
</trans>

<trans id="64" from="5" to="4">
<condition id="-1">
<or_exp><and_exp></and_exp></or_exp>
</condition>
</trans>
</trans_list>



<state_list>

<state id="1" st_id="1">

<operation id="6" st_id="1" stage="1" lat="1">
<core>NULL</core>
<MemPortIdVec></MemPortIdVec>
<condition id="-1">
<or_exp><and_exp></and_exp></or_exp>
</condition>

<Node id="4" bw="0" op_0_bw="0">
<![CDATA[
:0  br label %.loopexit

]]></Node>
<StgValue><ssdm name="br_ln59"/></StgValue>
</operation>
</state>

<state id="2" st_id="2">

<operation id="7" st_id="2" stage="1" lat="1">
<core>NULL</core>
<MemPortIdVec></MemPortIdVec>
<condition id="-1">
<or_exp><and_exp></and_exp></or_exp>
</condition>

<Node id="6" bw="9" op_0_bw="9" op_1_bw="0" op_2_bw="9" op_3_bw="0">
<![CDATA[
.loopexit:0  %i_0 = phi i9 [ 0, %0 ], [ %i, %.loopexit.loopexit ]

]]></Node>
<StgValue><ssdm name="i_0"/></StgValue>
</operation>

<operation id="8" st_id="2" stage="1" lat="1">
<core>Cmp</core>
<MemPortIdVec></MemPortIdVec>
<condition id="-1">
<or_exp><and_exp></and_exp></or_exp>
</condition>

<Node id="7" bw="1" op_0_bw="9" op_1_bw="9">
<![CDATA[
.loopexit:1  %icmp_ln59 = icmp eq i9 %i_0, -256

]]></Node>
<StgValue><ssdm name="icmp_ln59"/></StgValue>
</operation>

<operation id="9" st_id="2" stage="1" lat="1">
<core>NULL</core>
<MemPortIdVec></MemPortIdVec>
<condition id="-1">
<or_exp><and_exp></and_exp></or_exp>
</condition>

<Node id="8" bw="32" op_0_bw="32" op_1_bw="64" op_2_bw="64" op_3_bw="64">
<![CDATA[
.loopexit:2  %empty = call i32 (...)* @_ssdm_op_SpecLoopTripCount(i64 256, i64 256, i64 256)

]]></Node>
<StgValue><ssdm name="empty"/></StgValue>
</operation>

<operation id="10" st_id="2" stage="1" lat="1">
<core>AddSub</core>
<MemPortIdVec></MemPortIdVec>
<condition id="-1">
<or_exp><and_exp></and_exp></or_exp>
</condition>

<Node id="9" bw="9" op_0_bw="9" op_1_bw="9">
<![CDATA[
.loopexit:3  %i = add i9 %i_0, 1

]]></Node>
<StgValue><ssdm name="i"/></StgValue>
</operation>

<operation id="11" st_id="2" stage="1" lat="1">
<core>NULL</core>
<MemPortIdVec></MemPortIdVec>
<condition id="-1">
<or_exp><and_exp></and_exp></or_exp>
</condition>

<Node id="10" bw="0" op_0_bw="1" op_1_bw="0" op_2_bw="0">
<![CDATA[
.loopexit:4  br i1 %icmp_ln59, label %2, label %.preheader.preheader

]]></Node>
<StgValue><ssdm name="br_ln59"/></StgValue>
</operation>

<operation id="12" st_id="2" stage="1" lat="1">
<core>NULL</core>
<MemPortIdVec></MemPortIdVec>
<condition id="-1">
<or_exp><and_exp><literal name="icmp_ln59" val="0"/>
</and_exp></or_exp>
</condition>

<Node id="12" bw="17" op_0_bw="17" op_1_bw="9" op_2_bw="8">
<![CDATA[
.preheader.preheader:0  %tmp_s = call i17 @_ssdm_op_BitConcatenate.i17.i9.i8(i9 %i_0, i8 0)

]]></Node>
<StgValue><ssdm name="tmp_s"/></StgValue>
</operation>

<operation id="13" st_id="2" stage="1" lat="1">
<core>NULL</core>
<MemPortIdVec></MemPortIdVec>
<condition id="-1">
<or_exp><and_exp><literal name="icmp_ln59" val="0"/>
</and_exp></or_exp>
</condition>

<Node id="13" bw="18" op_0_bw="17">
<![CDATA[
.preheader.preheader:1  %zext_ln203 = zext i17 %tmp_s to i18

]]></Node>
<StgValue><ssdm name="zext_ln203"/></StgValue>
</operation>

<operation id="14" st_id="2" stage="1" lat="1">
<core>NULL</core>
<MemPortIdVec></MemPortIdVec>
<condition id="-1">
<or_exp><and_exp><literal name="icmp_ln59" val="0"/>
</and_exp></or_exp>
</condition>

<Node id="14" bw="14" op_0_bw="14" op_1_bw="9" op_2_bw="5">
<![CDATA[
.preheader.preheader:2  %tmp_3 = call i14 @_ssdm_op_BitConcatenate.i14.i9.i5(i9 %i_0, i5 0)

]]></Node>
<StgValue><ssdm name="tmp_3"/></StgValue>
</operation>

<operation id="15" st_id="2" stage="1" lat="1">
<core>NULL</core>
<MemPortIdVec></MemPortIdVec>
<condition id="-1">
<or_exp><and_exp><literal name="icmp_ln59" val="0"/>
</and_exp></or_exp>
</condition>

<Node id="15" bw="15" op_0_bw="14">
<![CDATA[
.preheader.preheader:3  %zext_ln61 = zext i14 %tmp_3 to i15

]]></Node>
<StgValue><ssdm name="zext_ln61"/></StgValue>
</operation>

<operation id="16" st_id="2" stage="1" lat="1">
<core>NULL</core>
<MemPortIdVec></MemPortIdVec>
<condition id="-1">
<or_exp><and_exp><literal name="icmp_ln59" val="0"/>
</and_exp></or_exp>
</condition>

<Node id="16" bw="0" op_0_bw="0">
<![CDATA[
.preheader.preheader:4  br label %.preheader

]]></Node>
<StgValue><ssdm name="br_ln61"/></StgValue>
</operation>

<operation id="17" st_id="2" stage="1" lat="1">
<core>NULL</core>
<MemPortIdVec></MemPortIdVec>
<condition id="-1">
<or_exp><and_exp><literal name="icmp_ln59" val="1"/>
</and_exp></or_exp>
</condition>

<Node id="63" bw="0">
<![CDATA[
:0  ret void

]]></Node>
<StgValue><ssdm name="ret_ln70"/></StgValue>
</operation>
</state>

<state id="3" st_id="3">

<operation id="18" st_id="3" stage="1" lat="1">
<core>NULL</core>
<MemPortIdVec></MemPortIdVec>
<condition id="-1">
<or_exp><and_exp></and_exp></or_exp>
</condition>

<Node id="18" bw="6" op_0_bw="6" op_1_bw="0" op_2_bw="6" op_3_bw="0">
<![CDATA[
.preheader:0  %j_0 = phi i6 [ %j, %multmat_label1_end ], [ 0, %.preheader.preheader ]

]]></Node>
<StgValue><ssdm name="j_0"/></StgValue>
</operation>

<operation id="19" st_id="3" stage="1" lat="1">
<core>Cmp</core>
<MemPortIdVec></MemPortIdVec>
<condition id="-1">
<or_exp><and_exp></and_exp></or_exp>
</condition>

<Node id="19" bw="1" op_0_bw="6" op_1_bw="6">
<![CDATA[
.preheader:1  %icmp_ln61 = icmp eq i6 %j_0, -32

]]></Node>
<StgValue><ssdm name="icmp_ln61"/></StgValue>
</operation>

<operation id="20" st_id="3" stage="1" lat="1">
<core>NULL</core>
<MemPortIdVec></MemPortIdVec>
<condition id="-1">
<or_exp><and_exp></and_exp></or_exp>
</condition>

<Node id="20" bw="32" op_0_bw="32" op_1_bw="64" op_2_bw="64" op_3_bw="64">
<![CDATA[
.preheader:2  %empty_46 = call i32 (...)* @_ssdm_op_SpecLoopTripCount(i64 32, i64 32, i64 32)

]]></Node>
<StgValue><ssdm name="empty_46"/></StgValue>
</operation>

<operation id="21" st_id="3" stage="1" lat="1">
<core>AddSub</core>
<MemPortIdVec></MemPortIdVec>
<condition id="-1">
<or_exp><and_exp></and_exp></or_exp>
</condition>

<Node id="21" bw="6" op_0_bw="6" op_1_bw="6">
<![CDATA[
.preheader:3  %j = add i6 %j_0, 1

]]></Node>
<StgValue><ssdm name="j"/></StgValue>
</operation>

<operation id="22" st_id="3" stage="1" lat="1">
<core>NULL</core>
<MemPortIdVec></MemPortIdVec>
<condition id="-1">
<or_exp><and_exp></and_exp></or_exp>
</condition>

<Node id="22" bw="0" op_0_bw="1" op_1_bw="0" op_2_bw="0">
<![CDATA[
.preheader:4  br i1 %icmp_ln61, label %.loopexit.loopexit, label %multmat_label1_begin

]]></Node>
<StgValue><ssdm name="br_ln61"/></StgValue>
</operation>

<operation id="23" st_id="3" stage="1" lat="1">
<core>NULL</core>
<MemPortIdVec></MemPortIdVec>
<condition id="-1">
<or_exp><and_exp><literal name="icmp_ln61" val="0"/>
</and_exp></or_exp>
</condition>

<Node id="24" bw="0" op_0_bw="0" op_1_bw="0">
<![CDATA[
multmat_label1_begin:0  call void (...)* @_ssdm_op_SpecLoopName([15 x i8]* @p_str3) nounwind

]]></Node>
<StgValue><ssdm name="specloopname_ln62"/></StgValue>
</operation>

<operation id="24" st_id="3" stage="1" lat="1">
<core>NULL</core>
<MemPortIdVec></MemPortIdVec>
<condition id="-1">
<or_exp><and_exp><literal name="icmp_ln61" val="0"/>
</and_exp></or_exp>
</condition>

<Node id="25" bw="32" op_0_bw="32" op_1_bw="0">
<![CDATA[
multmat_label1_begin:1  %tmp = call i32 (...)* @_ssdm_op_SpecRegionBegin([15 x i8]* @p_str3)

]]></Node>
<StgValue><ssdm name="tmp"/></StgValue>
</operation>

<operation id="25" st_id="3" stage="1" lat="1">
<core>NULL</core>
<MemPortIdVec></MemPortIdVec>
<condition id="-1">
<or_exp><and_exp><literal name="icmp_ln61" val="0"/>
</and_exp></or_exp>
</condition>

<Node id="26" bw="15" op_0_bw="6">
<![CDATA[
multmat_label1_begin:2  %zext_ln203_7 = zext i6 %j_0 to i15

]]></Node>
<StgValue><ssdm name="zext_ln203_7"/></StgValue>
</operation>

<operation id="26" st_id="3" stage="1" lat="1">
<core>AddSub</core>
<MemPortIdVec></MemPortIdVec>
<condition id="-1">
<or_exp><and_exp><literal name="icmp_ln61" val="0"/>
</and_exp></or_exp>
</condition>

<Node id="27" bw="15" op_0_bw="15" op_1_bw="15">
<![CDATA[
multmat_label1_begin:3  %add_ln203 = add i15 %zext_ln61, %zext_ln203_7

]]></Node>
<StgValue><ssdm name="add_ln203"/></StgValue>
</operation>

<operation id="27" st_id="3" stage="1" lat="1">
<core>NULL</core>
<MemPortIdVec></MemPortIdVec>
<condition id="-1">
<or_exp><and_exp><literal name="icmp_ln61" val="0"/>
</and_exp></or_exp>
</condition>

<Node id="28" bw="64" op_0_bw="15">
<![CDATA[
multmat_label1_begin:4  %zext_ln203_8 = zext i15 %add_ln203 to i64

]]></Node>
<StgValue><ssdm name="zext_ln203_8"/></StgValue>
</operation>

<operation id="28" st_id="3" stage="1" lat="1">
<core>NULL</core>
<MemPortIdVec></MemPortIdVec>
<condition id="-1">
<or_exp><and_exp><literal name="icmp_ln61" val="0"/>
</and_exp></or_exp>
</condition>

<Node id="29" bw="13" op_0_bw="24" op_1_bw="64" op_2_bw="64">
<![CDATA[
multmat_label1_begin:5  %matriceC_V_addr = getelementptr [8192 x i24]* %matriceC_V, i64 0, i64 %zext_ln203_8

]]></Node>
<StgValue><ssdm name="matriceC_V_addr"/></StgValue>
</operation>

<operation id="29" st_id="3" stage="1" lat="1">
<core>NULL</core>
<MemPortIdVec></MemPortIdVec>
<condition id="-1">
<or_exp><and_exp><literal name="icmp_ln61" val="0"/>
</and_exp></or_exp>
</condition>

<Node id="30" bw="0" op_0_bw="0">
<![CDATA[
multmat_label1_begin:6  br label %1

]]></Node>
<StgValue><ssdm name="br_ln64"/></StgValue>
</operation>

<operation id="30" st_id="3" stage="1" lat="1">
<core>NULL</core>
<MemPortIdVec></MemPortIdVec>
<condition id="-1">
<or_exp><and_exp><literal name="icmp_ln61" val="1"/>
</and_exp></or_exp>
</condition>

<Node id="61" bw="0" op_0_bw="0">
<![CDATA[
.loopexit.loopexit:0  br label %.loopexit

]]></Node>
<StgValue><ssdm name="br_ln0"/></StgValue>
</operation>
</state>

<state id="4" st_id="4">

<operation id="31" st_id="4" stage="1" lat="1">
<core>NULL</core>
<MemPortIdVec></MemPortIdVec>
<condition id="-1">
<or_exp><and_exp></and_exp></or_exp>
</condition>

<Node id="32" bw="24" op_0_bw="24" op_1_bw="0" op_2_bw="24" op_3_bw="0">
<![CDATA[
:0  %p_Val2_s = phi i24 [ 0, %multmat_label1_begin ], [ %add_ln703, %_ZmlILi16ELi8ELb1EL9ap_q_mode5EL9ap_o_mode3ELi0ELi1ELb0EEN13ap_fixed_baseIXT_EXT0_EXT1_ELS0_5ELS1_3ELi0EE5RTypeIXT5_EXT5_EXT6_EE4multERKS2_IXT_EXT0_EXT1_EXT2_EXT3_EXT4_EERK11ap_int_baseIXT5_EXT6_EE.exit ]

]]></Node>
<StgValue><ssdm name="p_Val2_s"/></StgValue>
</operation>

<operation id="32" st_id="4" stage="1" lat="1">
<core>NULL</core>
<MemPortIdVec></MemPortIdVec>
<condition id="-1">
<or_exp><and_exp></and_exp></or_exp>
</condition>

<Node id="33" bw="9" op_0_bw="9" op_1_bw="0" op_2_bw="9" op_3_bw="0">
<![CDATA[
:1  %k_0 = phi i9 [ 0, %multmat_label1_begin ], [ %k, %_ZmlILi16ELi8ELb1EL9ap_q_mode5EL9ap_o_mode3ELi0ELi1ELb0EEN13ap_fixed_baseIXT_EXT0_EXT1_ELS0_5ELS1_3ELi0EE5RTypeIXT5_EXT5_EXT6_EE4multERKS2_IXT_EXT0_EXT1_EXT2_EXT3_EXT4_EERK11ap_int_baseIXT5_EXT6_EE.exit ]

]]></Node>
<StgValue><ssdm name="k_0"/></StgValue>
</operation>

<operation id="33" st_id="4" stage="1" lat="1">
<core>RAM</core>
<MemPortIdVec>0 </MemPortIdVec>
<condition id="-1">
<or_exp><and_exp></and_exp></or_exp>
</condition>

<Node id="34" bw="0" op_0_bw="24" op_1_bw="13">
<![CDATA[
:2  store i24 %p_Val2_s, i24* %matriceC_V_addr, align 4

]]></Node>
<StgValue><ssdm name="store_ln66"/></StgValue>
</operation>

<operation id="34" st_id="4" stage="1" lat="1">
<core>Cmp</core>
<MemPortIdVec></MemPortIdVec>
<condition id="-1">
<or_exp><and_exp></and_exp></or_exp>
</condition>

<Node id="35" bw="1" op_0_bw="9" op_1_bw="9">
<![CDATA[
:3  %icmp_ln64 = icmp eq i9 %k_0, -256

]]></Node>
<StgValue><ssdm name="icmp_ln64"/></StgValue>
</operation>

<operation id="35" st_id="4" stage="1" lat="1">
<core>NULL</core>
<MemPortIdVec></MemPortIdVec>
<condition id="-1">
<or_exp><and_exp></and_exp></or_exp>
</condition>

<Node id="36" bw="32" op_0_bw="32" op_1_bw="64" op_2_bw="64" op_3_bw="64">
<![CDATA[
:4  %empty_47 = call i32 (...)* @_ssdm_op_SpecLoopTripCount(i64 256, i64 256, i64 256)

]]></Node>
<StgValue><ssdm name="empty_47"/></StgValue>
</operation>

<operation id="36" st_id="4" stage="1" lat="1">
<core>AddSub</core>
<MemPortIdVec></MemPortIdVec>
<condition id="-1">
<or_exp><and_exp></and_exp></or_exp>
</condition>

<Node id="37" bw="9" op_0_bw="9" op_1_bw="9">
<![CDATA[
:5  %k = add i9 %k_0, 1

]]></Node>
<StgValue><ssdm name="k"/></StgValue>
</operation>

<operation id="37" st_id="4" stage="1" lat="1">
<core>NULL</core>
<MemPortIdVec></MemPortIdVec>
<condition id="-1">
<or_exp><and_exp></and_exp></or_exp>
</condition>

<Node id="38" bw="0" op_0_bw="1" op_1_bw="0" op_2_bw="0">
<![CDATA[
:6  br i1 %icmp_ln64, label %multmat_label1_end, label %_ZmlILi16ELi8ELb1EL9ap_q_mode5EL9ap_o_mode3ELi0ELi1ELb0EEN13ap_fixed_baseIXT_EXT0_EXT1_ELS0_5ELS1_3ELi0EE5RTypeIXT5_EXT5_EXT6_EE4multERKS2_IXT_EXT0_EXT1_EXT2_EXT3_EXT4_EERK11ap_int_baseIXT5_EXT6_EE.exit

]]></Node>
<StgValue><ssdm name="br_ln64"/></StgValue>
</operation>

<operation id="38" st_id="4" stage="1" lat="1">
<core>NULL</core>
<MemPortIdVec></MemPortIdVec>
<condition id="-1">
<or_exp><and_exp><literal name="icmp_ln64" val="0"/>
</and_exp></or_exp>
</condition>

<Node id="41" bw="18" op_0_bw="9">
<![CDATA[
_ZmlILi16ELi8ELb1EL9ap_q_mode5EL9ap_o_mode3ELi0ELi1ELb0EEN13ap_fixed_baseIXT_EXT0_EXT1_ELS0_5ELS1_3ELi0EE5RTypeIXT5_EXT5_EXT6_EE4multERKS2_IXT_EXT0_EXT1_EXT2_EXT3_EXT4_EERK11ap_int_baseIXT5_EXT6_EE.exit:1  %zext_ln1116 = zext i9 %k_0 to i18

]]></Node>
<StgValue><ssdm name="zext_ln1116"/></StgValue>
</operation>

<operation id="39" st_id="4" stage="1" lat="1">
<core>AddSub</core>
<MemPortIdVec></MemPortIdVec>
<condition id="-1">
<or_exp><and_exp><literal name="icmp_ln64" val="0"/>
</and_exp></or_exp>
</condition>

<Node id="42" bw="18" op_0_bw="18" op_1_bw="18">
<![CDATA[
_ZmlILi16ELi8ELb1EL9ap_q_mode5EL9ap_o_mode3ELi0ELi1ELb0EEN13ap_fixed_baseIXT_EXT0_EXT1_ELS0_5ELS1_3ELi0EE5RTypeIXT5_EXT5_EXT6_EE4multERKS2_IXT_EXT0_EXT1_EXT2_EXT3_EXT4_EERK11ap_int_baseIXT5_EXT6_EE.exit:2  %add_ln1116 = add i18 %zext_ln1116, %zext_ln203

]]></Node>
<StgValue><ssdm name="add_ln1116"/></StgValue>
</operation>

<operation id="40" st_id="4" stage="1" lat="1">
<core>NULL</core>
<MemPortIdVec></MemPortIdVec>
<condition id="-1">
<or_exp><and_exp><literal name="icmp_ln64" val="0"/>
</and_exp></or_exp>
</condition>

<Node id="43" bw="64" op_0_bw="18">
<![CDATA[
_ZmlILi16ELi8ELb1EL9ap_q_mode5EL9ap_o_mode3ELi0ELi1ELb0EEN13ap_fixed_baseIXT_EXT0_EXT1_ELS0_5ELS1_3ELi0EE5RTypeIXT5_EXT5_EXT6_EE4multERKS2_IXT_EXT0_EXT1_EXT2_EXT3_EXT4_EERK11ap_int_baseIXT5_EXT6_EE.exit:3  %zext_ln1116_3 = zext i18 %add_ln1116 to i64

]]></Node>
<StgValue><ssdm name="zext_ln1116_3"/></StgValue>
</operation>

<operation id="41" st_id="4" stage="1" lat="1">
<core>NULL</core>
<MemPortIdVec></MemPortIdVec>
<condition id="-1">
<or_exp><and_exp><literal name="icmp_ln64" val="0"/>
</and_exp></or_exp>
</condition>

<Node id="44" bw="16" op_0_bw="16" op_1_bw="64" op_2_bw="64">
<![CDATA[
_ZmlILi16ELi8ELb1EL9ap_q_mode5EL9ap_o_mode3ELi0ELi1ELb0EEN13ap_fixed_baseIXT_EXT0_EXT1_ELS0_5ELS1_3ELi0EE5RTypeIXT5_EXT5_EXT6_EE4multERKS2_IXT_EXT0_EXT1_EXT2_EXT3_EXT4_EERK11ap_int_baseIXT5_EXT6_EE.exit:4  %matriceA_V_addr = getelementptr [65536 x i16]* %matriceA_V, i64 0, i64 %zext_ln1116_3

]]></Node>
<StgValue><ssdm name="matriceA_V_addr"/></StgValue>
</operation>

<operation id="42" st_id="4" stage="1" lat="1">
<core>NULL</core>
<MemPortIdVec></MemPortIdVec>
<condition id="-1">
<or_exp><and_exp><literal name="icmp_ln64" val="0"/>
</and_exp></or_exp>
</condition>

<Node id="45" bw="14" op_0_bw="14" op_1_bw="9" op_2_bw="5">
<![CDATA[
_ZmlILi16ELi8ELb1EL9ap_q_mode5EL9ap_o_mode3ELi0ELi1ELb0EEN13ap_fixed_baseIXT_EXT0_EXT1_ELS0_5ELS1_3ELi0EE5RTypeIXT5_EXT5_EXT6_EE4multERKS2_IXT_EXT0_EXT1_EXT2_EXT3_EXT4_EERK11ap_int_baseIXT5_EXT6_EE.exit:5  %tmp_4 = call i14 @_ssdm_op_BitConcatenate.i14.i9.i5(i9 %k_0, i5 0)

]]></Node>
<StgValue><ssdm name="tmp_4"/></StgValue>
</operation>

<operation id="43" st_id="4" stage="1" lat="1">
<core>NULL</core>
<MemPortIdVec></MemPortIdVec>
<condition id="-1">
<or_exp><and_exp><literal name="icmp_ln64" val="0"/>
</and_exp></or_exp>
</condition>

<Node id="46" bw="15" op_0_bw="14">
<![CDATA[
_ZmlILi16ELi8ELb1EL9ap_q_mode5EL9ap_o_mode3ELi0ELi1ELb0EEN13ap_fixed_baseIXT_EXT0_EXT1_ELS0_5ELS1_3ELi0EE5RTypeIXT5_EXT5_EXT6_EE4multERKS2_IXT_EXT0_EXT1_EXT2_EXT3_EXT4_EERK11ap_int_baseIXT5_EXT6_EE.exit:6  %zext_ln446 = zext i14 %tmp_4 to i15

]]></Node>
<StgValue><ssdm name="zext_ln446"/></StgValue>
</operation>

<operation id="44" st_id="4" stage="1" lat="1">
<core>AddSub</core>
<MemPortIdVec></MemPortIdVec>
<condition id="-1">
<or_exp><and_exp><literal name="icmp_ln64" val="0"/>
</and_exp></or_exp>
</condition>

<Node id="47" bw="15" op_0_bw="15" op_1_bw="15">
<![CDATA[
_ZmlILi16ELi8ELb1EL9ap_q_mode5EL9ap_o_mode3ELi0ELi1ELb0EEN13ap_fixed_baseIXT_EXT0_EXT1_ELS0_5ELS1_3ELi0EE5RTypeIXT5_EXT5_EXT6_EE4multERKS2_IXT_EXT0_EXT1_EXT2_EXT3_EXT4_EERK11ap_int_baseIXT5_EXT6_EE.exit:7  %add_ln446 = add i15 %zext_ln203_7, %zext_ln446

]]></Node>
<StgValue><ssdm name="add_ln446"/></StgValue>
</operation>

<operation id="45" st_id="4" stage="1" lat="1">
<core>NULL</core>
<MemPortIdVec></MemPortIdVec>
<condition id="-1">
<or_exp><and_exp><literal name="icmp_ln64" val="0"/>
</and_exp></or_exp>
</condition>

<Node id="48" bw="64" op_0_bw="15">
<![CDATA[
_ZmlILi16ELi8ELb1EL9ap_q_mode5EL9ap_o_mode3ELi0ELi1ELb0EEN13ap_fixed_baseIXT_EXT0_EXT1_ELS0_5ELS1_3ELi0EE5RTypeIXT5_EXT5_EXT6_EE4multERKS2_IXT_EXT0_EXT1_EXT2_EXT3_EXT4_EERK11ap_int_baseIXT5_EXT6_EE.exit:8  %zext_ln446_2 = zext i15 %add_ln446 to i64

]]></Node>
<StgValue><ssdm name="zext_ln446_2"/></StgValue>
</operation>

<operation id="46" st_id="4" stage="1" lat="1">
<core>NULL</core>
<MemPortIdVec></MemPortIdVec>
<condition id="-1">
<or_exp><and_exp><literal name="icmp_ln64" val="0"/>
</and_exp></or_exp>
</condition>

<Node id="49" bw="14" op_0_bw="1" op_1_bw="64" op_2_bw="64">
<![CDATA[
_ZmlILi16ELi8ELb1EL9ap_q_mode5EL9ap_o_mode3ELi0ELi1ELb0EEN13ap_fixed_baseIXT_EXT0_EXT1_ELS0_5ELS1_3ELi0EE5RTypeIXT5_EXT5_EXT6_EE4multERKS2_IXT_EXT0_EXT1_EXT2_EXT3_EXT4_EERK11ap_int_baseIXT5_EXT6_EE.exit:9  %matriceB_V_addr = getelementptr [16384 x i1]* %matriceB_V, i64 0, i64 %zext_ln446_2

]]></Node>
<StgValue><ssdm name="matriceB_V_addr"/></StgValue>
</operation>

<operation id="47" st_id="4" stage="2" lat="2">
<core>RAM</core>
<MemPortIdVec>0 </MemPortIdVec>
<condition id="-1">
<or_exp><and_exp><literal name="icmp_ln64" val="0"/>
</and_exp></or_exp>
</condition>

<Node id="50" bw="1" op_0_bw="14">
<![CDATA[
_ZmlILi16ELi8ELb1EL9ap_q_mode5EL9ap_o_mode3ELi0ELi1ELb0EEN13ap_fixed_baseIXT_EXT0_EXT1_ELS0_5ELS1_3ELi0EE5RTypeIXT5_EXT5_EXT6_EE4multERKS2_IXT_EXT0_EXT1_EXT2_EXT3_EXT4_EERK11ap_int_baseIXT5_EXT6_EE.exit:10  %tmp_V = load i1* %matriceB_V_addr, align 1

]]></Node>
<StgValue><ssdm name="tmp_V"/></StgValue>
</operation>

<operation id="48" st_id="4" stage="2" lat="2">
<core>RAM</core>
<MemPortIdVec>0 </MemPortIdVec>
<condition id="-1">
<or_exp><and_exp><literal name="icmp_ln64" val="0"/>
</and_exp></or_exp>
</condition>

<Node id="51" bw="16" op_0_bw="16">
<![CDATA[
_ZmlILi16ELi8ELb1EL9ap_q_mode5EL9ap_o_mode3ELi0ELi1ELb0EEN13ap_fixed_baseIXT_EXT0_EXT1_ELS0_5ELS1_3ELi0EE5RTypeIXT5_EXT5_EXT6_EE4multERKS2_IXT_EXT0_EXT1_EXT2_EXT3_EXT4_EERK11ap_int_baseIXT5_EXT6_EE.exit:11  %matriceA_V_load = load i16* %matriceA_V_addr, align 2

]]></Node>
<StgValue><ssdm name="matriceA_V_load"/></StgValue>
</operation>

<operation id="49" st_id="4" stage="1" lat="1">
<core>NULL</core>
<MemPortIdVec></MemPortIdVec>
<condition id="-1">
<or_exp><and_exp><literal name="icmp_ln64" val="1"/>
</and_exp></or_exp>
</condition>

<Node id="58" bw="32" op_0_bw="32" op_1_bw="0" op_2_bw="32">
<![CDATA[
multmat_label1_end:0  %empty_48 = call i32 (...)* @_ssdm_op_SpecRegionEnd([15 x i8]* @p_str3, i32 %tmp)

]]></Node>
<StgValue><ssdm name="empty_48"/></StgValue>
</operation>

<operation id="50" st_id="4" stage="1" lat="1">
<core>NULL</core>
<MemPortIdVec></MemPortIdVec>
<condition id="-1">
<or_exp><and_exp><literal name="icmp_ln64" val="1"/>
</and_exp></or_exp>
</condition>

<Node id="59" bw="0" op_0_bw="0">
<![CDATA[
multmat_label1_end:1  br label %.preheader

]]></Node>
<StgValue><ssdm name="br_ln61"/></StgValue>
</operation>
</state>

<state id="5" st_id="5">

<operation id="51" st_id="5" stage="1" lat="1">
<core>NULL</core>
<MemPortIdVec></MemPortIdVec>
<condition id="-1">
<or_exp><and_exp></and_exp></or_exp>
</condition>

<Node id="40" bw="0" op_0_bw="0" op_1_bw="0">
<![CDATA[
_ZmlILi16ELi8ELb1EL9ap_q_mode5EL9ap_o_mode3ELi0ELi1ELb0EEN13ap_fixed_baseIXT_EXT0_EXT1_ELS0_5ELS1_3ELi0EE5RTypeIXT5_EXT5_EXT6_EE4multERKS2_IXT_EXT0_EXT1_EXT2_EXT3_EXT4_EERK11ap_int_baseIXT5_EXT6_EE.exit:0  call void (...)* @_ssdm_op_SpecLoopName([15 x i8]* @p_str2) nounwind

]]></Node>
<StgValue><ssdm name="specloopname_ln65"/></StgValue>
</operation>

<operation id="52" st_id="5" stage="1" lat="2">
<core>RAM</core>
<MemPortIdVec>0 </MemPortIdVec>
<condition id="-1">
<or_exp><and_exp></and_exp></or_exp>
</condition>

<Node id="50" bw="1" op_0_bw="14">
<![CDATA[
_ZmlILi16ELi8ELb1EL9ap_q_mode5EL9ap_o_mode3ELi0ELi1ELb0EEN13ap_fixed_baseIXT_EXT0_EXT1_ELS0_5ELS1_3ELi0EE5RTypeIXT5_EXT5_EXT6_EE4multERKS2_IXT_EXT0_EXT1_EXT2_EXT3_EXT4_EERK11ap_int_baseIXT5_EXT6_EE.exit:10  %tmp_V = load i1* %matriceB_V_addr, align 1

]]></Node>
<StgValue><ssdm name="tmp_V"/></StgValue>
</operation>

<operation id="53" st_id="5" stage="1" lat="2">
<core>RAM</core>
<MemPortIdVec>0 </MemPortIdVec>
<condition id="-1">
<or_exp><and_exp></and_exp></or_exp>
</condition>

<Node id="51" bw="16" op_0_bw="16">
<![CDATA[
_ZmlILi16ELi8ELb1EL9ap_q_mode5EL9ap_o_mode3ELi0ELi1ELb0EEN13ap_fixed_baseIXT_EXT0_EXT1_ELS0_5ELS1_3ELi0EE5RTypeIXT5_EXT5_EXT6_EE4multERKS2_IXT_EXT0_EXT1_EXT2_EXT3_EXT4_EERK11ap_int_baseIXT5_EXT6_EE.exit:11  %matriceA_V_load = load i16* %matriceA_V_addr, align 2

]]></Node>
<StgValue><ssdm name="matriceA_V_load"/></StgValue>
</operation>

<operation id="54" st_id="5" stage="1" lat="1">
<core>Sel</core>
<MemPortIdVec></MemPortIdVec>
<condition id="-1">
<or_exp><and_exp></and_exp></or_exp>
</condition>

<Node id="52" bw="16" op_0_bw="1" op_1_bw="16" op_2_bw="16">
<![CDATA[
_ZmlILi16ELi8ELb1EL9ap_q_mode5EL9ap_o_mode3ELi0ELi1ELb0EEN13ap_fixed_baseIXT_EXT0_EXT1_ELS0_5ELS1_3ELi0EE5RTypeIXT5_EXT5_EXT6_EE4multERKS2_IXT_EXT0_EXT1_EXT2_EXT3_EXT4_EERK11ap_int_baseIXT5_EXT6_EE.exit:12  %select_ln1118 = select i1 %tmp_V, i16 -1, i16 0

]]></Node>
<StgValue><ssdm name="select_ln1118"/></StgValue>
</operation>

<operation id="55" st_id="5" stage="1" lat="1">
<core>LogicGate</core>
<MemPortIdVec></MemPortIdVec>
<condition id="-1">
<or_exp><and_exp></and_exp></or_exp>
</condition>

<Node id="53" bw="16" op_0_bw="16" op_1_bw="16">
<![CDATA[
_ZmlILi16ELi8ELb1EL9ap_q_mode5EL9ap_o_mode3ELi0ELi1ELb0EEN13ap_fixed_baseIXT_EXT0_EXT1_ELS0_5ELS1_3ELi0EE5RTypeIXT5_EXT5_EXT6_EE4multERKS2_IXT_EXT0_EXT1_EXT2_EXT3_EXT4_EERK11ap_int_baseIXT5_EXT6_EE.exit:13  %r_V = and i16 %matriceA_V_load, %select_ln1118

]]></Node>
<StgValue><ssdm name="r_V"/></StgValue>
</operation>

<operation id="56" st_id="5" stage="1" lat="1">
<core>NULL</core>
<MemPortIdVec></MemPortIdVec>
<condition id="-1">
<or_exp><and_exp></and_exp></or_exp>
</condition>

<Node id="54" bw="24" op_0_bw="16">
<![CDATA[
_ZmlILi16ELi8ELb1EL9ap_q_mode5EL9ap_o_mode3ELi0ELi1ELb0EEN13ap_fixed_baseIXT_EXT0_EXT1_ELS0_5ELS1_3ELi0EE5RTypeIXT5_EXT5_EXT6_EE4multERKS2_IXT_EXT0_EXT1_EXT2_EXT3_EXT4_EERK11ap_int_baseIXT5_EXT6_EE.exit:14  %sext_ln703 = sext i16 %r_V to i24

]]></Node>
<StgValue><ssdm name="sext_ln703"/></StgValue>
</operation>

<operation id="57" st_id="5" stage="1" lat="1">
<core>AddSub</core>
<MemPortIdVec></MemPortIdVec>
<condition id="-1">
<or_exp><and_exp></and_exp></or_exp>
</condition>

<Node id="55" bw="24" op_0_bw="24" op_1_bw="24">
<![CDATA[
_ZmlILi16ELi8ELb1EL9ap_q_mode5EL9ap_o_mode3ELi0ELi1ELb0EEN13ap_fixed_baseIXT_EXT0_EXT1_ELS0_5ELS1_3ELi0EE5RTypeIXT5_EXT5_EXT6_EE4multERKS2_IXT_EXT0_EXT1_EXT2_EXT3_EXT4_EERK11ap_int_baseIXT5_EXT6_EE.exit:15  %add_ln703 = add i24 %sext_ln703, %p_Val2_s

]]></Node>
<StgValue><ssdm name="add_ln703"/></StgValue>
</operation>

<operation id="58" st_id="5" stage="1" lat="1">
<core>NULL</core>
<MemPortIdVec></MemPortIdVec>
<condition id="-1">
<or_exp><and_exp></and_exp></or_exp>
</condition>

<Node id="56" bw="0" op_0_bw="0">
<![CDATA[
_ZmlILi16ELi8ELb1EL9ap_q_mode5EL9ap_o_mode3ELi0ELi1ELb0EEN13ap_fixed_baseIXT_EXT0_EXT1_ELS0_5ELS1_3ELi0EE5RTypeIXT5_EXT5_EXT6_EE4multERKS2_IXT_EXT0_EXT1_EXT2_EXT3_EXT4_EERK11ap_int_baseIXT5_EXT6_EE.exit:16  br label %1

]]></Node>
<StgValue><ssdm name="br_ln64"/></StgValue>
</operation>
</state>
</state_list>


<ports>
<port id="67" name="matriceA_V" dir="0" iftype="1">
<core>RAM</core><StgValue><ssdm name="matriceA_V"/><MemPortTyVec>1 3 </MemPortTyVec>
</StgValue>
</port>
<port id="68" name="matriceB_V" dir="0" iftype="1">
<core>RAM</core><StgValue><ssdm name="matriceB_V"/><MemPortTyVec>1 3 </MemPortTyVec>
</StgValue>
</port>
<port id="69" name="matriceC_V" dir="1" iftype="1">
<core>RAM</core><StgValue><ssdm name="matriceC_V"/><MemPortTyVec>0 3 </MemPortTyVec>
</StgValue>
</port>
</ports>


<dataflows>
<dataflow id="71" from="StgValue_70" to="i_0" fromId="70" toId="7">
<condition id="-1">
<or_exp><and_exp></and_exp></or_exp>
</condition>
</dataflow>
<dataflow id="72" from="br_ln59" to="i_0" fromId="6" toId="7">
</dataflow>
<dataflow id="73" from="i" to="i_0" fromId="10" toId="7">
<BackEdge/>
<condition id="-1">
<or_exp><and_exp><literal name="icmp_ln61" val="1"/>
</and_exp></or_exp>
</condition>
</dataflow>
<dataflow id="74" from="br_ln0" to="i_0" fromId="30" toId="7">
<BackEdge/>
</dataflow>
<dataflow id="75" from="i_0" to="icmp_ln59" fromId="7" toId="8">
</dataflow>
<dataflow id="77" from="StgValue_76" to="icmp_ln59" fromId="76" toId="8">
</dataflow>
<dataflow id="79" from="_ssdm_op_SpecLoopTripCount" to="empty" fromId="78" toId="9">
</dataflow>
<dataflow id="81" from="StgValue_80" to="empty" fromId="80" toId="9">
</dataflow>
<dataflow id="82" from="StgValue_80" to="empty" fromId="80" toId="9">
</dataflow>
<dataflow id="83" from="StgValue_80" to="empty" fromId="80" toId="9">
</dataflow>
<dataflow id="84" from="i_0" to="i" fromId="7" toId="10">
</dataflow>
<dataflow id="86" from="StgValue_85" to="i" fromId="85" toId="10">
</dataflow>
<dataflow id="87" from="icmp_ln59" to="br_ln59" fromId="8" toId="11">
</dataflow>
<dataflow id="89" from="_ssdm_op_BitConcatenate.i17.i9.i8" to="tmp_s" fromId="88" toId="12">
</dataflow>
<dataflow id="90" from="i_0" to="tmp_s" fromId="7" toId="12">
</dataflow>
<dataflow id="92" from="StgValue_91" to="tmp_s" fromId="91" toId="12">
</dataflow>
<dataflow id="93" from="tmp_s" to="zext_ln203" fromId="12" toId="13">
</dataflow>
<dataflow id="95" from="_ssdm_op_BitConcatenate.i14.i9.i5" to="tmp_3" fromId="94" toId="14">
</dataflow>
<dataflow id="96" from="i_0" to="tmp_3" fromId="7" toId="14">
</dataflow>
<dataflow id="98" from="StgValue_97" to="tmp_3" fromId="97" toId="14">
</dataflow>
<dataflow id="99" from="tmp_3" to="zext_ln61" fromId="14" toId="15">
</dataflow>
<dataflow id="100" from="j" to="j_0" fromId="21" toId="18">
<BackEdge/>
<condition id="-1">
<or_exp><and_exp><literal name="icmp_ln64" val="1"/>
</and_exp></or_exp>
</condition>
</dataflow>
<dataflow id="101" from="br_ln61" to="j_0" fromId="50" toId="18">
<BackEdge/>
</dataflow>
<dataflow id="103" from="StgValue_102" to="j_0" fromId="102" toId="18">
<condition id="-1">
<or_exp><and_exp><literal name="icmp_ln59" val="0"/>
</and_exp></or_exp>
</condition>
</dataflow>
<dataflow id="104" from="br_ln61" to="j_0" fromId="16" toId="18">
</dataflow>
<dataflow id="105" from="j_0" to="icmp_ln61" fromId="18" toId="19">
</dataflow>
<dataflow id="107" from="StgValue_106" to="icmp_ln61" fromId="106" toId="19">
</dataflow>
<dataflow id="108" from="_ssdm_op_SpecLoopTripCount" to="empty_46" fromId="78" toId="20">
</dataflow>
<dataflow id="110" from="StgValue_109" to="empty_46" fromId="109" toId="20">
</dataflow>
<dataflow id="111" from="StgValue_109" to="empty_46" fromId="109" toId="20">
</dataflow>
<dataflow id="112" from="StgValue_109" to="empty_46" fromId="109" toId="20">
</dataflow>
<dataflow id="113" from="j_0" to="j" fromId="18" toId="21">
</dataflow>
<dataflow id="115" from="StgValue_114" to="j" fromId="114" toId="21">
</dataflow>
<dataflow id="116" from="icmp_ln61" to="br_ln61" fromId="19" toId="22">
</dataflow>
<dataflow id="118" from="_ssdm_op_SpecLoopName" to="specloopname_ln62" fromId="117" toId="23">
</dataflow>
<dataflow id="120" from="p_str3" to="specloopname_ln62" fromId="119" toId="23">
</dataflow>
<dataflow id="122" from="_ssdm_op_SpecRegionBegin" to="tmp" fromId="121" toId="24">
</dataflow>
<dataflow id="123" from="p_str3" to="tmp" fromId="119" toId="24">
</dataflow>
<dataflow id="124" from="j_0" to="zext_ln203_7" fromId="18" toId="25">
</dataflow>
<dataflow id="125" from="zext_ln61" to="add_ln203" fromId="15" toId="26">
</dataflow>
<dataflow id="126" from="zext_ln203_7" to="add_ln203" fromId="25" toId="26">
</dataflow>
<dataflow id="127" from="add_ln203" to="zext_ln203_8" fromId="26" toId="27">
</dataflow>
<dataflow id="128" from="matriceC_V" to="matriceC_V_addr" fromId="69" toId="28">
</dataflow>
<dataflow id="130" from="StgValue_129" to="matriceC_V_addr" fromId="129" toId="28">
</dataflow>
<dataflow id="131" from="zext_ln203_8" to="matriceC_V_addr" fromId="27" toId="28">
</dataflow>
<dataflow id="133" from="StgValue_132" to="p_Val2_s" fromId="132" toId="31">
<condition id="-1">
<or_exp><and_exp><literal name="icmp_ln61" val="0"/>
</and_exp></or_exp>
</condition>
</dataflow>
<dataflow id="134" from="br_ln64" to="p_Val2_s" fromId="29" toId="31">
</dataflow>
<dataflow id="135" from="add_ln703" to="p_Val2_s" fromId="57" toId="31">
<BackEdge/>
<condition id="-1">
<or_exp><and_exp></and_exp></or_exp>
</condition>
</dataflow>
<dataflow id="136" from="br_ln64" to="p_Val2_s" fromId="58" toId="31">
<BackEdge/>
</dataflow>
<dataflow id="137" from="StgValue_70" to="k_0" fromId="70" toId="32">
<condition id="-1">
<or_exp><and_exp><literal name="icmp_ln61" val="0"/>
</and_exp></or_exp>
</condition>
</dataflow>
<dataflow id="138" from="br_ln64" to="k_0" fromId="29" toId="32">
</dataflow>
<dataflow id="139" from="k" to="k_0" fromId="36" toId="32">
<BackEdge/>
<condition id="-1">
<or_exp><and_exp></and_exp></or_exp>
</condition>
</dataflow>
<dataflow id="140" from="br_ln64" to="k_0" fromId="58" toId="32">
<BackEdge/>
</dataflow>
<dataflow id="141" from="p_Val2_s" to="store_ln66" fromId="31" toId="33">
</dataflow>
<dataflow id="142" from="matriceC_V_addr" to="store_ln66" fromId="28" toId="33">
</dataflow>
<dataflow id="143" from="k_0" to="icmp_ln64" fromId="32" toId="34">
</dataflow>
<dataflow id="144" from="StgValue_76" to="icmp_ln64" fromId="76" toId="34">
</dataflow>
<dataflow id="145" from="_ssdm_op_SpecLoopTripCount" to="empty_47" fromId="78" toId="35">
</dataflow>
<dataflow id="146" from="StgValue_80" to="empty_47" fromId="80" toId="35">
</dataflow>
<dataflow id="147" from="StgValue_80" to="empty_47" fromId="80" toId="35">
</dataflow>
<dataflow id="148" from="StgValue_80" to="empty_47" fromId="80" toId="35">
</dataflow>
<dataflow id="149" from="k_0" to="k" fromId="32" toId="36">
</dataflow>
<dataflow id="150" from="StgValue_85" to="k" fromId="85" toId="36">
</dataflow>
<dataflow id="151" from="icmp_ln64" to="br_ln64" fromId="34" toId="37">
</dataflow>
<dataflow id="152" from="k_0" to="zext_ln1116" fromId="32" toId="38">
</dataflow>
<dataflow id="153" from="zext_ln1116" to="add_ln1116" fromId="38" toId="39">
</dataflow>
<dataflow id="154" from="zext_ln203" to="add_ln1116" fromId="13" toId="39">
</dataflow>
<dataflow id="155" from="add_ln1116" to="zext_ln1116_3" fromId="39" toId="40">
</dataflow>
<dataflow id="156" from="matriceA_V" to="matriceA_V_addr" fromId="67" toId="41">
</dataflow>
<dataflow id="157" from="StgValue_129" to="matriceA_V_addr" fromId="129" toId="41">
</dataflow>
<dataflow id="158" from="zext_ln1116_3" to="matriceA_V_addr" fromId="40" toId="41">
</dataflow>
<dataflow id="159" from="_ssdm_op_BitConcatenate.i14.i9.i5" to="tmp_4" fromId="94" toId="42">
</dataflow>
<dataflow id="160" from="k_0" to="tmp_4" fromId="32" toId="42">
</dataflow>
<dataflow id="161" from="StgValue_97" to="tmp_4" fromId="97" toId="42">
</dataflow>
<dataflow id="162" from="tmp_4" to="zext_ln446" fromId="42" toId="43">
</dataflow>
<dataflow id="163" from="zext_ln203_7" to="add_ln446" fromId="25" toId="44">
</dataflow>
<dataflow id="164" from="zext_ln446" to="add_ln446" fromId="43" toId="44">
</dataflow>
<dataflow id="165" from="add_ln446" to="zext_ln446_2" fromId="44" toId="45">
</dataflow>
<dataflow id="166" from="matriceB_V" to="matriceB_V_addr" fromId="68" toId="46">
</dataflow>
<dataflow id="167" from="StgValue_129" to="matriceB_V_addr" fromId="129" toId="46">
</dataflow>
<dataflow id="168" from="zext_ln446_2" to="matriceB_V_addr" fromId="45" toId="46">
</dataflow>
<dataflow id="169" from="matriceB_V_addr" to="tmp_V" fromId="46" toId="47">
</dataflow>
<dataflow id="170" from="matriceA_V_addr" to="matriceA_V_load" fromId="41" toId="48">
</dataflow>
<dataflow id="172" from="_ssdm_op_SpecRegionEnd" to="empty_48" fromId="171" toId="49">
</dataflow>
<dataflow id="173" from="p_str3" to="empty_48" fromId="119" toId="49">
</dataflow>
<dataflow id="174" from="tmp" to="empty_48" fromId="24" toId="49">
</dataflow>
<dataflow id="175" from="_ssdm_op_SpecLoopName" to="specloopname_ln65" fromId="117" toId="51">
</dataflow>
<dataflow id="177" from="p_str2" to="specloopname_ln65" fromId="176" toId="51">
</dataflow>
<dataflow id="178" from="matriceB_V_addr" to="tmp_V" fromId="46" toId="52">
</dataflow>
<dataflow id="179" from="matriceA_V_addr" to="matriceA_V_load" fromId="41" toId="53">
</dataflow>
<dataflow id="180" from="tmp_V" to="select_ln1118" fromId="52" toId="54">
</dataflow>
<dataflow id="182" from="StgValue_181" to="select_ln1118" fromId="181" toId="54">
</dataflow>
<dataflow id="184" from="StgValue_183" to="select_ln1118" fromId="183" toId="54">
</dataflow>
<dataflow id="185" from="matriceA_V_load" to="r_V" fromId="53" toId="55">
</dataflow>
<dataflow id="186" from="select_ln1118" to="r_V" fromId="54" toId="55">
</dataflow>
<dataflow id="187" from="r_V" to="sext_ln703" fromId="55" toId="56">
</dataflow>
<dataflow id="188" from="sext_ln703" to="add_ln703" fromId="56" toId="57">
</dataflow>
<dataflow id="189" from="p_Val2_s" to="add_ln703" fromId="31" toId="57">
</dataflow>
<dataflow id="190" from="icmp_ln59" to="StgValue_2" fromId="8" toId="2">
</dataflow>
<dataflow id="191" from="icmp_ln61" to="StgValue_3" fromId="19" toId="3">
</dataflow>
<dataflow id="192" from="icmp_ln64" to="StgValue_4" fromId="34" toId="4">
</dataflow>
</dataflows>


</stg>
