<stg><name>BlocLinear512</name>


<trans_list>

<trans id="63" from="1" to="2">
<condition id="-1">
<or_exp><and_exp></and_exp></or_exp>
</condition>
</trans>

<trans id="64" from="2" to="3">
<condition id="-1">
<or_exp><and_exp><literal name="icmp_ln76" val="0"/>
</and_exp></or_exp>
</condition>
</trans>

<trans id="65" from="3" to="4">
<condition id="-1">
<or_exp><and_exp><literal name="icmp_ln78" val="0"/>
</and_exp></or_exp>
</condition>
</trans>

<trans id="70" from="3" to="2">
<condition id="-1">
<or_exp><and_exp><literal name="icmp_ln78" val="1"/>
</and_exp></or_exp>
</condition>
</trans>

<trans id="66" from="4" to="5">
<condition id="-1">
<or_exp><and_exp><literal name="icmp_ln81" val="0"/>
</and_exp></or_exp>
</condition>
</trans>

<trans id="69" from="4" to="3">
<condition id="-1">
<or_exp><and_exp><literal name="icmp_ln81" val="1"/>
</and_exp></or_exp>
</condition>
</trans>

<trans id="68" from="5" to="4">
<condition id="-1">
<or_exp><and_exp></and_exp></or_exp>
</condition>
</trans>
</trans_list>



<state_list>

<state id="1" st_id="1">

<operation id="6" st_id="1" stage="1" lat="1">
<core>NULL</core>
<MemPortIdVec></MemPortIdVec>
<condition id="-1">
<or_exp><and_exp></and_exp></or_exp>
</condition>

<Node id="4" bw="0" op_0_bw="0">
<![CDATA[
:0  br label %.loopexit

]]></Node>
<StgValue><ssdm name="br_ln76"/></StgValue>
</operation>
</state>

<state id="2" st_id="2">

<operation id="7" st_id="2" stage="1" lat="1">
<core>NULL</core>
<MemPortIdVec></MemPortIdVec>
<condition id="-1">
<or_exp><and_exp></and_exp></or_exp>
</condition>

<Node id="6" bw="10" op_0_bw="10" op_1_bw="0" op_2_bw="10" op_3_bw="0">
<![CDATA[
.loopexit:0  %i_0 = phi i10 [ 0, %0 ], [ %i, %.loopexit.loopexit ]

]]></Node>
<StgValue><ssdm name="i_0"/></StgValue>
</operation>

<operation id="8" st_id="2" stage="1" lat="1">
<core>Cmp</core>
<MemPortIdVec></MemPortIdVec>
<condition id="-1">
<or_exp><and_exp></and_exp></or_exp>
</condition>

<Node id="7" bw="1" op_0_bw="10" op_1_bw="10">
<![CDATA[
.loopexit:1  %icmp_ln76 = icmp eq i10 %i_0, -512

]]></Node>
<StgValue><ssdm name="icmp_ln76"/></StgValue>
</operation>

<operation id="9" st_id="2" stage="1" lat="1">
<core>NULL</core>
<MemPortIdVec></MemPortIdVec>
<condition id="-1">
<or_exp><and_exp></and_exp></or_exp>
</condition>

<Node id="8" bw="32" op_0_bw="32" op_1_bw="64" op_2_bw="64" op_3_bw="64">
<![CDATA[
.loopexit:2  %empty = call i32 (...)* @_ssdm_op_SpecLoopTripCount(i64 512, i64 512, i64 512)

]]></Node>
<StgValue><ssdm name="empty"/></StgValue>
</operation>

<operation id="10" st_id="2" stage="1" lat="1">
<core>AddSub</core>
<MemPortIdVec></MemPortIdVec>
<condition id="-1">
<or_exp><and_exp></and_exp></or_exp>
</condition>

<Node id="9" bw="10" op_0_bw="10" op_1_bw="10">
<![CDATA[
.loopexit:3  %i = add i10 %i_0, 1

]]></Node>
<StgValue><ssdm name="i"/></StgValue>
</operation>

<operation id="11" st_id="2" stage="1" lat="1">
<core>NULL</core>
<MemPortIdVec></MemPortIdVec>
<condition id="-1">
<or_exp><and_exp></and_exp></or_exp>
</condition>

<Node id="10" bw="0" op_0_bw="1" op_1_bw="0" op_2_bw="0">
<![CDATA[
.loopexit:4  br i1 %icmp_ln76, label %2, label %.preheader.preheader

]]></Node>
<StgValue><ssdm name="br_ln76"/></StgValue>
</operation>

<operation id="12" st_id="2" stage="1" lat="1">
<core>NULL</core>
<MemPortIdVec></MemPortIdVec>
<condition id="-1">
<or_exp><and_exp><literal name="icmp_ln76" val="0"/>
</and_exp></or_exp>
</condition>

<Node id="12" bw="18" op_0_bw="18" op_1_bw="10" op_2_bw="8">
<![CDATA[
.preheader.preheader:0  %tmp_8 = call i18 @_ssdm_op_BitConcatenate.i18.i10.i8(i10 %i_0, i8 0)

]]></Node>
<StgValue><ssdm name="tmp_8"/></StgValue>
</operation>

<operation id="13" st_id="2" stage="1" lat="1">
<core>NULL</core>
<MemPortIdVec></MemPortIdVec>
<condition id="-1">
<or_exp><and_exp><literal name="icmp_ln76" val="0"/>
</and_exp></or_exp>
</condition>

<Node id="13" bw="19" op_0_bw="18">
<![CDATA[
.preheader.preheader:1  %zext_ln203 = zext i18 %tmp_8 to i19

]]></Node>
<StgValue><ssdm name="zext_ln203"/></StgValue>
</operation>

<operation id="14" st_id="2" stage="1" lat="1">
<core>NULL</core>
<MemPortIdVec></MemPortIdVec>
<condition id="-1">
<or_exp><and_exp><literal name="icmp_ln76" val="0"/>
</and_exp></or_exp>
</condition>

<Node id="14" bw="15" op_0_bw="15" op_1_bw="10" op_2_bw="5">
<![CDATA[
.preheader.preheader:2  %tmp_9 = call i15 @_ssdm_op_BitConcatenate.i15.i10.i5(i10 %i_0, i5 0)

]]></Node>
<StgValue><ssdm name="tmp_9"/></StgValue>
</operation>

<operation id="15" st_id="2" stage="1" lat="1">
<core>NULL</core>
<MemPortIdVec></MemPortIdVec>
<condition id="-1">
<or_exp><and_exp><literal name="icmp_ln76" val="0"/>
</and_exp></or_exp>
</condition>

<Node id="15" bw="16" op_0_bw="15">
<![CDATA[
.preheader.preheader:3  %zext_ln78 = zext i15 %tmp_9 to i16

]]></Node>
<StgValue><ssdm name="zext_ln78"/></StgValue>
</operation>

<operation id="16" st_id="2" stage="1" lat="1">
<core>NULL</core>
<MemPortIdVec></MemPortIdVec>
<condition id="-1">
<or_exp><and_exp><literal name="icmp_ln76" val="0"/>
</and_exp></or_exp>
</condition>

<Node id="16" bw="0" op_0_bw="0">
<![CDATA[
.preheader.preheader:4  br label %.preheader

]]></Node>
<StgValue><ssdm name="br_ln78"/></StgValue>
</operation>

<operation id="17" st_id="2" stage="1" lat="1">
<core>NULL</core>
<MemPortIdVec></MemPortIdVec>
<condition id="-1">
<or_exp><and_exp><literal name="icmp_ln76" val="1"/>
</and_exp></or_exp>
</condition>

<Node id="67" bw="0">
<![CDATA[
:0  ret void

]]></Node>
<StgValue><ssdm name="ret_ln87"/></StgValue>
</operation>
</state>

<state id="3" st_id="3">

<operation id="18" st_id="3" stage="1" lat="1">
<core>NULL</core>
<MemPortIdVec></MemPortIdVec>
<condition id="-1">
<or_exp><and_exp></and_exp></or_exp>
</condition>

<Node id="18" bw="6" op_0_bw="6" op_1_bw="0" op_2_bw="6" op_3_bw="0">
<![CDATA[
.preheader:0  %j_0 = phi i6 [ %j, %multmat_label1_end ], [ 0, %.preheader.preheader ]

]]></Node>
<StgValue><ssdm name="j_0"/></StgValue>
</operation>

<operation id="19" st_id="3" stage="1" lat="1">
<core>Cmp</core>
<MemPortIdVec></MemPortIdVec>
<condition id="-1">
<or_exp><and_exp></and_exp></or_exp>
</condition>

<Node id="19" bw="1" op_0_bw="6" op_1_bw="6">
<![CDATA[
.preheader:1  %icmp_ln78 = icmp eq i6 %j_0, -32

]]></Node>
<StgValue><ssdm name="icmp_ln78"/></StgValue>
</operation>

<operation id="20" st_id="3" stage="1" lat="1">
<core>NULL</core>
<MemPortIdVec></MemPortIdVec>
<condition id="-1">
<or_exp><and_exp></and_exp></or_exp>
</condition>

<Node id="20" bw="32" op_0_bw="32" op_1_bw="64" op_2_bw="64" op_3_bw="64">
<![CDATA[
.preheader:2  %empty_40 = call i32 (...)* @_ssdm_op_SpecLoopTripCount(i64 32, i64 32, i64 32)

]]></Node>
<StgValue><ssdm name="empty_40"/></StgValue>
</operation>

<operation id="21" st_id="3" stage="1" lat="1">
<core>AddSub</core>
<MemPortIdVec></MemPortIdVec>
<condition id="-1">
<or_exp><and_exp></and_exp></or_exp>
</condition>

<Node id="21" bw="6" op_0_bw="6" op_1_bw="6">
<![CDATA[
.preheader:3  %j = add i6 %j_0, 1

]]></Node>
<StgValue><ssdm name="j"/></StgValue>
</operation>

<operation id="22" st_id="3" stage="1" lat="1">
<core>NULL</core>
<MemPortIdVec></MemPortIdVec>
<condition id="-1">
<or_exp><and_exp></and_exp></or_exp>
</condition>

<Node id="22" bw="0" op_0_bw="1" op_1_bw="0" op_2_bw="0">
<![CDATA[
.preheader:4  br i1 %icmp_ln78, label %.loopexit.loopexit, label %multmat_label1_begin

]]></Node>
<StgValue><ssdm name="br_ln78"/></StgValue>
</operation>

<operation id="23" st_id="3" stage="1" lat="1">
<core>NULL</core>
<MemPortIdVec></MemPortIdVec>
<condition id="-1">
<or_exp><and_exp><literal name="icmp_ln78" val="0"/>
</and_exp></or_exp>
</condition>

<Node id="24" bw="0" op_0_bw="0" op_1_bw="0">
<![CDATA[
multmat_label1_begin:0  call void (...)* @_ssdm_op_SpecLoopName([15 x i8]* @p_str3) nounwind

]]></Node>
<StgValue><ssdm name="specloopname_ln79"/></StgValue>
</operation>

<operation id="24" st_id="3" stage="1" lat="1">
<core>NULL</core>
<MemPortIdVec></MemPortIdVec>
<condition id="-1">
<or_exp><and_exp><literal name="icmp_ln78" val="0"/>
</and_exp></or_exp>
</condition>

<Node id="25" bw="32" op_0_bw="32" op_1_bw="0">
<![CDATA[
multmat_label1_begin:1  %tmp = call i32 (...)* @_ssdm_op_SpecRegionBegin([15 x i8]* @p_str3)

]]></Node>
<StgValue><ssdm name="tmp"/></StgValue>
</operation>

<operation id="25" st_id="3" stage="1" lat="1">
<core>NULL</core>
<MemPortIdVec></MemPortIdVec>
<condition id="-1">
<or_exp><and_exp><literal name="icmp_ln78" val="0"/>
</and_exp></or_exp>
</condition>

<Node id="26" bw="15" op_0_bw="6">
<![CDATA[
multmat_label1_begin:2  %zext_ln203_2 = zext i6 %j_0 to i15

]]></Node>
<StgValue><ssdm name="zext_ln203_2"/></StgValue>
</operation>

<operation id="26" st_id="3" stage="1" lat="1">
<core>NULL</core>
<MemPortIdVec></MemPortIdVec>
<condition id="-1">
<or_exp><and_exp><literal name="icmp_ln78" val="0"/>
</and_exp></or_exp>
</condition>

<Node id="27" bw="16" op_0_bw="6">
<![CDATA[
multmat_label1_begin:3  %zext_ln203_3 = zext i6 %j_0 to i16

]]></Node>
<StgValue><ssdm name="zext_ln203_3"/></StgValue>
</operation>

<operation id="27" st_id="3" stage="1" lat="1">
<core>AddSub</core>
<MemPortIdVec></MemPortIdVec>
<condition id="-1">
<or_exp><and_exp><literal name="icmp_ln78" val="0"/>
</and_exp></or_exp>
</condition>

<Node id="28" bw="16" op_0_bw="16" op_1_bw="16">
<![CDATA[
multmat_label1_begin:4  %add_ln203 = add i16 %zext_ln78, %zext_ln203_3

]]></Node>
<StgValue><ssdm name="add_ln203"/></StgValue>
</operation>

<operation id="28" st_id="3" stage="1" lat="1">
<core>NULL</core>
<MemPortIdVec></MemPortIdVec>
<condition id="-1">
<or_exp><and_exp><literal name="icmp_ln78" val="0"/>
</and_exp></or_exp>
</condition>

<Node id="29" bw="64" op_0_bw="16">
<![CDATA[
multmat_label1_begin:5  %zext_ln203_4 = zext i16 %add_ln203 to i64

]]></Node>
<StgValue><ssdm name="zext_ln203_4"/></StgValue>
</operation>

<operation id="29" st_id="3" stage="1" lat="1">
<core>NULL</core>
<MemPortIdVec></MemPortIdVec>
<condition id="-1">
<or_exp><and_exp><literal name="icmp_ln78" val="0"/>
</and_exp></or_exp>
</condition>

<Node id="30" bw="14" op_0_bw="24" op_1_bw="64" op_2_bw="64">
<![CDATA[
multmat_label1_begin:6  %matriceC_V_addr = getelementptr [16384 x i24]* %matriceC_V, i64 0, i64 %zext_ln203_4

]]></Node>
<StgValue><ssdm name="matriceC_V_addr"/></StgValue>
</operation>

<operation id="30" st_id="3" stage="1" lat="1">
<core>NULL</core>
<MemPortIdVec></MemPortIdVec>
<condition id="-1">
<or_exp><and_exp><literal name="icmp_ln78" val="0"/>
</and_exp></or_exp>
</condition>

<Node id="31" bw="0" op_0_bw="0">
<![CDATA[
multmat_label1_begin:7  br label %1

]]></Node>
<StgValue><ssdm name="br_ln81"/></StgValue>
</operation>

<operation id="31" st_id="3" stage="1" lat="1">
<core>NULL</core>
<MemPortIdVec></MemPortIdVec>
<condition id="-1">
<or_exp><and_exp><literal name="icmp_ln78" val="1"/>
</and_exp></or_exp>
</condition>

<Node id="65" bw="0" op_0_bw="0">
<![CDATA[
.loopexit.loopexit:0  br label %.loopexit

]]></Node>
<StgValue><ssdm name="br_ln0"/></StgValue>
</operation>
</state>

<state id="4" st_id="4">

<operation id="32" st_id="4" stage="1" lat="1">
<core>NULL</core>
<MemPortIdVec></MemPortIdVec>
<condition id="-1">
<or_exp><and_exp></and_exp></or_exp>
</condition>

<Node id="33" bw="24" op_0_bw="24" op_1_bw="0" op_2_bw="24" op_3_bw="0">
<![CDATA[
:0  %p_Val2_s = phi i24 [ 0, %multmat_label1_begin ], [ %trunc_ln, %_ZN13ap_fixed_baseILi39ELi17ELb1EL9ap_q_mode5EL9ap_o_mode3ELi0EEC1ILi24ELi16ELb1ELS0_5ELS1_3ELi0EEERKS_IXT_EXT0_EXT1_EXT2_EXT3_EXT4_EE.exit.i.i ]

]]></Node>
<StgValue><ssdm name="p_Val2_s"/></StgValue>
</operation>

<operation id="33" st_id="4" stage="1" lat="1">
<core>NULL</core>
<MemPortIdVec></MemPortIdVec>
<condition id="-1">
<or_exp><and_exp></and_exp></or_exp>
</condition>

<Node id="34" bw="9" op_0_bw="9" op_1_bw="0" op_2_bw="9" op_3_bw="0">
<![CDATA[
:1  %k_0 = phi i9 [ 0, %multmat_label1_begin ], [ %k, %_ZN13ap_fixed_baseILi39ELi17ELb1EL9ap_q_mode5EL9ap_o_mode3ELi0EEC1ILi24ELi16ELb1ELS0_5ELS1_3ELi0EEERKS_IXT_EXT0_EXT1_EXT2_EXT3_EXT4_EE.exit.i.i ]

]]></Node>
<StgValue><ssdm name="k_0"/></StgValue>
</operation>

<operation id="34" st_id="4" stage="1" lat="1">
<core>RAM</core>
<MemPortIdVec>0 </MemPortIdVec>
<condition id="-1">
<or_exp><and_exp></and_exp></or_exp>
</condition>

<Node id="35" bw="0" op_0_bw="24" op_1_bw="14">
<![CDATA[
:2  store i24 %p_Val2_s, i24* %matriceC_V_addr, align 4

]]></Node>
<StgValue><ssdm name="store_ln83"/></StgValue>
</operation>

<operation id="35" st_id="4" stage="1" lat="1">
<core>Cmp</core>
<MemPortIdVec></MemPortIdVec>
<condition id="-1">
<or_exp><and_exp></and_exp></or_exp>
</condition>

<Node id="36" bw="1" op_0_bw="9" op_1_bw="9">
<![CDATA[
:3  %icmp_ln81 = icmp eq i9 %k_0, -256

]]></Node>
<StgValue><ssdm name="icmp_ln81"/></StgValue>
</operation>

<operation id="36" st_id="4" stage="1" lat="1">
<core>NULL</core>
<MemPortIdVec></MemPortIdVec>
<condition id="-1">
<or_exp><and_exp></and_exp></or_exp>
</condition>

<Node id="37" bw="32" op_0_bw="32" op_1_bw="64" op_2_bw="64" op_3_bw="64">
<![CDATA[
:4  %empty_41 = call i32 (...)* @_ssdm_op_SpecLoopTripCount(i64 256, i64 256, i64 256)

]]></Node>
<StgValue><ssdm name="empty_41"/></StgValue>
</operation>

<operation id="37" st_id="4" stage="1" lat="1">
<core>AddSub</core>
<MemPortIdVec></MemPortIdVec>
<condition id="-1">
<or_exp><and_exp></and_exp></or_exp>
</condition>

<Node id="38" bw="9" op_0_bw="9" op_1_bw="9">
<![CDATA[
:5  %k = add i9 %k_0, 1

]]></Node>
<StgValue><ssdm name="k"/></StgValue>
</operation>

<operation id="38" st_id="4" stage="1" lat="1">
<core>NULL</core>
<MemPortIdVec></MemPortIdVec>
<condition id="-1">
<or_exp><and_exp></and_exp></or_exp>
</condition>

<Node id="39" bw="0" op_0_bw="1" op_1_bw="0" op_2_bw="0">
<![CDATA[
:6  br i1 %icmp_ln81, label %multmat_label1_end, label %_ZN13ap_fixed_baseILi39ELi17ELb1EL9ap_q_mode5EL9ap_o_mode3ELi0EEC1ILi24ELi16ELb1ELS0_5ELS1_3ELi0EEERKS_IXT_EXT0_EXT1_EXT2_EXT3_EXT4_EE.exit.i.i

]]></Node>
<StgValue><ssdm name="br_ln81"/></StgValue>
</operation>

<operation id="39" st_id="4" stage="1" lat="1">
<core>NULL</core>
<MemPortIdVec></MemPortIdVec>
<condition id="-1">
<or_exp><and_exp><literal name="icmp_ln81" val="0"/>
</and_exp></or_exp>
</condition>

<Node id="42" bw="19" op_0_bw="9">
<![CDATA[
_ZN13ap_fixed_baseILi39ELi17ELb1EL9ap_q_mode5EL9ap_o_mode3ELi0EEC1ILi24ELi16ELb1ELS0_5ELS1_3ELi0EEERKS_IXT_EXT0_EXT1_EXT2_EXT3_EXT4_EE.exit.i.i:1  %zext_ln1116 = zext i9 %k_0 to i19

]]></Node>
<StgValue><ssdm name="zext_ln1116"/></StgValue>
</operation>

<operation id="40" st_id="4" stage="1" lat="1">
<core>AddSub</core>
<MemPortIdVec></MemPortIdVec>
<condition id="-1">
<or_exp><and_exp><literal name="icmp_ln81" val="0"/>
</and_exp></or_exp>
</condition>

<Node id="43" bw="19" op_0_bw="19" op_1_bw="19">
<![CDATA[
_ZN13ap_fixed_baseILi39ELi17ELb1EL9ap_q_mode5EL9ap_o_mode3ELi0EEC1ILi24ELi16ELb1ELS0_5ELS1_3ELi0EEERKS_IXT_EXT0_EXT1_EXT2_EXT3_EXT4_EE.exit.i.i:2  %add_ln1116 = add i19 %zext_ln1116, %zext_ln203

]]></Node>
<StgValue><ssdm name="add_ln1116"/></StgValue>
</operation>

<operation id="41" st_id="4" stage="1" lat="1">
<core>NULL</core>
<MemPortIdVec></MemPortIdVec>
<condition id="-1">
<or_exp><and_exp><literal name="icmp_ln81" val="0"/>
</and_exp></or_exp>
</condition>

<Node id="44" bw="64" op_0_bw="19">
<![CDATA[
_ZN13ap_fixed_baseILi39ELi17ELb1EL9ap_q_mode5EL9ap_o_mode3ELi0EEC1ILi24ELi16ELb1ELS0_5ELS1_3ELi0EEERKS_IXT_EXT0_EXT1_EXT2_EXT3_EXT4_EE.exit.i.i:3  %zext_ln1116_1 = zext i19 %add_ln1116 to i64

]]></Node>
<StgValue><ssdm name="zext_ln1116_1"/></StgValue>
</operation>

<operation id="42" st_id="4" stage="1" lat="1">
<core>NULL</core>
<MemPortIdVec></MemPortIdVec>
<condition id="-1">
<or_exp><and_exp><literal name="icmp_ln81" val="0"/>
</and_exp></or_exp>
</condition>

<Node id="45" bw="17" op_0_bw="16" op_1_bw="64" op_2_bw="64">
<![CDATA[
_ZN13ap_fixed_baseILi39ELi17ELb1EL9ap_q_mode5EL9ap_o_mode3ELi0EEC1ILi24ELi16ELb1ELS0_5ELS1_3ELi0EEERKS_IXT_EXT0_EXT1_EXT2_EXT3_EXT4_EE.exit.i.i:4  %matriceA_V_addr = getelementptr [131072 x i16]* %matriceA_V, i64 0, i64 %zext_ln1116_1

]]></Node>
<StgValue><ssdm name="matriceA_V_addr"/></StgValue>
</operation>

<operation id="43" st_id="4" stage="1" lat="1">
<core>NULL</core>
<MemPortIdVec></MemPortIdVec>
<condition id="-1">
<or_exp><and_exp><literal name="icmp_ln81" val="0"/>
</and_exp></or_exp>
</condition>

<Node id="46" bw="14" op_0_bw="14" op_1_bw="9" op_2_bw="5">
<![CDATA[
_ZN13ap_fixed_baseILi39ELi17ELb1EL9ap_q_mode5EL9ap_o_mode3ELi0EEC1ILi24ELi16ELb1ELS0_5ELS1_3ELi0EEERKS_IXT_EXT0_EXT1_EXT2_EXT3_EXT4_EE.exit.i.i:5  %tmp_s = call i14 @_ssdm_op_BitConcatenate.i14.i9.i5(i9 %k_0, i5 0)

]]></Node>
<StgValue><ssdm name="tmp_s"/></StgValue>
</operation>

<operation id="44" st_id="4" stage="1" lat="1">
<core>NULL</core>
<MemPortIdVec></MemPortIdVec>
<condition id="-1">
<or_exp><and_exp><literal name="icmp_ln81" val="0"/>
</and_exp></or_exp>
</condition>

<Node id="47" bw="15" op_0_bw="14">
<![CDATA[
_ZN13ap_fixed_baseILi39ELi17ELb1EL9ap_q_mode5EL9ap_o_mode3ELi0EEC1ILi24ELi16ELb1ELS0_5ELS1_3ELi0EEERKS_IXT_EXT0_EXT1_EXT2_EXT3_EXT4_EE.exit.i.i:6  %zext_ln1117 = zext i14 %tmp_s to i15

]]></Node>
<StgValue><ssdm name="zext_ln1117"/></StgValue>
</operation>

<operation id="45" st_id="4" stage="1" lat="1">
<core>AddSub</core>
<MemPortIdVec></MemPortIdVec>
<condition id="-1">
<or_exp><and_exp><literal name="icmp_ln81" val="0"/>
</and_exp></or_exp>
</condition>

<Node id="48" bw="15" op_0_bw="15" op_1_bw="15">
<![CDATA[
_ZN13ap_fixed_baseILi39ELi17ELb1EL9ap_q_mode5EL9ap_o_mode3ELi0EEC1ILi24ELi16ELb1ELS0_5ELS1_3ELi0EEERKS_IXT_EXT0_EXT1_EXT2_EXT3_EXT4_EE.exit.i.i:7  %add_ln1117 = add i15 %zext_ln203_2, %zext_ln1117

]]></Node>
<StgValue><ssdm name="add_ln1117"/></StgValue>
</operation>

<operation id="46" st_id="4" stage="1" lat="1">
<core>NULL</core>
<MemPortIdVec></MemPortIdVec>
<condition id="-1">
<or_exp><and_exp><literal name="icmp_ln81" val="0"/>
</and_exp></or_exp>
</condition>

<Node id="49" bw="64" op_0_bw="15">
<![CDATA[
_ZN13ap_fixed_baseILi39ELi17ELb1EL9ap_q_mode5EL9ap_o_mode3ELi0EEC1ILi24ELi16ELb1ELS0_5ELS1_3ELi0EEERKS_IXT_EXT0_EXT1_EXT2_EXT3_EXT4_EE.exit.i.i:8  %zext_ln1117_1 = zext i15 %add_ln1117 to i64

]]></Node>
<StgValue><ssdm name="zext_ln1117_1"/></StgValue>
</operation>

<operation id="47" st_id="4" stage="1" lat="1">
<core>NULL</core>
<MemPortIdVec></MemPortIdVec>
<condition id="-1">
<or_exp><and_exp><literal name="icmp_ln81" val="0"/>
</and_exp></or_exp>
</condition>

<Node id="50" bw="13" op_0_bw="1" op_1_bw="64" op_2_bw="64">
<![CDATA[
_ZN13ap_fixed_baseILi39ELi17ELb1EL9ap_q_mode5EL9ap_o_mode3ELi0EEC1ILi24ELi16ELb1ELS0_5ELS1_3ELi0EEERKS_IXT_EXT0_EXT1_EXT2_EXT3_EXT4_EE.exit.i.i:9  %matriceB_V_addr = getelementptr [8192 x i1]* %matriceB_V, i64 0, i64 %zext_ln1117_1

]]></Node>
<StgValue><ssdm name="matriceB_V_addr"/></StgValue>
</operation>

<operation id="48" st_id="4" stage="2" lat="2">
<core>RAM</core>
<MemPortIdVec>0 </MemPortIdVec>
<condition id="-1">
<or_exp><and_exp><literal name="icmp_ln81" val="0"/>
</and_exp></or_exp>
</condition>

<Node id="51" bw="16" op_0_bw="17">
<![CDATA[
_ZN13ap_fixed_baseILi39ELi17ELb1EL9ap_q_mode5EL9ap_o_mode3ELi0EEC1ILi24ELi16ELb1ELS0_5ELS1_3ELi0EEERKS_IXT_EXT0_EXT1_EXT2_EXT3_EXT4_EE.exit.i.i:10  %matriceA_V_load = load i16* %matriceA_V_addr, align 2

]]></Node>
<StgValue><ssdm name="matriceA_V_load"/></StgValue>
</operation>

<operation id="49" st_id="4" stage="2" lat="2">
<core>RAM</core>
<MemPortIdVec>0 </MemPortIdVec>
<condition id="-1">
<or_exp><and_exp><literal name="icmp_ln81" val="0"/>
</and_exp></or_exp>
</condition>

<Node id="53" bw="1" op_0_bw="13">
<![CDATA[
_ZN13ap_fixed_baseILi39ELi17ELb1EL9ap_q_mode5EL9ap_o_mode3ELi0EEC1ILi24ELi16ELb1ELS0_5ELS1_3ELi0EEERKS_IXT_EXT0_EXT1_EXT2_EXT3_EXT4_EE.exit.i.i:12  %matriceB_V_load = load i1* %matriceB_V_addr, align 1

]]></Node>
<StgValue><ssdm name="matriceB_V_load"/></StgValue>
</operation>

<operation id="50" st_id="4" stage="1" lat="1">
<core>NULL</core>
<MemPortIdVec></MemPortIdVec>
<condition id="-1">
<or_exp><and_exp><literal name="icmp_ln81" val="1"/>
</and_exp></or_exp>
</condition>

<Node id="62" bw="32" op_0_bw="32" op_1_bw="0" op_2_bw="32">
<![CDATA[
multmat_label1_end:0  %empty_42 = call i32 (...)* @_ssdm_op_SpecRegionEnd([15 x i8]* @p_str3, i32 %tmp)

]]></Node>
<StgValue><ssdm name="empty_42"/></StgValue>
</operation>

<operation id="51" st_id="4" stage="1" lat="1">
<core>NULL</core>
<MemPortIdVec></MemPortIdVec>
<condition id="-1">
<or_exp><and_exp><literal name="icmp_ln81" val="1"/>
</and_exp></or_exp>
</condition>

<Node id="63" bw="0" op_0_bw="0">
<![CDATA[
multmat_label1_end:1  br label %.preheader

]]></Node>
<StgValue><ssdm name="br_ln78"/></StgValue>
</operation>
</state>

<state id="5" st_id="5">

<operation id="52" st_id="5" stage="1" lat="1">
<core>NULL</core>
<MemPortIdVec></MemPortIdVec>
<condition id="-1">
<or_exp><and_exp></and_exp></or_exp>
</condition>

<Node id="41" bw="0" op_0_bw="0" op_1_bw="0">
<![CDATA[
_ZN13ap_fixed_baseILi39ELi17ELb1EL9ap_q_mode5EL9ap_o_mode3ELi0EEC1ILi24ELi16ELb1ELS0_5ELS1_3ELi0EEERKS_IXT_EXT0_EXT1_EXT2_EXT3_EXT4_EE.exit.i.i:0  call void (...)* @_ssdm_op_SpecLoopName([15 x i8]* @p_str2) nounwind

]]></Node>
<StgValue><ssdm name="specloopname_ln82"/></StgValue>
</operation>

<operation id="53" st_id="5" stage="1" lat="2">
<core>RAM</core>
<MemPortIdVec>0 </MemPortIdVec>
<condition id="-1">
<or_exp><and_exp></and_exp></or_exp>
</condition>

<Node id="51" bw="16" op_0_bw="17">
<![CDATA[
_ZN13ap_fixed_baseILi39ELi17ELb1EL9ap_q_mode5EL9ap_o_mode3ELi0EEC1ILi24ELi16ELb1ELS0_5ELS1_3ELi0EEERKS_IXT_EXT0_EXT1_EXT2_EXT3_EXT4_EE.exit.i.i:10  %matriceA_V_load = load i16* %matriceA_V_addr, align 2

]]></Node>
<StgValue><ssdm name="matriceA_V_load"/></StgValue>
</operation>

<operation id="54" st_id="5" stage="1" lat="1">
<core>NULL</core>
<MemPortIdVec></MemPortIdVec>
<condition id="-1">
<or_exp><and_exp></and_exp></or_exp>
</condition>

<Node id="52" bw="30" op_0_bw="16">
<![CDATA[
_ZN13ap_fixed_baseILi39ELi17ELb1EL9ap_q_mode5EL9ap_o_mode3ELi0EEC1ILi24ELi16ELb1ELS0_5ELS1_3ELi0EEERKS_IXT_EXT0_EXT1_EXT2_EXT3_EXT4_EE.exit.i.i:11  %r_V = sext i16 %matriceA_V_load to i30

]]></Node>
<StgValue><ssdm name="r_V"/></StgValue>
</operation>

<operation id="55" st_id="5" stage="1" lat="2">
<core>RAM</core>
<MemPortIdVec>0 </MemPortIdVec>
<condition id="-1">
<or_exp><and_exp></and_exp></or_exp>
</condition>

<Node id="53" bw="1" op_0_bw="13">
<![CDATA[
_ZN13ap_fixed_baseILi39ELi17ELb1EL9ap_q_mode5EL9ap_o_mode3ELi0EEC1ILi24ELi16ELb1ELS0_5ELS1_3ELi0EEERKS_IXT_EXT0_EXT1_EXT2_EXT3_EXT4_EE.exit.i.i:12  %matriceB_V_load = load i1* %matriceB_V_addr, align 1

]]></Node>
<StgValue><ssdm name="matriceB_V_load"/></StgValue>
</operation>

<operation id="56" st_id="5" stage="1" lat="1">
<core>Sel</core>
<MemPortIdVec></MemPortIdVec>
<condition id="-1">
<or_exp><and_exp></and_exp></or_exp>
</condition>

<Node id="54" bw="30" op_0_bw="1" op_1_bw="30" op_2_bw="30">
<![CDATA[
_ZN13ap_fixed_baseILi39ELi17ELb1EL9ap_q_mode5EL9ap_o_mode3ELi0EEC1ILi24ELi16ELb1ELS0_5ELS1_3ELi0EEERKS_IXT_EXT0_EXT1_EXT2_EXT3_EXT4_EE.exit.i.i:13  %select_ln1118 = select i1 %matriceB_V_load, i30 -1, i30 0

]]></Node>
<StgValue><ssdm name="select_ln1118"/></StgValue>
</operation>

<operation id="57" st_id="5" stage="1" lat="1">
<core>LogicGate</core>
<MemPortIdVec></MemPortIdVec>
<condition id="-1">
<or_exp><and_exp></and_exp></or_exp>
</condition>

<Node id="55" bw="30" op_0_bw="30" op_1_bw="30">
<![CDATA[
_ZN13ap_fixed_baseILi39ELi17ELb1EL9ap_q_mode5EL9ap_o_mode3ELi0EEC1ILi24ELi16ELb1ELS0_5ELS1_3ELi0EEERKS_IXT_EXT0_EXT1_EXT2_EXT3_EXT4_EE.exit.i.i:14  %r_V_2 = and i30 %r_V, %select_ln1118

]]></Node>
<StgValue><ssdm name="r_V_2"/></StgValue>
</operation>

<operation id="58" st_id="5" stage="1" lat="1">
<core>NULL</core>
<MemPortIdVec></MemPortIdVec>
<condition id="-1">
<or_exp><and_exp></and_exp></or_exp>
</condition>

<Node id="56" bw="38" op_0_bw="38" op_1_bw="24" op_2_bw="14">
<![CDATA[
_ZN13ap_fixed_baseILi39ELi17ELb1EL9ap_q_mode5EL9ap_o_mode3ELi0EEC1ILi24ELi16ELb1ELS0_5ELS1_3ELi0EEERKS_IXT_EXT0_EXT1_EXT2_EXT3_EXT4_EE.exit.i.i:15  %lhs_V = call i38 @_ssdm_op_BitConcatenate.i38.i24.i14(i24 %p_Val2_s, i14 0)

]]></Node>
<StgValue><ssdm name="lhs_V"/></StgValue>
</operation>

<operation id="59" st_id="5" stage="1" lat="1">
<core>NULL</core>
<MemPortIdVec></MemPortIdVec>
<condition id="-1">
<or_exp><and_exp></and_exp></or_exp>
</condition>

<Node id="57" bw="38" op_0_bw="30">
<![CDATA[
_ZN13ap_fixed_baseILi39ELi17ELb1EL9ap_q_mode5EL9ap_o_mode3ELi0EEC1ILi24ELi16ELb1ELS0_5ELS1_3ELi0EEERKS_IXT_EXT0_EXT1_EXT2_EXT3_EXT4_EE.exit.i.i:16  %sext_ln703 = sext i30 %r_V_2 to i38

]]></Node>
<StgValue><ssdm name="sext_ln703"/></StgValue>
</operation>

<operation id="60" st_id="5" stage="1" lat="1">
<core>AddSub</core>
<MemPortIdVec></MemPortIdVec>
<condition id="-1">
<or_exp><and_exp></and_exp></or_exp>
</condition>

<Node id="58" bw="38" op_0_bw="38" op_1_bw="38">
<![CDATA[
_ZN13ap_fixed_baseILi39ELi17ELb1EL9ap_q_mode5EL9ap_o_mode3ELi0EEC1ILi24ELi16ELb1ELS0_5ELS1_3ELi0EEERKS_IXT_EXT0_EXT1_EXT2_EXT3_EXT4_EE.exit.i.i:17  %ret_V = add i38 %lhs_V, %sext_ln703

]]></Node>
<StgValue><ssdm name="ret_V"/></StgValue>
</operation>

<operation id="61" st_id="5" stage="1" lat="1">
<core>NULL</core>
<MemPortIdVec></MemPortIdVec>
<condition id="-1">
<or_exp><and_exp></and_exp></or_exp>
</condition>

<Node id="59" bw="24" op_0_bw="24" op_1_bw="38" op_2_bw="32" op_3_bw="32">
<![CDATA[
_ZN13ap_fixed_baseILi39ELi17ELb1EL9ap_q_mode5EL9ap_o_mode3ELi0EEC1ILi24ELi16ELb1ELS0_5ELS1_3ELi0EEERKS_IXT_EXT0_EXT1_EXT2_EXT3_EXT4_EE.exit.i.i:18  %trunc_ln = call i24 @_ssdm_op_PartSelect.i24.i38.i32.i32(i38 %ret_V, i32 14, i32 37)

]]></Node>
<StgValue><ssdm name="trunc_ln"/></StgValue>
</operation>

<operation id="62" st_id="5" stage="1" lat="1">
<core>NULL</core>
<MemPortIdVec></MemPortIdVec>
<condition id="-1">
<or_exp><and_exp></and_exp></or_exp>
</condition>

<Node id="60" bw="0" op_0_bw="0">
<![CDATA[
_ZN13ap_fixed_baseILi39ELi17ELb1EL9ap_q_mode5EL9ap_o_mode3ELi0EEC1ILi24ELi16ELb1ELS0_5ELS1_3ELi0EEERKS_IXT_EXT0_EXT1_EXT2_EXT3_EXT4_EE.exit.i.i:19  br label %1

]]></Node>
<StgValue><ssdm name="br_ln81"/></StgValue>
</operation>
</state>
</state_list>


<ports>
<port id="71" name="matriceA_V" dir="0" iftype="1">
<core>RAM</core><StgValue><ssdm name="matriceA_V"/><MemPortTyVec>1 3 </MemPortTyVec>
</StgValue>
</port>
<port id="72" name="matriceB_V" dir="0" iftype="1">
<core>RAM</core><StgValue><ssdm name="matriceB_V"/><MemPortTyVec>1 3 </MemPortTyVec>
</StgValue>
</port>
<port id="73" name="matriceC_V" dir="1" iftype="1">
<core>RAM</core><StgValue><ssdm name="matriceC_V"/><MemPortTyVec>0 3 </MemPortTyVec>
</StgValue>
</port>
</ports>


<dataflows>
<dataflow id="75" from="StgValue_74" to="i_0" fromId="74" toId="7">
<condition id="-1">
<or_exp><and_exp></and_exp></or_exp>
</condition>
</dataflow>
<dataflow id="76" from="br_ln76" to="i_0" fromId="6" toId="7">
</dataflow>
<dataflow id="77" from="i" to="i_0" fromId="10" toId="7">
<BackEdge/>
<condition id="-1">
<or_exp><and_exp><literal name="icmp_ln78" val="1"/>
</and_exp></or_exp>
</condition>
</dataflow>
<dataflow id="78" from="br_ln0" to="i_0" fromId="31" toId="7">
<BackEdge/>
</dataflow>
<dataflow id="79" from="i_0" to="icmp_ln76" fromId="7" toId="8">
</dataflow>
<dataflow id="81" from="StgValue_80" to="icmp_ln76" fromId="80" toId="8">
</dataflow>
<dataflow id="83" from="_ssdm_op_SpecLoopTripCount" to="empty" fromId="82" toId="9">
</dataflow>
<dataflow id="85" from="StgValue_84" to="empty" fromId="84" toId="9">
</dataflow>
<dataflow id="86" from="StgValue_84" to="empty" fromId="84" toId="9">
</dataflow>
<dataflow id="87" from="StgValue_84" to="empty" fromId="84" toId="9">
</dataflow>
<dataflow id="88" from="i_0" to="i" fromId="7" toId="10">
</dataflow>
<dataflow id="90" from="StgValue_89" to="i" fromId="89" toId="10">
</dataflow>
<dataflow id="91" from="icmp_ln76" to="br_ln76" fromId="8" toId="11">
</dataflow>
<dataflow id="93" from="_ssdm_op_BitConcatenate.i18.i10.i8" to="tmp_8" fromId="92" toId="12">
</dataflow>
<dataflow id="94" from="i_0" to="tmp_8" fromId="7" toId="12">
</dataflow>
<dataflow id="96" from="StgValue_95" to="tmp_8" fromId="95" toId="12">
</dataflow>
<dataflow id="97" from="tmp_8" to="zext_ln203" fromId="12" toId="13">
</dataflow>
<dataflow id="99" from="_ssdm_op_BitConcatenate.i15.i10.i5" to="tmp_9" fromId="98" toId="14">
</dataflow>
<dataflow id="100" from="i_0" to="tmp_9" fromId="7" toId="14">
</dataflow>
<dataflow id="102" from="StgValue_101" to="tmp_9" fromId="101" toId="14">
</dataflow>
<dataflow id="103" from="tmp_9" to="zext_ln78" fromId="14" toId="15">
</dataflow>
<dataflow id="104" from="j" to="j_0" fromId="21" toId="18">
<BackEdge/>
<condition id="-1">
<or_exp><and_exp><literal name="icmp_ln81" val="1"/>
</and_exp></or_exp>
</condition>
</dataflow>
<dataflow id="105" from="br_ln78" to="j_0" fromId="51" toId="18">
<BackEdge/>
</dataflow>
<dataflow id="107" from="StgValue_106" to="j_0" fromId="106" toId="18">
<condition id="-1">
<or_exp><and_exp><literal name="icmp_ln76" val="0"/>
</and_exp></or_exp>
</condition>
</dataflow>
<dataflow id="108" from="br_ln78" to="j_0" fromId="16" toId="18">
</dataflow>
<dataflow id="109" from="j_0" to="icmp_ln78" fromId="18" toId="19">
</dataflow>
<dataflow id="111" from="StgValue_110" to="icmp_ln78" fromId="110" toId="19">
</dataflow>
<dataflow id="112" from="_ssdm_op_SpecLoopTripCount" to="empty_40" fromId="82" toId="20">
</dataflow>
<dataflow id="114" from="StgValue_113" to="empty_40" fromId="113" toId="20">
</dataflow>
<dataflow id="115" from="StgValue_113" to="empty_40" fromId="113" toId="20">
</dataflow>
<dataflow id="116" from="StgValue_113" to="empty_40" fromId="113" toId="20">
</dataflow>
<dataflow id="117" from="j_0" to="j" fromId="18" toId="21">
</dataflow>
<dataflow id="119" from="StgValue_118" to="j" fromId="118" toId="21">
</dataflow>
<dataflow id="120" from="icmp_ln78" to="br_ln78" fromId="19" toId="22">
</dataflow>
<dataflow id="122" from="_ssdm_op_SpecLoopName" to="specloopname_ln79" fromId="121" toId="23">
</dataflow>
<dataflow id="124" from="p_str3" to="specloopname_ln79" fromId="123" toId="23">
</dataflow>
<dataflow id="126" from="_ssdm_op_SpecRegionBegin" to="tmp" fromId="125" toId="24">
</dataflow>
<dataflow id="127" from="p_str3" to="tmp" fromId="123" toId="24">
</dataflow>
<dataflow id="128" from="j_0" to="zext_ln203_2" fromId="18" toId="25">
</dataflow>
<dataflow id="129" from="j_0" to="zext_ln203_3" fromId="18" toId="26">
</dataflow>
<dataflow id="130" from="zext_ln78" to="add_ln203" fromId="15" toId="27">
</dataflow>
<dataflow id="131" from="zext_ln203_3" to="add_ln203" fromId="26" toId="27">
</dataflow>
<dataflow id="132" from="add_ln203" to="zext_ln203_4" fromId="27" toId="28">
</dataflow>
<dataflow id="133" from="matriceC_V" to="matriceC_V_addr" fromId="73" toId="29">
</dataflow>
<dataflow id="135" from="StgValue_134" to="matriceC_V_addr" fromId="134" toId="29">
</dataflow>
<dataflow id="136" from="zext_ln203_4" to="matriceC_V_addr" fromId="28" toId="29">
</dataflow>
<dataflow id="138" from="StgValue_137" to="p_Val2_s" fromId="137" toId="32">
<condition id="-1">
<or_exp><and_exp><literal name="icmp_ln78" val="0"/>
</and_exp></or_exp>
</condition>
</dataflow>
<dataflow id="139" from="br_ln81" to="p_Val2_s" fromId="30" toId="32">
</dataflow>
<dataflow id="140" from="trunc_ln" to="p_Val2_s" fromId="61" toId="32">
<BackEdge/>
<condition id="-1">
<or_exp><and_exp></and_exp></or_exp>
</condition>
</dataflow>
<dataflow id="141" from="br_ln81" to="p_Val2_s" fromId="62" toId="32">
<BackEdge/>
</dataflow>
<dataflow id="143" from="StgValue_142" to="k_0" fromId="142" toId="33">
<condition id="-1">
<or_exp><and_exp><literal name="icmp_ln78" val="0"/>
</and_exp></or_exp>
</condition>
</dataflow>
<dataflow id="144" from="br_ln81" to="k_0" fromId="30" toId="33">
</dataflow>
<dataflow id="145" from="k" to="k_0" fromId="37" toId="33">
<BackEdge/>
<condition id="-1">
<or_exp><and_exp></and_exp></or_exp>
</condition>
</dataflow>
<dataflow id="146" from="br_ln81" to="k_0" fromId="62" toId="33">
<BackEdge/>
</dataflow>
<dataflow id="147" from="p_Val2_s" to="store_ln83" fromId="32" toId="34">
</dataflow>
<dataflow id="148" from="matriceC_V_addr" to="store_ln83" fromId="29" toId="34">
</dataflow>
<dataflow id="149" from="k_0" to="icmp_ln81" fromId="33" toId="35">
</dataflow>
<dataflow id="151" from="StgValue_150" to="icmp_ln81" fromId="150" toId="35">
</dataflow>
<dataflow id="152" from="_ssdm_op_SpecLoopTripCount" to="empty_41" fromId="82" toId="36">
</dataflow>
<dataflow id="154" from="StgValue_153" to="empty_41" fromId="153" toId="36">
</dataflow>
<dataflow id="155" from="StgValue_153" to="empty_41" fromId="153" toId="36">
</dataflow>
<dataflow id="156" from="StgValue_153" to="empty_41" fromId="153" toId="36">
</dataflow>
<dataflow id="157" from="k_0" to="k" fromId="33" toId="37">
</dataflow>
<dataflow id="159" from="StgValue_158" to="k" fromId="158" toId="37">
</dataflow>
<dataflow id="160" from="icmp_ln81" to="br_ln81" fromId="35" toId="38">
</dataflow>
<dataflow id="161" from="k_0" to="zext_ln1116" fromId="33" toId="39">
</dataflow>
<dataflow id="162" from="zext_ln1116" to="add_ln1116" fromId="39" toId="40">
</dataflow>
<dataflow id="163" from="zext_ln203" to="add_ln1116" fromId="13" toId="40">
</dataflow>
<dataflow id="164" from="add_ln1116" to="zext_ln1116_1" fromId="40" toId="41">
</dataflow>
<dataflow id="165" from="matriceA_V" to="matriceA_V_addr" fromId="71" toId="42">
</dataflow>
<dataflow id="166" from="StgValue_134" to="matriceA_V_addr" fromId="134" toId="42">
</dataflow>
<dataflow id="167" from="zext_ln1116_1" to="matriceA_V_addr" fromId="41" toId="42">
</dataflow>
<dataflow id="169" from="_ssdm_op_BitConcatenate.i14.i9.i5" to="tmp_s" fromId="168" toId="43">
</dataflow>
<dataflow id="170" from="k_0" to="tmp_s" fromId="33" toId="43">
</dataflow>
<dataflow id="171" from="StgValue_101" to="tmp_s" fromId="101" toId="43">
</dataflow>
<dataflow id="172" from="tmp_s" to="zext_ln1117" fromId="43" toId="44">
</dataflow>
<dataflow id="173" from="zext_ln203_2" to="add_ln1117" fromId="25" toId="45">
</dataflow>
<dataflow id="174" from="zext_ln1117" to="add_ln1117" fromId="44" toId="45">
</dataflow>
<dataflow id="175" from="add_ln1117" to="zext_ln1117_1" fromId="45" toId="46">
</dataflow>
<dataflow id="176" from="matriceB_V" to="matriceB_V_addr" fromId="72" toId="47">
</dataflow>
<dataflow id="177" from="StgValue_134" to="matriceB_V_addr" fromId="134" toId="47">
</dataflow>
<dataflow id="178" from="zext_ln1117_1" to="matriceB_V_addr" fromId="46" toId="47">
</dataflow>
<dataflow id="179" from="matriceA_V_addr" to="matriceA_V_load" fromId="42" toId="48">
</dataflow>
<dataflow id="180" from="matriceB_V_addr" to="matriceB_V_load" fromId="47" toId="49">
</dataflow>
<dataflow id="182" from="_ssdm_op_SpecRegionEnd" to="empty_42" fromId="181" toId="50">
</dataflow>
<dataflow id="183" from="p_str3" to="empty_42" fromId="123" toId="50">
</dataflow>
<dataflow id="184" from="tmp" to="empty_42" fromId="24" toId="50">
</dataflow>
<dataflow id="185" from="_ssdm_op_SpecLoopName" to="specloopname_ln82" fromId="121" toId="52">
</dataflow>
<dataflow id="187" from="p_str2" to="specloopname_ln82" fromId="186" toId="52">
</dataflow>
<dataflow id="188" from="matriceA_V_addr" to="matriceA_V_load" fromId="42" toId="53">
</dataflow>
<dataflow id="189" from="matriceA_V_load" to="r_V" fromId="53" toId="54">
</dataflow>
<dataflow id="190" from="matriceB_V_addr" to="matriceB_V_load" fromId="47" toId="55">
</dataflow>
<dataflow id="191" from="matriceB_V_load" to="select_ln1118" fromId="55" toId="56">
</dataflow>
<dataflow id="193" from="StgValue_192" to="select_ln1118" fromId="192" toId="56">
</dataflow>
<dataflow id="195" from="StgValue_194" to="select_ln1118" fromId="194" toId="56">
</dataflow>
<dataflow id="196" from="r_V" to="r_V_2" fromId="54" toId="57">
</dataflow>
<dataflow id="197" from="select_ln1118" to="r_V_2" fromId="56" toId="57">
</dataflow>
<dataflow id="199" from="_ssdm_op_BitConcatenate.i38.i24.i14" to="lhs_V" fromId="198" toId="58">
</dataflow>
<dataflow id="200" from="p_Val2_s" to="lhs_V" fromId="32" toId="58">
</dataflow>
<dataflow id="202" from="StgValue_201" to="lhs_V" fromId="201" toId="58">
</dataflow>
<dataflow id="203" from="r_V_2" to="sext_ln703" fromId="57" toId="59">
</dataflow>
<dataflow id="204" from="lhs_V" to="ret_V" fromId="58" toId="60">
</dataflow>
<dataflow id="205" from="sext_ln703" to="ret_V" fromId="59" toId="60">
</dataflow>
<dataflow id="207" from="_ssdm_op_PartSelect.i24.i38.i32.i32" to="trunc_ln" fromId="206" toId="61">
</dataflow>
<dataflow id="208" from="ret_V" to="trunc_ln" fromId="60" toId="61">
</dataflow>
<dataflow id="210" from="StgValue_209" to="trunc_ln" fromId="209" toId="61">
</dataflow>
<dataflow id="212" from="StgValue_211" to="trunc_ln" fromId="211" toId="61">
</dataflow>
<dataflow id="213" from="icmp_ln76" to="StgValue_2" fromId="8" toId="2">
</dataflow>
<dataflow id="214" from="icmp_ln78" to="StgValue_3" fromId="19" toId="3">
</dataflow>
<dataflow id="215" from="icmp_ln81" to="StgValue_4" fromId="35" toId="4">
</dataflow>
</dataflows>


</stg>
