<stg><name>BlocLinear.1</name>


<trans_list>

<trans id="59" from="1" to="2">
<condition id="-1">
<or_exp><and_exp></and_exp></or_exp>
</condition>
</trans>

<trans id="60" from="2" to="3">
<condition id="-1">
<or_exp><and_exp><literal name="icmp_ln59" val="0"/>
</and_exp></or_exp>
</condition>
</trans>

<trans id="61" from="3" to="4">
<condition id="-1">
<or_exp><and_exp><literal name="icmp_ln61" val="0"/>
</and_exp></or_exp>
</condition>
</trans>

<trans id="66" from="3" to="2">
<condition id="-1">
<or_exp><and_exp><literal name="icmp_ln61" val="1"/>
</and_exp></or_exp>
</condition>
</trans>

<trans id="62" from="4" to="5">
<condition id="-1">
<or_exp><and_exp><literal name="icmp_ln64" val="0"/>
</and_exp></or_exp>
</condition>
</trans>

<trans id="65" from="4" to="3">
<condition id="-1">
<or_exp><and_exp><literal name="icmp_ln64" val="1"/>
</and_exp></or_exp>
</condition>
</trans>

<trans id="64" from="5" to="4">
<condition id="-1">
<or_exp><and_exp></and_exp></or_exp>
</condition>
</trans>
</trans_list>



<state_list>

<state id="1" st_id="1">

<operation id="6" st_id="1" stage="1" lat="1">
<core>NULL</core>
<MemPortIdVec></MemPortIdVec>
<condition id="-1">
<or_exp><and_exp></and_exp></or_exp>
</condition>

<Node id="4" bw="0" op_0_bw="0">
<![CDATA[
:0  br label %.loopexit

]]></Node>
<StgValue><ssdm name="br_ln59"/></StgValue>
</operation>
</state>

<state id="2" st_id="2">

<operation id="7" st_id="2" stage="1" lat="1">
<core>NULL</core>
<MemPortIdVec></MemPortIdVec>
<condition id="-1">
<or_exp><and_exp></and_exp></or_exp>
</condition>

<Node id="6" bw="9" op_0_bw="9" op_1_bw="0" op_2_bw="9" op_3_bw="0">
<![CDATA[
.loopexit:0  %i_0 = phi i9 [ 0, %0 ], [ %i, %.loopexit.loopexit ]

]]></Node>
<StgValue><ssdm name="i_0"/></StgValue>
</operation>

<operation id="8" st_id="2" stage="1" lat="1">
<core>Cmp</core>
<MemPortIdVec></MemPortIdVec>
<condition id="-1">
<or_exp><and_exp></and_exp></or_exp>
</condition>

<Node id="7" bw="1" op_0_bw="9" op_1_bw="9">
<![CDATA[
.loopexit:1  %icmp_ln59 = icmp eq i9 %i_0, -256

]]></Node>
<StgValue><ssdm name="icmp_ln59"/></StgValue>
</operation>

<operation id="9" st_id="2" stage="1" lat="1">
<core>NULL</core>
<MemPortIdVec></MemPortIdVec>
<condition id="-1">
<or_exp><and_exp></and_exp></or_exp>
</condition>

<Node id="8" bw="32" op_0_bw="32" op_1_bw="64" op_2_bw="64" op_3_bw="64">
<![CDATA[
.loopexit:2  %empty = call i32 (...)* @_ssdm_op_SpecLoopTripCount(i64 256, i64 256, i64 256)

]]></Node>
<StgValue><ssdm name="empty"/></StgValue>
</operation>

<operation id="10" st_id="2" stage="1" lat="1">
<core>AddSub</core>
<MemPortIdVec></MemPortIdVec>
<condition id="-1">
<or_exp><and_exp></and_exp></or_exp>
</condition>

<Node id="9" bw="9" op_0_bw="9" op_1_bw="9">
<![CDATA[
.loopexit:3  %i = add i9 %i_0, 1

]]></Node>
<StgValue><ssdm name="i"/></StgValue>
</operation>

<operation id="11" st_id="2" stage="1" lat="1">
<core>NULL</core>
<MemPortIdVec></MemPortIdVec>
<condition id="-1">
<or_exp><and_exp></and_exp></or_exp>
</condition>

<Node id="10" bw="0" op_0_bw="1" op_1_bw="0" op_2_bw="0">
<![CDATA[
.loopexit:4  br i1 %icmp_ln59, label %2, label %.preheader.preheader

]]></Node>
<StgValue><ssdm name="br_ln59"/></StgValue>
</operation>

<operation id="12" st_id="2" stage="1" lat="1">
<core>NULL</core>
<MemPortIdVec></MemPortIdVec>
<condition id="-1">
<or_exp><and_exp><literal name="icmp_ln59" val="0"/>
</and_exp></or_exp>
</condition>

<Node id="12" bw="17" op_0_bw="17" op_1_bw="9" op_2_bw="8">
<![CDATA[
.preheader.preheader:0  %tmp_s = call i17 @_ssdm_op_BitConcatenate.i17.i9.i8(i9 %i_0, i8 0)

]]></Node>
<StgValue><ssdm name="tmp_s"/></StgValue>
</operation>

<operation id="13" st_id="2" stage="1" lat="1">
<core>NULL</core>
<MemPortIdVec></MemPortIdVec>
<condition id="-1">
<or_exp><and_exp><literal name="icmp_ln59" val="0"/>
</and_exp></or_exp>
</condition>

<Node id="13" bw="18" op_0_bw="17">
<![CDATA[
.preheader.preheader:1  %zext_ln203 = zext i17 %tmp_s to i18

]]></Node>
<StgValue><ssdm name="zext_ln203"/></StgValue>
</operation>

<operation id="14" st_id="2" stage="1" lat="1">
<core>NULL</core>
<MemPortIdVec></MemPortIdVec>
<condition id="-1">
<or_exp><and_exp><literal name="icmp_ln59" val="0"/>
</and_exp></or_exp>
</condition>

<Node id="14" bw="14" op_0_bw="14" op_1_bw="9" op_2_bw="5">
<![CDATA[
.preheader.preheader:2  %tmp_1 = call i14 @_ssdm_op_BitConcatenate.i14.i9.i5(i9 %i_0, i5 0)

]]></Node>
<StgValue><ssdm name="tmp_1"/></StgValue>
</operation>

<operation id="15" st_id="2" stage="1" lat="1">
<core>NULL</core>
<MemPortIdVec></MemPortIdVec>
<condition id="-1">
<or_exp><and_exp><literal name="icmp_ln59" val="0"/>
</and_exp></or_exp>
</condition>

<Node id="15" bw="15" op_0_bw="14">
<![CDATA[
.preheader.preheader:3  %zext_ln61 = zext i14 %tmp_1 to i15

]]></Node>
<StgValue><ssdm name="zext_ln61"/></StgValue>
</operation>

<operation id="16" st_id="2" stage="1" lat="1">
<core>NULL</core>
<MemPortIdVec></MemPortIdVec>
<condition id="-1">
<or_exp><and_exp><literal name="icmp_ln59" val="0"/>
</and_exp></or_exp>
</condition>

<Node id="16" bw="0" op_0_bw="0">
<![CDATA[
.preheader.preheader:4  br label %.preheader

]]></Node>
<StgValue><ssdm name="br_ln61"/></StgValue>
</operation>

<operation id="17" st_id="2" stage="1" lat="1">
<core>NULL</core>
<MemPortIdVec></MemPortIdVec>
<condition id="-1">
<or_exp><and_exp><literal name="icmp_ln59" val="1"/>
</and_exp></or_exp>
</condition>

<Node id="63" bw="0">
<![CDATA[
:0  ret void

]]></Node>
<StgValue><ssdm name="ret_ln70"/></StgValue>
</operation>
</state>

<state id="3" st_id="3">

<operation id="18" st_id="3" stage="1" lat="1">
<core>NULL</core>
<MemPortIdVec></MemPortIdVec>
<condition id="-1">
<or_exp><and_exp></and_exp></or_exp>
</condition>

<Node id="18" bw="6" op_0_bw="6" op_1_bw="0" op_2_bw="6" op_3_bw="0">
<![CDATA[
.preheader:0  %j_0 = phi i6 [ %j, %multmat_label1_end ], [ 0, %.preheader.preheader ]

]]></Node>
<StgValue><ssdm name="j_0"/></StgValue>
</operation>

<operation id="19" st_id="3" stage="1" lat="1">
<core>Cmp</core>
<MemPortIdVec></MemPortIdVec>
<condition id="-1">
<or_exp><and_exp></and_exp></or_exp>
</condition>

<Node id="19" bw="1" op_0_bw="6" op_1_bw="6">
<![CDATA[
.preheader:1  %icmp_ln61 = icmp eq i6 %j_0, -32

]]></Node>
<StgValue><ssdm name="icmp_ln61"/></StgValue>
</operation>

<operation id="20" st_id="3" stage="1" lat="1">
<core>NULL</core>
<MemPortIdVec></MemPortIdVec>
<condition id="-1">
<or_exp><and_exp></and_exp></or_exp>
</condition>

<Node id="20" bw="32" op_0_bw="32" op_1_bw="64" op_2_bw="64" op_3_bw="64">
<![CDATA[
.preheader:2  %empty_43 = call i32 (...)* @_ssdm_op_SpecLoopTripCount(i64 32, i64 32, i64 32)

]]></Node>
<StgValue><ssdm name="empty_43"/></StgValue>
</operation>

<operation id="21" st_id="3" stage="1" lat="1">
<core>AddSub</core>
<MemPortIdVec></MemPortIdVec>
<condition id="-1">
<or_exp><and_exp></and_exp></or_exp>
</condition>

<Node id="21" bw="6" op_0_bw="6" op_1_bw="6">
<![CDATA[
.preheader:3  %j = add i6 %j_0, 1

]]></Node>
<StgValue><ssdm name="j"/></StgValue>
</operation>

<operation id="22" st_id="3" stage="1" lat="1">
<core>NULL</core>
<MemPortIdVec></MemPortIdVec>
<condition id="-1">
<or_exp><and_exp></and_exp></or_exp>
</condition>

<Node id="22" bw="0" op_0_bw="1" op_1_bw="0" op_2_bw="0">
<![CDATA[
.preheader:4  br i1 %icmp_ln61, label %.loopexit.loopexit, label %multmat_label1_begin

]]></Node>
<StgValue><ssdm name="br_ln61"/></StgValue>
</operation>

<operation id="23" st_id="3" stage="1" lat="1">
<core>NULL</core>
<MemPortIdVec></MemPortIdVec>
<condition id="-1">
<or_exp><and_exp><literal name="icmp_ln61" val="0"/>
</and_exp></or_exp>
</condition>

<Node id="24" bw="0" op_0_bw="0" op_1_bw="0">
<![CDATA[
multmat_label1_begin:0  call void (...)* @_ssdm_op_SpecLoopName([15 x i8]* @p_str3) nounwind

]]></Node>
<StgValue><ssdm name="specloopname_ln62"/></StgValue>
</operation>

<operation id="24" st_id="3" stage="1" lat="1">
<core>NULL</core>
<MemPortIdVec></MemPortIdVec>
<condition id="-1">
<or_exp><and_exp><literal name="icmp_ln61" val="0"/>
</and_exp></or_exp>
</condition>

<Node id="25" bw="32" op_0_bw="32" op_1_bw="0">
<![CDATA[
multmat_label1_begin:1  %tmp = call i32 (...)* @_ssdm_op_SpecRegionBegin([15 x i8]* @p_str3)

]]></Node>
<StgValue><ssdm name="tmp"/></StgValue>
</operation>

<operation id="25" st_id="3" stage="1" lat="1">
<core>NULL</core>
<MemPortIdVec></MemPortIdVec>
<condition id="-1">
<or_exp><and_exp><literal name="icmp_ln61" val="0"/>
</and_exp></or_exp>
</condition>

<Node id="26" bw="15" op_0_bw="6">
<![CDATA[
multmat_label1_begin:2  %zext_ln203_5 = zext i6 %j_0 to i15

]]></Node>
<StgValue><ssdm name="zext_ln203_5"/></StgValue>
</operation>

<operation id="26" st_id="3" stage="1" lat="1">
<core>AddSub</core>
<MemPortIdVec></MemPortIdVec>
<condition id="-1">
<or_exp><and_exp><literal name="icmp_ln61" val="0"/>
</and_exp></or_exp>
</condition>

<Node id="27" bw="15" op_0_bw="15" op_1_bw="15">
<![CDATA[
multmat_label1_begin:3  %add_ln203 = add i15 %zext_ln61, %zext_ln203_5

]]></Node>
<StgValue><ssdm name="add_ln203"/></StgValue>
</operation>

<operation id="27" st_id="3" stage="1" lat="1">
<core>NULL</core>
<MemPortIdVec></MemPortIdVec>
<condition id="-1">
<or_exp><and_exp><literal name="icmp_ln61" val="0"/>
</and_exp></or_exp>
</condition>

<Node id="28" bw="64" op_0_bw="15">
<![CDATA[
multmat_label1_begin:4  %zext_ln203_6 = zext i15 %add_ln203 to i64

]]></Node>
<StgValue><ssdm name="zext_ln203_6"/></StgValue>
</operation>

<operation id="28" st_id="3" stage="1" lat="1">
<core>NULL</core>
<MemPortIdVec></MemPortIdVec>
<condition id="-1">
<or_exp><and_exp><literal name="icmp_ln61" val="0"/>
</and_exp></or_exp>
</condition>

<Node id="29" bw="13" op_0_bw="24" op_1_bw="64" op_2_bw="64">
<![CDATA[
multmat_label1_begin:5  %matriceC_V_addr = getelementptr [8192 x i24]* %matriceC_V, i64 0, i64 %zext_ln203_6

]]></Node>
<StgValue><ssdm name="matriceC_V_addr"/></StgValue>
</operation>

<operation id="29" st_id="3" stage="1" lat="1">
<core>NULL</core>
<MemPortIdVec></MemPortIdVec>
<condition id="-1">
<or_exp><and_exp><literal name="icmp_ln61" val="0"/>
</and_exp></or_exp>
</condition>

<Node id="30" bw="0" op_0_bw="0">
<![CDATA[
multmat_label1_begin:6  br label %1

]]></Node>
<StgValue><ssdm name="br_ln64"/></StgValue>
</operation>

<operation id="30" st_id="3" stage="1" lat="1">
<core>NULL</core>
<MemPortIdVec></MemPortIdVec>
<condition id="-1">
<or_exp><and_exp><literal name="icmp_ln61" val="1"/>
</and_exp></or_exp>
</condition>

<Node id="61" bw="0" op_0_bw="0">
<![CDATA[
.loopexit.loopexit:0  br label %.loopexit

]]></Node>
<StgValue><ssdm name="br_ln0"/></StgValue>
</operation>
</state>

<state id="4" st_id="4">

<operation id="31" st_id="4" stage="1" lat="1">
<core>NULL</core>
<MemPortIdVec></MemPortIdVec>
<condition id="-1">
<or_exp><and_exp></and_exp></or_exp>
</condition>

<Node id="32" bw="24" op_0_bw="24" op_1_bw="0" op_2_bw="24" op_3_bw="0">
<![CDATA[
:0  %p_Val2_s = phi i24 [ 0, %multmat_label1_begin ], [ %add_ln703, %_ZmlILi16ELi8ELb1EL9ap_q_mode5EL9ap_o_mode3ELi0ELi1ELb0EEN13ap_fixed_baseIXT_EXT0_EXT1_ELS0_5ELS1_3ELi0EE5RTypeIXT5_EXT5_EXT6_EE4multERKS2_IXT_EXT0_EXT1_EXT2_EXT3_EXT4_EERK11ap_int_baseIXT5_EXT6_EE.exit ]

]]></Node>
<StgValue><ssdm name="p_Val2_s"/></StgValue>
</operation>

<operation id="32" st_id="4" stage="1" lat="1">
<core>NULL</core>
<MemPortIdVec></MemPortIdVec>
<condition id="-1">
<or_exp><and_exp></and_exp></or_exp>
</condition>

<Node id="33" bw="9" op_0_bw="9" op_1_bw="0" op_2_bw="9" op_3_bw="0">
<![CDATA[
:1  %k_0 = phi i9 [ 0, %multmat_label1_begin ], [ %k, %_ZmlILi16ELi8ELb1EL9ap_q_mode5EL9ap_o_mode3ELi0ELi1ELb0EEN13ap_fixed_baseIXT_EXT0_EXT1_ELS0_5ELS1_3ELi0EE5RTypeIXT5_EXT5_EXT6_EE4multERKS2_IXT_EXT0_EXT1_EXT2_EXT3_EXT4_EERK11ap_int_baseIXT5_EXT6_EE.exit ]

]]></Node>
<StgValue><ssdm name="k_0"/></StgValue>
</operation>

<operation id="33" st_id="4" stage="1" lat="1">
<core>RAM</core>
<MemPortIdVec></MemPortIdVec>
<condition id="-1">
<or_exp><and_exp></and_exp></or_exp>
</condition>

<Node id="34" bw="0" op_0_bw="24" op_1_bw="13">
<![CDATA[
:2  store i24 %p_Val2_s, i24* %matriceC_V_addr, align 4

]]></Node>
<StgValue><ssdm name="store_ln66"/></StgValue>
</operation>

<operation id="34" st_id="4" stage="1" lat="1">
<core>Cmp</core>
<MemPortIdVec></MemPortIdVec>
<condition id="-1">
<or_exp><and_exp></and_exp></or_exp>
</condition>

<Node id="35" bw="1" op_0_bw="9" op_1_bw="9">
<![CDATA[
:3  %icmp_ln64 = icmp eq i9 %k_0, -256

]]></Node>
<StgValue><ssdm name="icmp_ln64"/></StgValue>
</operation>

<operation id="35" st_id="4" stage="1" lat="1">
<core>NULL</core>
<MemPortIdVec></MemPortIdVec>
<condition id="-1">
<or_exp><and_exp></and_exp></or_exp>
</condition>

<Node id="36" bw="32" op_0_bw="32" op_1_bw="64" op_2_bw="64" op_3_bw="64">
<![CDATA[
:4  %empty_44 = call i32 (...)* @_ssdm_op_SpecLoopTripCount(i64 256, i64 256, i64 256)

]]></Node>
<StgValue><ssdm name="empty_44"/></StgValue>
</operation>

<operation id="36" st_id="4" stage="1" lat="1">
<core>AddSub</core>
<MemPortIdVec></MemPortIdVec>
<condition id="-1">
<or_exp><and_exp></and_exp></or_exp>
</condition>

<Node id="37" bw="9" op_0_bw="9" op_1_bw="9">
<![CDATA[
:5  %k = add i9 %k_0, 1

]]></Node>
<StgValue><ssdm name="k"/></StgValue>
</operation>

<operation id="37" st_id="4" stage="1" lat="1">
<core>NULL</core>
<MemPortIdVec></MemPortIdVec>
<condition id="-1">
<or_exp><and_exp></and_exp></or_exp>
</condition>

<Node id="38" bw="0" op_0_bw="1" op_1_bw="0" op_2_bw="0">
<![CDATA[
:6  br i1 %icmp_ln64, label %multmat_label1_end, label %_ZmlILi16ELi8ELb1EL9ap_q_mode5EL9ap_o_mode3ELi0ELi1ELb0EEN13ap_fixed_baseIXT_EXT0_EXT1_ELS0_5ELS1_3ELi0EE5RTypeIXT5_EXT5_EXT6_EE4multERKS2_IXT_EXT0_EXT1_EXT2_EXT3_EXT4_EERK11ap_int_baseIXT5_EXT6_EE.exit

]]></Node>
<StgValue><ssdm name="br_ln64"/></StgValue>
</operation>

<operation id="38" st_id="4" stage="1" lat="1">
<core>NULL</core>
<MemPortIdVec></MemPortIdVec>
<condition id="-1">
<or_exp><and_exp><literal name="icmp_ln64" val="0"/>
</and_exp></or_exp>
</condition>

<Node id="41" bw="18" op_0_bw="9">
<![CDATA[
_ZmlILi16ELi8ELb1EL9ap_q_mode5EL9ap_o_mode3ELi0ELi1ELb0EEN13ap_fixed_baseIXT_EXT0_EXT1_ELS0_5ELS1_3ELi0EE5RTypeIXT5_EXT5_EXT6_EE4multERKS2_IXT_EXT0_EXT1_EXT2_EXT3_EXT4_EERK11ap_int_baseIXT5_EXT6_EE.exit:1  %zext_ln1116 = zext i9 %k_0 to i18

]]></Node>
<StgValue><ssdm name="zext_ln1116"/></StgValue>
</operation>

<operation id="39" st_id="4" stage="1" lat="1">
<core>AddSub</core>
<MemPortIdVec></MemPortIdVec>
<condition id="-1">
<or_exp><and_exp><literal name="icmp_ln64" val="0"/>
</and_exp></or_exp>
</condition>

<Node id="42" bw="18" op_0_bw="18" op_1_bw="18">
<![CDATA[
_ZmlILi16ELi8ELb1EL9ap_q_mode5EL9ap_o_mode3ELi0ELi1ELb0EEN13ap_fixed_baseIXT_EXT0_EXT1_ELS0_5ELS1_3ELi0EE5RTypeIXT5_EXT5_EXT6_EE4multERKS2_IXT_EXT0_EXT1_EXT2_EXT3_EXT4_EERK11ap_int_baseIXT5_EXT6_EE.exit:2  %add_ln1116 = add i18 %zext_ln1116, %zext_ln203

]]></Node>
<StgValue><ssdm name="add_ln1116"/></StgValue>
</operation>

<operation id="40" st_id="4" stage="1" lat="1">
<core>NULL</core>
<MemPortIdVec></MemPortIdVec>
<condition id="-1">
<or_exp><and_exp><literal name="icmp_ln64" val="0"/>
</and_exp></or_exp>
</condition>

<Node id="43" bw="64" op_0_bw="18">
<![CDATA[
_ZmlILi16ELi8ELb1EL9ap_q_mode5EL9ap_o_mode3ELi0ELi1ELb0EEN13ap_fixed_baseIXT_EXT0_EXT1_ELS0_5ELS1_3ELi0EE5RTypeIXT5_EXT5_EXT6_EE4multERKS2_IXT_EXT0_EXT1_EXT2_EXT3_EXT4_EERK11ap_int_baseIXT5_EXT6_EE.exit:3  %zext_ln1116_2 = zext i18 %add_ln1116 to i64

]]></Node>
<StgValue><ssdm name="zext_ln1116_2"/></StgValue>
</operation>

<operation id="41" st_id="4" stage="1" lat="1">
<core>NULL</core>
<MemPortIdVec></MemPortIdVec>
<condition id="-1">
<or_exp><and_exp><literal name="icmp_ln64" val="0"/>
</and_exp></or_exp>
</condition>

<Node id="44" bw="16" op_0_bw="16" op_1_bw="64" op_2_bw="64">
<![CDATA[
_ZmlILi16ELi8ELb1EL9ap_q_mode5EL9ap_o_mode3ELi0ELi1ELb0EEN13ap_fixed_baseIXT_EXT0_EXT1_ELS0_5ELS1_3ELi0EE5RTypeIXT5_EXT5_EXT6_EE4multERKS2_IXT_EXT0_EXT1_EXT2_EXT3_EXT4_EERK11ap_int_baseIXT5_EXT6_EE.exit:4  %matriceA_V_addr = getelementptr [65536 x i16]* %matriceA_V, i64 0, i64 %zext_ln1116_2

]]></Node>
<StgValue><ssdm name="matriceA_V_addr"/></StgValue>
</operation>

<operation id="42" st_id="4" stage="1" lat="1">
<core>NULL</core>
<MemPortIdVec></MemPortIdVec>
<condition id="-1">
<or_exp><and_exp><literal name="icmp_ln64" val="0"/>
</and_exp></or_exp>
</condition>

<Node id="45" bw="14" op_0_bw="14" op_1_bw="9" op_2_bw="5">
<![CDATA[
_ZmlILi16ELi8ELb1EL9ap_q_mode5EL9ap_o_mode3ELi0ELi1ELb0EEN13ap_fixed_baseIXT_EXT0_EXT1_ELS0_5ELS1_3ELi0EE5RTypeIXT5_EXT5_EXT6_EE4multERKS2_IXT_EXT0_EXT1_EXT2_EXT3_EXT4_EERK11ap_int_baseIXT5_EXT6_EE.exit:5  %tmp_2 = call i14 @_ssdm_op_BitConcatenate.i14.i9.i5(i9 %k_0, i5 0)

]]></Node>
<StgValue><ssdm name="tmp_2"/></StgValue>
</operation>

<operation id="43" st_id="4" stage="1" lat="1">
<core>NULL</core>
<MemPortIdVec></MemPortIdVec>
<condition id="-1">
<or_exp><and_exp><literal name="icmp_ln64" val="0"/>
</and_exp></or_exp>
</condition>

<Node id="46" bw="15" op_0_bw="14">
<![CDATA[
_ZmlILi16ELi8ELb1EL9ap_q_mode5EL9ap_o_mode3ELi0ELi1ELb0EEN13ap_fixed_baseIXT_EXT0_EXT1_ELS0_5ELS1_3ELi0EE5RTypeIXT5_EXT5_EXT6_EE4multERKS2_IXT_EXT0_EXT1_EXT2_EXT3_EXT4_EERK11ap_int_baseIXT5_EXT6_EE.exit:6  %zext_ln446 = zext i14 %tmp_2 to i15

]]></Node>
<StgValue><ssdm name="zext_ln446"/></StgValue>
</operation>

<operation id="44" st_id="4" stage="1" lat="1">
<core>AddSub</core>
<MemPortIdVec></MemPortIdVec>
<condition id="-1">
<or_exp><and_exp><literal name="icmp_ln64" val="0"/>
</and_exp></or_exp>
</condition>

<Node id="47" bw="15" op_0_bw="15" op_1_bw="15">
<![CDATA[
_ZmlILi16ELi8ELb1EL9ap_q_mode5EL9ap_o_mode3ELi0ELi1ELb0EEN13ap_fixed_baseIXT_EXT0_EXT1_ELS0_5ELS1_3ELi0EE5RTypeIXT5_EXT5_EXT6_EE4multERKS2_IXT_EXT0_EXT1_EXT2_EXT3_EXT4_EERK11ap_int_baseIXT5_EXT6_EE.exit:7  %add_ln446 = add i15 %zext_ln203_5, %zext_ln446

]]></Node>
<StgValue><ssdm name="add_ln446"/></StgValue>
</operation>

<operation id="45" st_id="4" stage="1" lat="1">
<core>NULL</core>
<MemPortIdVec></MemPortIdVec>
<condition id="-1">
<or_exp><and_exp><literal name="icmp_ln64" val="0"/>
</and_exp></or_exp>
</condition>

<Node id="48" bw="64" op_0_bw="15">
<![CDATA[
_ZmlILi16ELi8ELb1EL9ap_q_mode5EL9ap_o_mode3ELi0ELi1ELb0EEN13ap_fixed_baseIXT_EXT0_EXT1_ELS0_5ELS1_3ELi0EE5RTypeIXT5_EXT5_EXT6_EE4multERKS2_IXT_EXT0_EXT1_EXT2_EXT3_EXT4_EERK11ap_int_baseIXT5_EXT6_EE.exit:8  %zext_ln446_1 = zext i15 %add_ln446 to i64

]]></Node>
<StgValue><ssdm name="zext_ln446_1"/></StgValue>
</operation>

<operation id="46" st_id="4" stage="1" lat="1">
<core>NULL</core>
<MemPortIdVec></MemPortIdVec>
<condition id="-1">
<or_exp><and_exp><literal name="icmp_ln64" val="0"/>
</and_exp></or_exp>
</condition>

<Node id="49" bw="13" op_0_bw="1" op_1_bw="64" op_2_bw="64">
<![CDATA[
_ZmlILi16ELi8ELb1EL9ap_q_mode5EL9ap_o_mode3ELi0ELi1ELb0EEN13ap_fixed_baseIXT_EXT0_EXT1_ELS0_5ELS1_3ELi0EE5RTypeIXT5_EXT5_EXT6_EE4multERKS2_IXT_EXT0_EXT1_EXT2_EXT3_EXT4_EERK11ap_int_baseIXT5_EXT6_EE.exit:9  %matriceB_V_addr = getelementptr [8192 x i1]* %matriceB_V, i64 0, i64 %zext_ln446_1

]]></Node>
<StgValue><ssdm name="matriceB_V_addr"/></StgValue>
</operation>

<operation id="47" st_id="4" stage="2" lat="2">
<core>RAM</core>
<MemPortIdVec></MemPortIdVec>
<condition id="-1">
<or_exp><and_exp><literal name="icmp_ln64" val="0"/>
</and_exp></or_exp>
</condition>

<Node id="50" bw="1" op_0_bw="13">
<![CDATA[
_ZmlILi16ELi8ELb1EL9ap_q_mode5EL9ap_o_mode3ELi0ELi1ELb0EEN13ap_fixed_baseIXT_EXT0_EXT1_ELS0_5ELS1_3ELi0EE5RTypeIXT5_EXT5_EXT6_EE4multERKS2_IXT_EXT0_EXT1_EXT2_EXT3_EXT4_EERK11ap_int_baseIXT5_EXT6_EE.exit:10  %tmp_V = load i1* %matriceB_V_addr, align 1

]]></Node>
<StgValue><ssdm name="tmp_V"/></StgValue>
</operation>

<operation id="48" st_id="4" stage="2" lat="2">
<core>RAM</core>
<MemPortIdVec></MemPortIdVec>
<condition id="-1">
<or_exp><and_exp><literal name="icmp_ln64" val="0"/>
</and_exp></or_exp>
</condition>

<Node id="51" bw="16" op_0_bw="16">
<![CDATA[
_ZmlILi16ELi8ELb1EL9ap_q_mode5EL9ap_o_mode3ELi0ELi1ELb0EEN13ap_fixed_baseIXT_EXT0_EXT1_ELS0_5ELS1_3ELi0EE5RTypeIXT5_EXT5_EXT6_EE4multERKS2_IXT_EXT0_EXT1_EXT2_EXT3_EXT4_EERK11ap_int_baseIXT5_EXT6_EE.exit:11  %matriceA_V_load = load i16* %matriceA_V_addr, align 2

]]></Node>
<StgValue><ssdm name="matriceA_V_load"/></StgValue>
</operation>

<operation id="49" st_id="4" stage="1" lat="1">
<core>NULL</core>
<MemPortIdVec></MemPortIdVec>
<condition id="-1">
<or_exp><and_exp><literal name="icmp_ln64" val="1"/>
</and_exp></or_exp>
</condition>

<Node id="58" bw="32" op_0_bw="32" op_1_bw="0" op_2_bw="32">
<![CDATA[
multmat_label1_end:0  %empty_45 = call i32 (...)* @_ssdm_op_SpecRegionEnd([15 x i8]* @p_str3, i32 %tmp)

]]></Node>
<StgValue><ssdm name="empty_45"/></StgValue>
</operation>

<operation id="50" st_id="4" stage="1" lat="1">
<core>NULL</core>
<MemPortIdVec></MemPortIdVec>
<condition id="-1">
<or_exp><and_exp><literal name="icmp_ln64" val="1"/>
</and_exp></or_exp>
</condition>

<Node id="59" bw="0" op_0_bw="0">
<![CDATA[
multmat_label1_end:1  br label %.preheader

]]></Node>
<StgValue><ssdm name="br_ln61"/></StgValue>
</operation>
</state>

<state id="5" st_id="5">

<operation id="51" st_id="5" stage="1" lat="1">
<core>NULL</core>
<MemPortIdVec></MemPortIdVec>
<condition id="-1">
<or_exp><and_exp></and_exp></or_exp>
</condition>

<Node id="40" bw="0" op_0_bw="0" op_1_bw="0">
<![CDATA[
_ZmlILi16ELi8ELb1EL9ap_q_mode5EL9ap_o_mode3ELi0ELi1ELb0EEN13ap_fixed_baseIXT_EXT0_EXT1_ELS0_5ELS1_3ELi0EE5RTypeIXT5_EXT5_EXT6_EE4multERKS2_IXT_EXT0_EXT1_EXT2_EXT3_EXT4_EERK11ap_int_baseIXT5_EXT6_EE.exit:0  call void (...)* @_ssdm_op_SpecLoopName([15 x i8]* @p_str2) nounwind

]]></Node>
<StgValue><ssdm name="specloopname_ln65"/></StgValue>
</operation>

<operation id="52" st_id="5" stage="1" lat="2">
<core>RAM</core>
<MemPortIdVec></MemPortIdVec>
<condition id="-1">
<or_exp><and_exp></and_exp></or_exp>
</condition>

<Node id="50" bw="1" op_0_bw="13">
<![CDATA[
_ZmlILi16ELi8ELb1EL9ap_q_mode5EL9ap_o_mode3ELi0ELi1ELb0EEN13ap_fixed_baseIXT_EXT0_EXT1_ELS0_5ELS1_3ELi0EE5RTypeIXT5_EXT5_EXT6_EE4multERKS2_IXT_EXT0_EXT1_EXT2_EXT3_EXT4_EERK11ap_int_baseIXT5_EXT6_EE.exit:10  %tmp_V = load i1* %matriceB_V_addr, align 1

]]></Node>
<StgValue><ssdm name="tmp_V"/></StgValue>
</operation>

<operation id="53" st_id="5" stage="1" lat="2">
<core>RAM</core>
<MemPortIdVec></MemPortIdVec>
<condition id="-1">
<or_exp><and_exp></and_exp></or_exp>
</condition>

<Node id="51" bw="16" op_0_bw="16">
<![CDATA[
_ZmlILi16ELi8ELb1EL9ap_q_mode5EL9ap_o_mode3ELi0ELi1ELb0EEN13ap_fixed_baseIXT_EXT0_EXT1_ELS0_5ELS1_3ELi0EE5RTypeIXT5_EXT5_EXT6_EE4multERKS2_IXT_EXT0_EXT1_EXT2_EXT3_EXT4_EERK11ap_int_baseIXT5_EXT6_EE.exit:11  %matriceA_V_load = load i16* %matriceA_V_addr, align 2

]]></Node>
<StgValue><ssdm name="matriceA_V_load"/></StgValue>
</operation>

<operation id="54" st_id="5" stage="1" lat="1">
<core>Sel</core>
<MemPortIdVec></MemPortIdVec>
<condition id="-1">
<or_exp><and_exp></and_exp></or_exp>
</condition>

<Node id="52" bw="16" op_0_bw="1" op_1_bw="16" op_2_bw="16">
<![CDATA[
_ZmlILi16ELi8ELb1EL9ap_q_mode5EL9ap_o_mode3ELi0ELi1ELb0EEN13ap_fixed_baseIXT_EXT0_EXT1_ELS0_5ELS1_3ELi0EE5RTypeIXT5_EXT5_EXT6_EE4multERKS2_IXT_EXT0_EXT1_EXT2_EXT3_EXT4_EERK11ap_int_baseIXT5_EXT6_EE.exit:12  %select_ln1118 = select i1 %tmp_V, i16 -1, i16 0

]]></Node>
<StgValue><ssdm name="select_ln1118"/></StgValue>
</operation>

<operation id="55" st_id="5" stage="1" lat="1">
<core>LogicGate</core>
<MemPortIdVec></MemPortIdVec>
<condition id="-1">
<or_exp><and_exp></and_exp></or_exp>
</condition>

<Node id="53" bw="16" op_0_bw="16" op_1_bw="16">
<![CDATA[
_ZmlILi16ELi8ELb1EL9ap_q_mode5EL9ap_o_mode3ELi0ELi1ELb0EEN13ap_fixed_baseIXT_EXT0_EXT1_ELS0_5ELS1_3ELi0EE5RTypeIXT5_EXT5_EXT6_EE4multERKS2_IXT_EXT0_EXT1_EXT2_EXT3_EXT4_EERK11ap_int_baseIXT5_EXT6_EE.exit:13  %r_V = and i16 %matriceA_V_load, %select_ln1118

]]></Node>
<StgValue><ssdm name="r_V"/></StgValue>
</operation>

<operation id="56" st_id="5" stage="1" lat="1">
<core>NULL</core>
<MemPortIdVec></MemPortIdVec>
<condition id="-1">
<or_exp><and_exp></and_exp></or_exp>
</condition>

<Node id="54" bw="24" op_0_bw="16">
<![CDATA[
_ZmlILi16ELi8ELb1EL9ap_q_mode5EL9ap_o_mode3ELi0ELi1ELb0EEN13ap_fixed_baseIXT_EXT0_EXT1_ELS0_5ELS1_3ELi0EE5RTypeIXT5_EXT5_EXT6_EE4multERKS2_IXT_EXT0_EXT1_EXT2_EXT3_EXT4_EERK11ap_int_baseIXT5_EXT6_EE.exit:14  %sext_ln703 = sext i16 %r_V to i24

]]></Node>
<StgValue><ssdm name="sext_ln703"/></StgValue>
</operation>

<operation id="57" st_id="5" stage="1" lat="1">
<core>AddSub</core>
<MemPortIdVec></MemPortIdVec>
<condition id="-1">
<or_exp><and_exp></and_exp></or_exp>
</condition>

<Node id="55" bw="24" op_0_bw="24" op_1_bw="24">
<![CDATA[
_ZmlILi16ELi8ELb1EL9ap_q_mode5EL9ap_o_mode3ELi0ELi1ELb0EEN13ap_fixed_baseIXT_EXT0_EXT1_ELS0_5ELS1_3ELi0EE5RTypeIXT5_EXT5_EXT6_EE4multERKS2_IXT_EXT0_EXT1_EXT2_EXT3_EXT4_EERK11ap_int_baseIXT5_EXT6_EE.exit:15  %add_ln703 = add i24 %sext_ln703, %p_Val2_s

]]></Node>
<StgValue><ssdm name="add_ln703"/></StgValue>
</operation>

<operation id="58" st_id="5" stage="1" lat="1">
<core>NULL</core>
<MemPortIdVec></MemPortIdVec>
<condition id="-1">
<or_exp><and_exp></and_exp></or_exp>
</condition>

<Node id="56" bw="0" op_0_bw="0">
<![CDATA[
_ZmlILi16ELi8ELb1EL9ap_q_mode5EL9ap_o_mode3ELi0ELi1ELb0EEN13ap_fixed_baseIXT_EXT0_EXT1_ELS0_5ELS1_3ELi0EE5RTypeIXT5_EXT5_EXT6_EE4multERKS2_IXT_EXT0_EXT1_EXT2_EXT3_EXT4_EERK11ap_int_baseIXT5_EXT6_EE.exit:16  br label %1

]]></Node>
<StgValue><ssdm name="br_ln64"/></StgValue>
</operation>
</state>
</state_list>


<ports>
</ports>


<dataflows>
</dataflows>


</stg>
