<profile>

<section name = "Vivado HLS Report for 'BlocLinear_1'" level="0">
<item name = "Date">Thu Dec 19 10:27:23 2024
</item>
<item name = "Version">2019.2 (Build 2704478 on Wed Nov 06 22:10:23 MST 2019)</item>
<item name = "Project">Matrice_binaire</item>
<item name = "Solution">solution1</item>
<item name = "Product family">artix7</item>
<item name = "Target device">xc7a200t-sbv484-1</item>
</section>

<section name = "Performance Estimates" level="0">
<item name = "Timing">
<section name = "" level="1">
<item name = "Summary"><table name="" hasTotal="0">
<keys size="4">Clock, Target, Estimated, Uncertainty</keys>
<column name="ap_clk">10.00 ns, 5.681 ns, 1.25 ns</column>
</table>
</item>
</section>
</item>
<item name = "Latency">
<section name = "" level="1">
<item name = "Summary"><table name="" hasTotal="0">
<keys size="8">, min, max, min, max, min, max, Type</keys>
<column name="">4211201, 4211201, 42.112 ms, 42.112 ms, 4211201, 4211201, none</column>
</table>
</item>
<item name = "Detail">
<section name = "" level="1">
<item name = "Instance"><table name="" hasTotal="0">
<keys size="9">Instance, Module, min, max, min, max, min, max, Type</keys>
</table>
</item>
<item name = "Loop"><table name="" hasTotal="0">
<keys size="8">Loop Name, min, max, Latency, achieved, target, Count, Pipelined</keys>
<column name="- Loop 1">4211200, 4211200, 16450, -, -, 256, no</column>
<column name=" + multmat_label1">16448, 16448, 514, -, -, 32, no</column>
<column name="  ++ multmat_label0">512, 512, 2, -, -, 256, no</column>
</table>
</item>
</section>
</item>
</section>
</item>
</section>
</profile>
