<stg><name>BlocLinear512</name>


<trans_list>

<trans id="63" from="1" to="2">
<condition id="-1">
<or_exp><and_exp></and_exp></or_exp>
</condition>
</trans>

<trans id="64" from="2" to="3">
<condition id="-1">
<or_exp><and_exp><literal name="icmp_ln76" val="0"/>
</and_exp></or_exp>
</condition>
</trans>

<trans id="65" from="3" to="4">
<condition id="-1">
<or_exp><and_exp><literal name="icmp_ln78" val="0"/>
</and_exp></or_exp>
</condition>
</trans>

<trans id="70" from="3" to="2">
<condition id="-1">
<or_exp><and_exp><literal name="icmp_ln78" val="1"/>
</and_exp></or_exp>
</condition>
</trans>

<trans id="66" from="4" to="5">
<condition id="-1">
<or_exp><and_exp><literal name="icmp_ln81" val="0"/>
</and_exp></or_exp>
</condition>
</trans>

<trans id="69" from="4" to="3">
<condition id="-1">
<or_exp><and_exp><literal name="icmp_ln81" val="1"/>
</and_exp></or_exp>
</condition>
</trans>

<trans id="68" from="5" to="4">
<condition id="-1">
<or_exp><and_exp></and_exp></or_exp>
</condition>
</trans>
</trans_list>



<state_list>

<state id="1" st_id="1">

<operation id="6" st_id="1" stage="1" lat="1">
<core>NULL</core>
<MemPortIdVec></MemPortIdVec>
<condition id="-1">
<or_exp><and_exp></and_exp></or_exp>
</condition>

<Node id="4" bw="0" op_0_bw="0">
<![CDATA[
:0  br label %.loopexit

]]></Node>
<StgValue><ssdm name="br_ln76"/></StgValue>
</operation>
</state>

<state id="2" st_id="2">

<operation id="7" st_id="2" stage="1" lat="1">
<core>NULL</core>
<MemPortIdVec></MemPortIdVec>
<condition id="-1">
<or_exp><and_exp></and_exp></or_exp>
</condition>

<Node id="6" bw="10" op_0_bw="10" op_1_bw="0" op_2_bw="10" op_3_bw="0">
<![CDATA[
.loopexit:0  %i_0 = phi i10 [ 0, %0 ], [ %i, %.loopexit.loopexit ]

]]></Node>
<StgValue><ssdm name="i_0"/></StgValue>
</operation>

<operation id="8" st_id="2" stage="1" lat="1">
<core>Cmp</core>
<MemPortIdVec></MemPortIdVec>
<condition id="-1">
<or_exp><and_exp></and_exp></or_exp>
</condition>

<Node id="7" bw="1" op_0_bw="10" op_1_bw="10">
<![CDATA[
.loopexit:1  %icmp_ln76 = icmp eq i10 %i_0, -512

]]></Node>
<StgValue><ssdm name="icmp_ln76"/></StgValue>
</operation>

<operation id="9" st_id="2" stage="1" lat="1">
<core>NULL</core>
<MemPortIdVec></MemPortIdVec>
<condition id="-1">
<or_exp><and_exp></and_exp></or_exp>
</condition>

<Node id="8" bw="32" op_0_bw="32" op_1_bw="64" op_2_bw="64" op_3_bw="64">
<![CDATA[
.loopexit:2  %empty = call i32 (...)* @_ssdm_op_SpecLoopTripCount(i64 512, i64 512, i64 512)

]]></Node>
<StgValue><ssdm name="empty"/></StgValue>
</operation>

<operation id="10" st_id="2" stage="1" lat="1">
<core>AddSub</core>
<MemPortIdVec></MemPortIdVec>
<condition id="-1">
<or_exp><and_exp></and_exp></or_exp>
</condition>

<Node id="9" bw="10" op_0_bw="10" op_1_bw="10">
<![CDATA[
.loopexit:3  %i = add i10 %i_0, 1

]]></Node>
<StgValue><ssdm name="i"/></StgValue>
</operation>

<operation id="11" st_id="2" stage="1" lat="1">
<core>NULL</core>
<MemPortIdVec></MemPortIdVec>
<condition id="-1">
<or_exp><and_exp></and_exp></or_exp>
</condition>

<Node id="10" bw="0" op_0_bw="1" op_1_bw="0" op_2_bw="0">
<![CDATA[
.loopexit:4  br i1 %icmp_ln76, label %2, label %.preheader.preheader

]]></Node>
<StgValue><ssdm name="br_ln76"/></StgValue>
</operation>

<operation id="12" st_id="2" stage="1" lat="1">
<core>NULL</core>
<MemPortIdVec></MemPortIdVec>
<condition id="-1">
<or_exp><and_exp><literal name="icmp_ln76" val="0"/>
</and_exp></or_exp>
</condition>

<Node id="12" bw="18" op_0_bw="18" op_1_bw="10" op_2_bw="8">
<![CDATA[
.preheader.preheader:0  %tmp_8 = call i18 @_ssdm_op_BitConcatenate.i18.i10.i8(i10 %i_0, i8 0)

]]></Node>
<StgValue><ssdm name="tmp_8"/></StgValue>
</operation>

<operation id="13" st_id="2" stage="1" lat="1">
<core>NULL</core>
<MemPortIdVec></MemPortIdVec>
<condition id="-1">
<or_exp><and_exp><literal name="icmp_ln76" val="0"/>
</and_exp></or_exp>
</condition>

<Node id="13" bw="19" op_0_bw="18">
<![CDATA[
.preheader.preheader:1  %zext_ln203 = zext i18 %tmp_8 to i19

]]></Node>
<StgValue><ssdm name="zext_ln203"/></StgValue>
</operation>

<operation id="14" st_id="2" stage="1" lat="1">
<core>NULL</core>
<MemPortIdVec></MemPortIdVec>
<condition id="-1">
<or_exp><and_exp><literal name="icmp_ln76" val="0"/>
</and_exp></or_exp>
</condition>

<Node id="14" bw="15" op_0_bw="15" op_1_bw="10" op_2_bw="5">
<![CDATA[
.preheader.preheader:2  %tmp_9 = call i15 @_ssdm_op_BitConcatenate.i15.i10.i5(i10 %i_0, i5 0)

]]></Node>
<StgValue><ssdm name="tmp_9"/></StgValue>
</operation>

<operation id="15" st_id="2" stage="1" lat="1">
<core>NULL</core>
<MemPortIdVec></MemPortIdVec>
<condition id="-1">
<or_exp><and_exp><literal name="icmp_ln76" val="0"/>
</and_exp></or_exp>
</condition>

<Node id="15" bw="16" op_0_bw="15">
<![CDATA[
.preheader.preheader:3  %zext_ln78 = zext i15 %tmp_9 to i16

]]></Node>
<StgValue><ssdm name="zext_ln78"/></StgValue>
</operation>

<operation id="16" st_id="2" stage="1" lat="1">
<core>NULL</core>
<MemPortIdVec></MemPortIdVec>
<condition id="-1">
<or_exp><and_exp><literal name="icmp_ln76" val="0"/>
</and_exp></or_exp>
</condition>

<Node id="16" bw="0" op_0_bw="0">
<![CDATA[
.preheader.preheader:4  br label %.preheader

]]></Node>
<StgValue><ssdm name="br_ln78"/></StgValue>
</operation>

<operation id="17" st_id="2" stage="1" lat="1">
<core>NULL</core>
<MemPortIdVec></MemPortIdVec>
<condition id="-1">
<or_exp><and_exp><literal name="icmp_ln76" val="1"/>
</and_exp></or_exp>
</condition>

<Node id="67" bw="0">
<![CDATA[
:0  ret void

]]></Node>
<StgValue><ssdm name="ret_ln87"/></StgValue>
</operation>
</state>

<state id="3" st_id="3">

<operation id="18" st_id="3" stage="1" lat="1">
<core>NULL</core>
<MemPortIdVec></MemPortIdVec>
<condition id="-1">
<or_exp><and_exp></and_exp></or_exp>
</condition>

<Node id="18" bw="6" op_0_bw="6" op_1_bw="0" op_2_bw="6" op_3_bw="0">
<![CDATA[
.preheader:0  %j_0 = phi i6 [ %j, %multmat_label1_end ], [ 0, %.preheader.preheader ]

]]></Node>
<StgValue><ssdm name="j_0"/></StgValue>
</operation>

<operation id="19" st_id="3" stage="1" lat="1">
<core>Cmp</core>
<MemPortIdVec></MemPortIdVec>
<condition id="-1">
<or_exp><and_exp></and_exp></or_exp>
</condition>

<Node id="19" bw="1" op_0_bw="6" op_1_bw="6">
<![CDATA[
.preheader:1  %icmp_ln78 = icmp eq i6 %j_0, -32

]]></Node>
<StgValue><ssdm name="icmp_ln78"/></StgValue>
</operation>

<operation id="20" st_id="3" stage="1" lat="1">
<core>NULL</core>
<MemPortIdVec></MemPortIdVec>
<condition id="-1">
<or_exp><and_exp></and_exp></or_exp>
</condition>

<Node id="20" bw="32" op_0_bw="32" op_1_bw="64" op_2_bw="64" op_3_bw="64">
<![CDATA[
.preheader:2  %empty_40 = call i32 (...)* @_ssdm_op_SpecLoopTripCount(i64 32, i64 32, i64 32)

]]></Node>
<StgValue><ssdm name="empty_40"/></StgValue>
</operation>

<operation id="21" st_id="3" stage="1" lat="1">
<core>AddSub</core>
<MemPortIdVec></MemPortIdVec>
<condition id="-1">
<or_exp><and_exp></and_exp></or_exp>
</condition>

<Node id="21" bw="6" op_0_bw="6" op_1_bw="6">
<![CDATA[
.preheader:3  %j = add i6 %j_0, 1

]]></Node>
<StgValue><ssdm name="j"/></StgValue>
</operation>

<operation id="22" st_id="3" stage="1" lat="1">
<core>NULL</core>
<MemPortIdVec></MemPortIdVec>
<condition id="-1">
<or_exp><and_exp></and_exp></or_exp>
</condition>

<Node id="22" bw="0" op_0_bw="1" op_1_bw="0" op_2_bw="0">
<![CDATA[
.preheader:4  br i1 %icmp_ln78, label %.loopexit.loopexit, label %multmat_label1_begin

]]></Node>
<StgValue><ssdm name="br_ln78"/></StgValue>
</operation>

<operation id="23" st_id="3" stage="1" lat="1">
<core>NULL</core>
<MemPortIdVec></MemPortIdVec>
<condition id="-1">
<or_exp><and_exp><literal name="icmp_ln78" val="0"/>
</and_exp></or_exp>
</condition>

<Node id="24" bw="0" op_0_bw="0" op_1_bw="0">
<![CDATA[
multmat_label1_begin:0  call void (...)* @_ssdm_op_SpecLoopName([15 x i8]* @p_str3) nounwind

]]></Node>
<StgValue><ssdm name="specloopname_ln79"/></StgValue>
</operation>

<operation id="24" st_id="3" stage="1" lat="1">
<core>NULL</core>
<MemPortIdVec></MemPortIdVec>
<condition id="-1">
<or_exp><and_exp><literal name="icmp_ln78" val="0"/>
</and_exp></or_exp>
</condition>

<Node id="25" bw="32" op_0_bw="32" op_1_bw="0">
<![CDATA[
multmat_label1_begin:1  %tmp = call i32 (...)* @_ssdm_op_SpecRegionBegin([15 x i8]* @p_str3)

]]></Node>
<StgValue><ssdm name="tmp"/></StgValue>
</operation>

<operation id="25" st_id="3" stage="1" lat="1">
<core>NULL</core>
<MemPortIdVec></MemPortIdVec>
<condition id="-1">
<or_exp><and_exp><literal name="icmp_ln78" val="0"/>
</and_exp></or_exp>
</condition>

<Node id="26" bw="15" op_0_bw="6">
<![CDATA[
multmat_label1_begin:2  %zext_ln203_2 = zext i6 %j_0 to i15

]]></Node>
<StgValue><ssdm name="zext_ln203_2"/></StgValue>
</operation>

<operation id="26" st_id="3" stage="1" lat="1">
<core>NULL</core>
<MemPortIdVec></MemPortIdVec>
<condition id="-1">
<or_exp><and_exp><literal name="icmp_ln78" val="0"/>
</and_exp></or_exp>
</condition>

<Node id="27" bw="16" op_0_bw="6">
<![CDATA[
multmat_label1_begin:3  %zext_ln203_3 = zext i6 %j_0 to i16

]]></Node>
<StgValue><ssdm name="zext_ln203_3"/></StgValue>
</operation>

<operation id="27" st_id="3" stage="1" lat="1">
<core>AddSub</core>
<MemPortIdVec></MemPortIdVec>
<condition id="-1">
<or_exp><and_exp><literal name="icmp_ln78" val="0"/>
</and_exp></or_exp>
</condition>

<Node id="28" bw="16" op_0_bw="16" op_1_bw="16">
<![CDATA[
multmat_label1_begin:4  %add_ln203 = add i16 %zext_ln78, %zext_ln203_3

]]></Node>
<StgValue><ssdm name="add_ln203"/></StgValue>
</operation>

<operation id="28" st_id="3" stage="1" lat="1">
<core>NULL</core>
<MemPortIdVec></MemPortIdVec>
<condition id="-1">
<or_exp><and_exp><literal name="icmp_ln78" val="0"/>
</and_exp></or_exp>
</condition>

<Node id="29" bw="64" op_0_bw="16">
<![CDATA[
multmat_label1_begin:5  %zext_ln203_4 = zext i16 %add_ln203 to i64

]]></Node>
<StgValue><ssdm name="zext_ln203_4"/></StgValue>
</operation>

<operation id="29" st_id="3" stage="1" lat="1">
<core>NULL</core>
<MemPortIdVec></MemPortIdVec>
<condition id="-1">
<or_exp><and_exp><literal name="icmp_ln78" val="0"/>
</and_exp></or_exp>
</condition>

<Node id="30" bw="14" op_0_bw="24" op_1_bw="64" op_2_bw="64">
<![CDATA[
multmat_label1_begin:6  %matriceC_V_addr = getelementptr [16384 x i24]* %matriceC_V, i64 0, i64 %zext_ln203_4

]]></Node>
<StgValue><ssdm name="matriceC_V_addr"/></StgValue>
</operation>

<operation id="30" st_id="3" stage="1" lat="1">
<core>NULL</core>
<MemPortIdVec></MemPortIdVec>
<condition id="-1">
<or_exp><and_exp><literal name="icmp_ln78" val="0"/>
</and_exp></or_exp>
</condition>

<Node id="31" bw="0" op_0_bw="0">
<![CDATA[
multmat_label1_begin:7  br label %1

]]></Node>
<StgValue><ssdm name="br_ln81"/></StgValue>
</operation>

<operation id="31" st_id="3" stage="1" lat="1">
<core>NULL</core>
<MemPortIdVec></MemPortIdVec>
<condition id="-1">
<or_exp><and_exp><literal name="icmp_ln78" val="1"/>
</and_exp></or_exp>
</condition>

<Node id="65" bw="0" op_0_bw="0">
<![CDATA[
.loopexit.loopexit:0  br label %.loopexit

]]></Node>
<StgValue><ssdm name="br_ln0"/></StgValue>
</operation>
</state>

<state id="4" st_id="4">

<operation id="32" st_id="4" stage="1" lat="1">
<core>NULL</core>
<MemPortIdVec></MemPortIdVec>
<condition id="-1">
<or_exp><and_exp></and_exp></or_exp>
</condition>

<Node id="33" bw="24" op_0_bw="24" op_1_bw="0" op_2_bw="24" op_3_bw="0">
<![CDATA[
:0  %p_Val2_s = phi i24 [ 0, %multmat_label1_begin ], [ %trunc_ln, %_ZN13ap_fixed_baseILi39ELi17ELb1EL9ap_q_mode5EL9ap_o_mode3ELi0EEC1ILi24ELi16ELb1ELS0_5ELS1_3ELi0EEERKS_IXT_EXT0_EXT1_EXT2_EXT3_EXT4_EE.exit.i.i ]

]]></Node>
<StgValue><ssdm name="p_Val2_s"/></StgValue>
</operation>

<operation id="33" st_id="4" stage="1" lat="1">
<core>NULL</core>
<MemPortIdVec></MemPortIdVec>
<condition id="-1">
<or_exp><and_exp></and_exp></or_exp>
</condition>

<Node id="34" bw="9" op_0_bw="9" op_1_bw="0" op_2_bw="9" op_3_bw="0">
<![CDATA[
:1  %k_0 = phi i9 [ 0, %multmat_label1_begin ], [ %k, %_ZN13ap_fixed_baseILi39ELi17ELb1EL9ap_q_mode5EL9ap_o_mode3ELi0EEC1ILi24ELi16ELb1ELS0_5ELS1_3ELi0EEERKS_IXT_EXT0_EXT1_EXT2_EXT3_EXT4_EE.exit.i.i ]

]]></Node>
<StgValue><ssdm name="k_0"/></StgValue>
</operation>

<operation id="34" st_id="4" stage="1" lat="1">
<core>RAM</core>
<MemPortIdVec></MemPortIdVec>
<condition id="-1">
<or_exp><and_exp></and_exp></or_exp>
</condition>

<Node id="35" bw="0" op_0_bw="24" op_1_bw="14">
<![CDATA[
:2  store i24 %p_Val2_s, i24* %matriceC_V_addr, align 4

]]></Node>
<StgValue><ssdm name="store_ln83"/></StgValue>
</operation>

<operation id="35" st_id="4" stage="1" lat="1">
<core>Cmp</core>
<MemPortIdVec></MemPortIdVec>
<condition id="-1">
<or_exp><and_exp></and_exp></or_exp>
</condition>

<Node id="36" bw="1" op_0_bw="9" op_1_bw="9">
<![CDATA[
:3  %icmp_ln81 = icmp eq i9 %k_0, -256

]]></Node>
<StgValue><ssdm name="icmp_ln81"/></StgValue>
</operation>

<operation id="36" st_id="4" stage="1" lat="1">
<core>NULL</core>
<MemPortIdVec></MemPortIdVec>
<condition id="-1">
<or_exp><and_exp></and_exp></or_exp>
</condition>

<Node id="37" bw="32" op_0_bw="32" op_1_bw="64" op_2_bw="64" op_3_bw="64">
<![CDATA[
:4  %empty_41 = call i32 (...)* @_ssdm_op_SpecLoopTripCount(i64 256, i64 256, i64 256)

]]></Node>
<StgValue><ssdm name="empty_41"/></StgValue>
</operation>

<operation id="37" st_id="4" stage="1" lat="1">
<core>AddSub</core>
<MemPortIdVec></MemPortIdVec>
<condition id="-1">
<or_exp><and_exp></and_exp></or_exp>
</condition>

<Node id="38" bw="9" op_0_bw="9" op_1_bw="9">
<![CDATA[
:5  %k = add i9 %k_0, 1

]]></Node>
<StgValue><ssdm name="k"/></StgValue>
</operation>

<operation id="38" st_id="4" stage="1" lat="1">
<core>NULL</core>
<MemPortIdVec></MemPortIdVec>
<condition id="-1">
<or_exp><and_exp></and_exp></or_exp>
</condition>

<Node id="39" bw="0" op_0_bw="1" op_1_bw="0" op_2_bw="0">
<![CDATA[
:6  br i1 %icmp_ln81, label %multmat_label1_end, label %_ZN13ap_fixed_baseILi39ELi17ELb1EL9ap_q_mode5EL9ap_o_mode3ELi0EEC1ILi24ELi16ELb1ELS0_5ELS1_3ELi0EEERKS_IXT_EXT0_EXT1_EXT2_EXT3_EXT4_EE.exit.i.i

]]></Node>
<StgValue><ssdm name="br_ln81"/></StgValue>
</operation>

<operation id="39" st_id="4" stage="1" lat="1">
<core>NULL</core>
<MemPortIdVec></MemPortIdVec>
<condition id="-1">
<or_exp><and_exp><literal name="icmp_ln81" val="0"/>
</and_exp></or_exp>
</condition>

<Node id="42" bw="19" op_0_bw="9">
<![CDATA[
_ZN13ap_fixed_baseILi39ELi17ELb1EL9ap_q_mode5EL9ap_o_mode3ELi0EEC1ILi24ELi16ELb1ELS0_5ELS1_3ELi0EEERKS_IXT_EXT0_EXT1_EXT2_EXT3_EXT4_EE.exit.i.i:1  %zext_ln1116 = zext i9 %k_0 to i19

]]></Node>
<StgValue><ssdm name="zext_ln1116"/></StgValue>
</operation>

<operation id="40" st_id="4" stage="1" lat="1">
<core>AddSub</core>
<MemPortIdVec></MemPortIdVec>
<condition id="-1">
<or_exp><and_exp><literal name="icmp_ln81" val="0"/>
</and_exp></or_exp>
</condition>

<Node id="43" bw="19" op_0_bw="19" op_1_bw="19">
<![CDATA[
_ZN13ap_fixed_baseILi39ELi17ELb1EL9ap_q_mode5EL9ap_o_mode3ELi0EEC1ILi24ELi16ELb1ELS0_5ELS1_3ELi0EEERKS_IXT_EXT0_EXT1_EXT2_EXT3_EXT4_EE.exit.i.i:2  %add_ln1116 = add i19 %zext_ln1116, %zext_ln203

]]></Node>
<StgValue><ssdm name="add_ln1116"/></StgValue>
</operation>

<operation id="41" st_id="4" stage="1" lat="1">
<core>NULL</core>
<MemPortIdVec></MemPortIdVec>
<condition id="-1">
<or_exp><and_exp><literal name="icmp_ln81" val="0"/>
</and_exp></or_exp>
</condition>

<Node id="44" bw="64" op_0_bw="19">
<![CDATA[
_ZN13ap_fixed_baseILi39ELi17ELb1EL9ap_q_mode5EL9ap_o_mode3ELi0EEC1ILi24ELi16ELb1ELS0_5ELS1_3ELi0EEERKS_IXT_EXT0_EXT1_EXT2_EXT3_EXT4_EE.exit.i.i:3  %zext_ln1116_1 = zext i19 %add_ln1116 to i64

]]></Node>
<StgValue><ssdm name="zext_ln1116_1"/></StgValue>
</operation>

<operation id="42" st_id="4" stage="1" lat="1">
<core>NULL</core>
<MemPortIdVec></MemPortIdVec>
<condition id="-1">
<or_exp><and_exp><literal name="icmp_ln81" val="0"/>
</and_exp></or_exp>
</condition>

<Node id="45" bw="17" op_0_bw="16" op_1_bw="64" op_2_bw="64">
<![CDATA[
_ZN13ap_fixed_baseILi39ELi17ELb1EL9ap_q_mode5EL9ap_o_mode3ELi0EEC1ILi24ELi16ELb1ELS0_5ELS1_3ELi0EEERKS_IXT_EXT0_EXT1_EXT2_EXT3_EXT4_EE.exit.i.i:4  %matriceA_V_addr = getelementptr [131072 x i16]* %matriceA_V, i64 0, i64 %zext_ln1116_1

]]></Node>
<StgValue><ssdm name="matriceA_V_addr"/></StgValue>
</operation>

<operation id="43" st_id="4" stage="1" lat="1">
<core>NULL</core>
<MemPortIdVec></MemPortIdVec>
<condition id="-1">
<or_exp><and_exp><literal name="icmp_ln81" val="0"/>
</and_exp></or_exp>
</condition>

<Node id="46" bw="14" op_0_bw="14" op_1_bw="9" op_2_bw="5">
<![CDATA[
_ZN13ap_fixed_baseILi39ELi17ELb1EL9ap_q_mode5EL9ap_o_mode3ELi0EEC1ILi24ELi16ELb1ELS0_5ELS1_3ELi0EEERKS_IXT_EXT0_EXT1_EXT2_EXT3_EXT4_EE.exit.i.i:5  %tmp_s = call i14 @_ssdm_op_BitConcatenate.i14.i9.i5(i9 %k_0, i5 0)

]]></Node>
<StgValue><ssdm name="tmp_s"/></StgValue>
</operation>

<operation id="44" st_id="4" stage="1" lat="1">
<core>NULL</core>
<MemPortIdVec></MemPortIdVec>
<condition id="-1">
<or_exp><and_exp><literal name="icmp_ln81" val="0"/>
</and_exp></or_exp>
</condition>

<Node id="47" bw="15" op_0_bw="14">
<![CDATA[
_ZN13ap_fixed_baseILi39ELi17ELb1EL9ap_q_mode5EL9ap_o_mode3ELi0EEC1ILi24ELi16ELb1ELS0_5ELS1_3ELi0EEERKS_IXT_EXT0_EXT1_EXT2_EXT3_EXT4_EE.exit.i.i:6  %zext_ln1117 = zext i14 %tmp_s to i15

]]></Node>
<StgValue><ssdm name="zext_ln1117"/></StgValue>
</operation>

<operation id="45" st_id="4" stage="1" lat="1">
<core>AddSub</core>
<MemPortIdVec></MemPortIdVec>
<condition id="-1">
<or_exp><and_exp><literal name="icmp_ln81" val="0"/>
</and_exp></or_exp>
</condition>

<Node id="48" bw="15" op_0_bw="15" op_1_bw="15">
<![CDATA[
_ZN13ap_fixed_baseILi39ELi17ELb1EL9ap_q_mode5EL9ap_o_mode3ELi0EEC1ILi24ELi16ELb1ELS0_5ELS1_3ELi0EEERKS_IXT_EXT0_EXT1_EXT2_EXT3_EXT4_EE.exit.i.i:7  %add_ln1117 = add i15 %zext_ln203_2, %zext_ln1117

]]></Node>
<StgValue><ssdm name="add_ln1117"/></StgValue>
</operation>

<operation id="46" st_id="4" stage="1" lat="1">
<core>NULL</core>
<MemPortIdVec></MemPortIdVec>
<condition id="-1">
<or_exp><and_exp><literal name="icmp_ln81" val="0"/>
</and_exp></or_exp>
</condition>

<Node id="49" bw="64" op_0_bw="15">
<![CDATA[
_ZN13ap_fixed_baseILi39ELi17ELb1EL9ap_q_mode5EL9ap_o_mode3ELi0EEC1ILi24ELi16ELb1ELS0_5ELS1_3ELi0EEERKS_IXT_EXT0_EXT1_EXT2_EXT3_EXT4_EE.exit.i.i:8  %zext_ln1117_1 = zext i15 %add_ln1117 to i64

]]></Node>
<StgValue><ssdm name="zext_ln1117_1"/></StgValue>
</operation>

<operation id="47" st_id="4" stage="1" lat="1">
<core>NULL</core>
<MemPortIdVec></MemPortIdVec>
<condition id="-1">
<or_exp><and_exp><literal name="icmp_ln81" val="0"/>
</and_exp></or_exp>
</condition>

<Node id="50" bw="13" op_0_bw="1" op_1_bw="64" op_2_bw="64">
<![CDATA[
_ZN13ap_fixed_baseILi39ELi17ELb1EL9ap_q_mode5EL9ap_o_mode3ELi0EEC1ILi24ELi16ELb1ELS0_5ELS1_3ELi0EEERKS_IXT_EXT0_EXT1_EXT2_EXT3_EXT4_EE.exit.i.i:9  %matriceB_V_addr = getelementptr [8192 x i1]* %matriceB_V, i64 0, i64 %zext_ln1117_1

]]></Node>
<StgValue><ssdm name="matriceB_V_addr"/></StgValue>
</operation>

<operation id="48" st_id="4" stage="2" lat="2">
<core>RAM</core>
<MemPortIdVec></MemPortIdVec>
<condition id="-1">
<or_exp><and_exp><literal name="icmp_ln81" val="0"/>
</and_exp></or_exp>
</condition>

<Node id="51" bw="16" op_0_bw="17">
<![CDATA[
_ZN13ap_fixed_baseILi39ELi17ELb1EL9ap_q_mode5EL9ap_o_mode3ELi0EEC1ILi24ELi16ELb1ELS0_5ELS1_3ELi0EEERKS_IXT_EXT0_EXT1_EXT2_EXT3_EXT4_EE.exit.i.i:10  %matriceA_V_load = load i16* %matriceA_V_addr, align 2

]]></Node>
<StgValue><ssdm name="matriceA_V_load"/></StgValue>
</operation>

<operation id="49" st_id="4" stage="2" lat="2">
<core>RAM</core>
<MemPortIdVec></MemPortIdVec>
<condition id="-1">
<or_exp><and_exp><literal name="icmp_ln81" val="0"/>
</and_exp></or_exp>
</condition>

<Node id="53" bw="1" op_0_bw="13">
<![CDATA[
_ZN13ap_fixed_baseILi39ELi17ELb1EL9ap_q_mode5EL9ap_o_mode3ELi0EEC1ILi24ELi16ELb1ELS0_5ELS1_3ELi0EEERKS_IXT_EXT0_EXT1_EXT2_EXT3_EXT4_EE.exit.i.i:12  %matriceB_V_load = load i1* %matriceB_V_addr, align 1

]]></Node>
<StgValue><ssdm name="matriceB_V_load"/></StgValue>
</operation>

<operation id="50" st_id="4" stage="1" lat="1">
<core>NULL</core>
<MemPortIdVec></MemPortIdVec>
<condition id="-1">
<or_exp><and_exp><literal name="icmp_ln81" val="1"/>
</and_exp></or_exp>
</condition>

<Node id="62" bw="32" op_0_bw="32" op_1_bw="0" op_2_bw="32">
<![CDATA[
multmat_label1_end:0  %empty_42 = call i32 (...)* @_ssdm_op_SpecRegionEnd([15 x i8]* @p_str3, i32 %tmp)

]]></Node>
<StgValue><ssdm name="empty_42"/></StgValue>
</operation>

<operation id="51" st_id="4" stage="1" lat="1">
<core>NULL</core>
<MemPortIdVec></MemPortIdVec>
<condition id="-1">
<or_exp><and_exp><literal name="icmp_ln81" val="1"/>
</and_exp></or_exp>
</condition>

<Node id="63" bw="0" op_0_bw="0">
<![CDATA[
multmat_label1_end:1  br label %.preheader

]]></Node>
<StgValue><ssdm name="br_ln78"/></StgValue>
</operation>
</state>

<state id="5" st_id="5">

<operation id="52" st_id="5" stage="1" lat="1">
<core>NULL</core>
<MemPortIdVec></MemPortIdVec>
<condition id="-1">
<or_exp><and_exp></and_exp></or_exp>
</condition>

<Node id="41" bw="0" op_0_bw="0" op_1_bw="0">
<![CDATA[
_ZN13ap_fixed_baseILi39ELi17ELb1EL9ap_q_mode5EL9ap_o_mode3ELi0EEC1ILi24ELi16ELb1ELS0_5ELS1_3ELi0EEERKS_IXT_EXT0_EXT1_EXT2_EXT3_EXT4_EE.exit.i.i:0  call void (...)* @_ssdm_op_SpecLoopName([15 x i8]* @p_str2) nounwind

]]></Node>
<StgValue><ssdm name="specloopname_ln82"/></StgValue>
</operation>

<operation id="53" st_id="5" stage="1" lat="2">
<core>RAM</core>
<MemPortIdVec></MemPortIdVec>
<condition id="-1">
<or_exp><and_exp></and_exp></or_exp>
</condition>

<Node id="51" bw="16" op_0_bw="17">
<![CDATA[
_ZN13ap_fixed_baseILi39ELi17ELb1EL9ap_q_mode5EL9ap_o_mode3ELi0EEC1ILi24ELi16ELb1ELS0_5ELS1_3ELi0EEERKS_IXT_EXT0_EXT1_EXT2_EXT3_EXT4_EE.exit.i.i:10  %matriceA_V_load = load i16* %matriceA_V_addr, align 2

]]></Node>
<StgValue><ssdm name="matriceA_V_load"/></StgValue>
</operation>

<operation id="54" st_id="5" stage="1" lat="1">
<core>NULL</core>
<MemPortIdVec></MemPortIdVec>
<condition id="-1">
<or_exp><and_exp></and_exp></or_exp>
</condition>

<Node id="52" bw="30" op_0_bw="16">
<![CDATA[
_ZN13ap_fixed_baseILi39ELi17ELb1EL9ap_q_mode5EL9ap_o_mode3ELi0EEC1ILi24ELi16ELb1ELS0_5ELS1_3ELi0EEERKS_IXT_EXT0_EXT1_EXT2_EXT3_EXT4_EE.exit.i.i:11  %r_V = sext i16 %matriceA_V_load to i30

]]></Node>
<StgValue><ssdm name="r_V"/></StgValue>
</operation>

<operation id="55" st_id="5" stage="1" lat="2">
<core>RAM</core>
<MemPortIdVec></MemPortIdVec>
<condition id="-1">
<or_exp><and_exp></and_exp></or_exp>
</condition>

<Node id="53" bw="1" op_0_bw="13">
<![CDATA[
_ZN13ap_fixed_baseILi39ELi17ELb1EL9ap_q_mode5EL9ap_o_mode3ELi0EEC1ILi24ELi16ELb1ELS0_5ELS1_3ELi0EEERKS_IXT_EXT0_EXT1_EXT2_EXT3_EXT4_EE.exit.i.i:12  %matriceB_V_load = load i1* %matriceB_V_addr, align 1

]]></Node>
<StgValue><ssdm name="matriceB_V_load"/></StgValue>
</operation>

<operation id="56" st_id="5" stage="1" lat="1">
<core>Sel</core>
<MemPortIdVec></MemPortIdVec>
<condition id="-1">
<or_exp><and_exp></and_exp></or_exp>
</condition>

<Node id="54" bw="30" op_0_bw="1" op_1_bw="30" op_2_bw="30">
<![CDATA[
_ZN13ap_fixed_baseILi39ELi17ELb1EL9ap_q_mode5EL9ap_o_mode3ELi0EEC1ILi24ELi16ELb1ELS0_5ELS1_3ELi0EEERKS_IXT_EXT0_EXT1_EXT2_EXT3_EXT4_EE.exit.i.i:13  %select_ln1118 = select i1 %matriceB_V_load, i30 -1, i30 0

]]></Node>
<StgValue><ssdm name="select_ln1118"/></StgValue>
</operation>

<operation id="57" st_id="5" stage="1" lat="1">
<core>LogicGate</core>
<MemPortIdVec></MemPortIdVec>
<condition id="-1">
<or_exp><and_exp></and_exp></or_exp>
</condition>

<Node id="55" bw="30" op_0_bw="30" op_1_bw="30">
<![CDATA[
_ZN13ap_fixed_baseILi39ELi17ELb1EL9ap_q_mode5EL9ap_o_mode3ELi0EEC1ILi24ELi16ELb1ELS0_5ELS1_3ELi0EEERKS_IXT_EXT0_EXT1_EXT2_EXT3_EXT4_EE.exit.i.i:14  %r_V_2 = and i30 %r_V, %select_ln1118

]]></Node>
<StgValue><ssdm name="r_V_2"/></StgValue>
</operation>

<operation id="58" st_id="5" stage="1" lat="1">
<core>NULL</core>
<MemPortIdVec></MemPortIdVec>
<condition id="-1">
<or_exp><and_exp></and_exp></or_exp>
</condition>

<Node id="56" bw="38" op_0_bw="38" op_1_bw="24" op_2_bw="14">
<![CDATA[
_ZN13ap_fixed_baseILi39ELi17ELb1EL9ap_q_mode5EL9ap_o_mode3ELi0EEC1ILi24ELi16ELb1ELS0_5ELS1_3ELi0EEERKS_IXT_EXT0_EXT1_EXT2_EXT3_EXT4_EE.exit.i.i:15  %lhs_V = call i38 @_ssdm_op_BitConcatenate.i38.i24.i14(i24 %p_Val2_s, i14 0)

]]></Node>
<StgValue><ssdm name="lhs_V"/></StgValue>
</operation>

<operation id="59" st_id="5" stage="1" lat="1">
<core>NULL</core>
<MemPortIdVec></MemPortIdVec>
<condition id="-1">
<or_exp><and_exp></and_exp></or_exp>
</condition>

<Node id="57" bw="38" op_0_bw="30">
<![CDATA[
_ZN13ap_fixed_baseILi39ELi17ELb1EL9ap_q_mode5EL9ap_o_mode3ELi0EEC1ILi24ELi16ELb1ELS0_5ELS1_3ELi0EEERKS_IXT_EXT0_EXT1_EXT2_EXT3_EXT4_EE.exit.i.i:16  %sext_ln703 = sext i30 %r_V_2 to i38

]]></Node>
<StgValue><ssdm name="sext_ln703"/></StgValue>
</operation>

<operation id="60" st_id="5" stage="1" lat="1">
<core>AddSub</core>
<MemPortIdVec></MemPortIdVec>
<condition id="-1">
<or_exp><and_exp></and_exp></or_exp>
</condition>

<Node id="58" bw="38" op_0_bw="38" op_1_bw="38">
<![CDATA[
_ZN13ap_fixed_baseILi39ELi17ELb1EL9ap_q_mode5EL9ap_o_mode3ELi0EEC1ILi24ELi16ELb1ELS0_5ELS1_3ELi0EEERKS_IXT_EXT0_EXT1_EXT2_EXT3_EXT4_EE.exit.i.i:17  %ret_V = add i38 %lhs_V, %sext_ln703

]]></Node>
<StgValue><ssdm name="ret_V"/></StgValue>
</operation>

<operation id="61" st_id="5" stage="1" lat="1">
<core>NULL</core>
<MemPortIdVec></MemPortIdVec>
<condition id="-1">
<or_exp><and_exp></and_exp></or_exp>
</condition>

<Node id="59" bw="24" op_0_bw="24" op_1_bw="38" op_2_bw="32" op_3_bw="32">
<![CDATA[
_ZN13ap_fixed_baseILi39ELi17ELb1EL9ap_q_mode5EL9ap_o_mode3ELi0EEC1ILi24ELi16ELb1ELS0_5ELS1_3ELi0EEERKS_IXT_EXT0_EXT1_EXT2_EXT3_EXT4_EE.exit.i.i:18  %trunc_ln = call i24 @_ssdm_op_PartSelect.i24.i38.i32.i32(i38 %ret_V, i32 14, i32 37)

]]></Node>
<StgValue><ssdm name="trunc_ln"/></StgValue>
</operation>

<operation id="62" st_id="5" stage="1" lat="1">
<core>NULL</core>
<MemPortIdVec></MemPortIdVec>
<condition id="-1">
<or_exp><and_exp></and_exp></or_exp>
</condition>

<Node id="60" bw="0" op_0_bw="0">
<![CDATA[
_ZN13ap_fixed_baseILi39ELi17ELb1EL9ap_q_mode5EL9ap_o_mode3ELi0EEC1ILi24ELi16ELb1ELS0_5ELS1_3ELi0EEERKS_IXT_EXT0_EXT1_EXT2_EXT3_EXT4_EE.exit.i.i:19  br label %1

]]></Node>
<StgValue><ssdm name="br_ln81"/></StgValue>
</operation>
</state>
</state_list>


<ports>
</ports>


<dataflows>
</dataflows>


</stg>
