<profile>

<section name = "Vivado HLS Report for 'Elements'" level="0">
<item name = "Date">Thu Dec 19 10:27:29 2024
</item>
<item name = "Version">2019.2 (Build 2704478 on Wed Nov 06 22:10:23 MST 2019)</item>
<item name = "Project">Matrice_binaire</item>
<item name = "Solution">solution1</item>
<item name = "Product family">artix7</item>
<item name = "Target device">xc7a200t-sbv484-1</item>
</section>

<section name = "Performance Estimates" level="0">
<item name = "Timing">
<section name = "" level="1">
<item name = "Summary"><table name="" hasTotal="0">
<keys size="4">Clock, Target, Estimated, Uncertainty</keys>
<column name="ap_clk">10.00 ns, 6.661 ns, 1.25 ns</column>
</table>
</item>
</section>
</item>
<item name = "Latency">
<section name = "" level="1">
<item name = "Summary"><table name="" hasTotal="0">
<keys size="8">, min, max, min, max, min, max, Type</keys>
<column name="">89029298, 89029298, 0.890 sec, 0.890 sec, 89029298, 89029298, none</column>
</table>
</item>
<item name = "Detail">
<section name = "" level="1">
<item name = "Instance"><table name="" hasTotal="0">
<keys size="9">Instance, Module, min, max, min, max, min, max, Type</keys>
<column name="grp_BlocLinear512_fu_146">BlocLinear512, 8422401, 8422401, 84.224 ms, 84.224 ms, 8422401, 8422401, none</column>
<column name="grp_BlocLinear_fu_154">BlocLinear, 4211201, 4211201, 42.112 ms, 42.112 ms, 4211201, 4211201, none</column>
<column name="grp_BlocLinear_1_fu_162">BlocLinear_1, 4211201, 4211201, 42.112 ms, 42.112 ms, 4211201, 4211201, none</column>
<column name="grp_BlocLinear_1_fu_172">BlocLinear_1, 4211201, 4211201, 42.112 ms, 42.112 ms, 4211201, 4211201, none</column>
<column name="grp_Lif512_fu_201">Lif512, 25089, 25089, 0.251 ms, 0.251 ms, 25089, 25089, none</column>
<column name="grp_Lif_fu_208">Lif, 25089, 25089, 0.251 ms, 0.251 ms, 25089, 25089, none</column>
<column name="grp_Lif_fu_215">Lif, 25089, 25089, 0.251 ms, 0.251 ms, 25089, 25089, none</column>
<column name="grp_Lif_fu_223">Lif, 25089, 25089, 0.251 ms, 0.251 ms, 25089, 25089, none</column>
<column name="grp_multmat_fu_230">multmat, 526401, 526401, 5.264 ms, 5.264 ms, 526401, 526401, none</column>
<column name="grp_multmat2_fu_237">multmat2, 67649, 67649, 0.676 ms, 0.676 ms, 67649, 67649, none</column>
<column name="grp_transposeMatrix_fu_244">transposeMatrix, 16897, 16897, 0.169 ms, 0.169 ms, 16897, 16897, none</column>
<column name="grp_scale_fu_250">scale, 8705, 8705, 87.050 us, 87.050 us, 8705, 8705, none</column>
</table>
</item>
<item name = "Loop"><table name="" hasTotal="0">
<keys size="8">Loop Name, min, max, Latency, achieved, target, Count, Pipelined</keys>
</table>
</item>
</section>
</item>
</section>
</item>
</section>

<section name = "Utilization Estimates" level="0">
<item name = "Summary"><table name="" hasTotal="1">
<keys size="6">Name, BRAM_18K, DSP48E, FF, LUT, URAM</keys>
<column name="DSP">-, -, -, -, -</column>
<column name="Expression">-, -, 0, 32, -</column>
<column name="FIFO">-, -, -, -, -</column>
<column name="Instance">-, -, 1112, 2713, -</column>
<column name="Memory">158, -, 0, 0, 0</column>
<column name="Multiplexer">-, -, -, 1623, -</column>
<column name="Register">-, -, 46, -, -</column>
<specialColumn name="Available">730, 740, 269200, 134600, 0</specialColumn>
<specialColumn name="Utilization (%)">21, 0, ~0, 3, 0</specialColumn>
</table>
</item>
<item name = "Detail">
<section name = "" level="1">
<item name = "Instance"><table name="" hasTotal="1">
<keys size="7">Instance, Module, BRAM_18K, DSP48E, FF, LUT, URAM</keys>
<column name="grp_BlocLinear_fu_154">BlocLinear, 0, 0, 114, 271, 0</column>
<column name="grp_BlocLinear512_fu_146">BlocLinear512, 0, 0, 119, 302, 0</column>
<column name="grp_BlocLinear_1_fu_162">BlocLinear_1, 0, 0, 114, 271, 0</column>
<column name="grp_BlocLinear_1_fu_172">BlocLinear_1, 0, 0, 114, 271, 0</column>
<column name="grp_Lif_fu_208">Lif, 0, 0, 96, 220, 0</column>
<column name="grp_Lif_fu_215">Lif, 0, 0, 96, 220, 0</column>
<column name="grp_Lif_fu_223">Lif, 0, 0, 96, 220, 0</column>
<column name="grp_Lif512_fu_201">Lif512, 0, 0, 97, 220, 0</column>
<column name="grp_multmat_fu_230">multmat, 0, 0, 84, 231, 0</column>
<column name="grp_multmat2_fu_237">multmat2, 0, 0, 79, 227, 0</column>
<column name="grp_scale_fu_250">scale, 0, 0, 36, 116, 0</column>
<column name="grp_transposeMatrix_fu_244">transposeMatrix, 0, 0, 67, 144, 0</column>
</table>
</item>
<item name = "DSP48E"><table name="" hasTotal="0">
<keys size="3">Instance, Module, Expression</keys>
</table>
</item>
<item name = "Memory"><table name="" hasTotal="1">
<keys size="10">Memory, Module, BRAM_18K, FF, LUT, URAM, Words, Bits, Banks, W*Bits*Banks</keys>
<column name="Attention_V_U">Elements_AttentioeOg, 7, 0, 0, 0, 8192, 14, 1, 114688</column>
<column name="Dense512_V_U">Elements_Dense512_V, 24, 0, 0, 0, 16384, 24, 1, 393216</column>
<column name="Dense512t_1_V_U">Elements_Dense512fYi, 24, 0, 0, 0, 16384, 24, 1, 393216</column>
<column name="DenseQ_V_U">Elements_DenseQ_V, 12, 0, 0, 0, 8192, 24, 1, 196608</column>
<column name="DenseK_V_U">Elements_DenseQ_V, 12, 0, 0, 0, 8192, 24, 1, 196608</column>
<column name="DenseV_V_U">Elements_DenseQ_V, 12, 0, 0, 0, 8192, 24, 1, 196608</column>
<column name="Dense256_V_U">Elements_DenseQ_V, 12, 0, 0, 0, 8192, 24, 1, 196608</column>
<column name="DenseQt_1_V_U">Elements_DenseQt_bkb, 12, 0, 0, 0, 8192, 24, 1, 196608</column>
<column name="DenseKt_1_V_U">Elements_DenseQt_bkb, 12, 0, 0, 0, 8192, 24, 1, 196608</column>
<column name="DenseVt_1_V_U">Elements_DenseQt_bkb, 12, 0, 0, 0, 8192, 24, 1, 196608</column>
<column name="Dense256t_1_V_U">Elements_DenseQt_bkb, 12, 0, 0, 0, 8192, 24, 1, 196608</column>
<column name="multmat1_V_U">Elements_multmat1_V, 1, 0, 0, 0, 1024, 9, 1, 9216</column>
<column name="spike512_V_U">Elements_spike512_V, 1, 0, 0, 0, 16384, 1, 1, 16384</column>
<column name="spikeQ_V_U">Elements_spikeQ_V, 1, 0, 0, 0, 8192, 1, 1, 8192</column>
<column name="spikeK_V_U">Elements_spikeQ_V, 1, 0, 0, 0, 8192, 1, 1, 8192</column>
<column name="spikeKT_V_U">Elements_spikeQ_V, 1, 0, 0, 0, 8192, 1, 1, 8192</column>
<column name="spikeV_V_U">Elements_spikeQ_V, 1, 0, 0, 0, 8192, 1, 1, 8192</column>
<column name="OUTScale_V_U">Elements_spikeQ_V, 1, 0, 0, 0, 8192, 1, 1, 8192</column>
</table>
</item>
<item name = "FIFO"><table name="" hasTotal="1">
<keys size="8">Name, BRAM_18K, FF, LUT, URAM, Depth, Bits, Size:D*B</keys>
</table>
</item>
<item name = "Expression"><table name="" hasTotal="1">
<keys size="7">Variable Name, Operation, DSP48E, FF, LUT, Bitwidth P0, Bitwidth P1</keys>
<column name="ap_block_state10_on_subcall_done">or, 0, 0, 2, 1, 1</column>
<column name="ap_block_state12_on_subcall_done">or, 0, 0, 2, 1, 1</column>
<column name="ap_block_state14_on_subcall_done">or, 0, 0, 2, 1, 1</column>
<column name="ap_block_state16_on_subcall_done">or, 0, 0, 2, 1, 1</column>
<column name="ap_block_state18_on_subcall_done">or, 0, 0, 2, 1, 1</column>
<column name="ap_block_state20_on_subcall_done">or, 0, 0, 2, 1, 1</column>
<column name="ap_block_state22_on_subcall_done">or, 0, 0, 2, 1, 1</column>
<column name="ap_block_state26_on_subcall_done">or, 0, 0, 2, 1, 1</column>
<column name="ap_block_state28_on_subcall_done">or, 0, 0, 2, 1, 1</column>
<column name="ap_block_state2_on_subcall_done">or, 0, 0, 2, 1, 1</column>
<column name="ap_block_state30_on_subcall_done">or, 0, 0, 2, 1, 1</column>
<column name="ap_block_state32_on_subcall_done">or, 0, 0, 2, 1, 1</column>
<column name="ap_block_state34_on_subcall_done">or, 0, 0, 2, 1, 1</column>
<column name="ap_block_state4_on_subcall_done">or, 0, 0, 2, 1, 1</column>
<column name="ap_block_state6_on_subcall_done">or, 0, 0, 2, 1, 1</column>
<column name="ap_block_state8_on_subcall_done">or, 0, 0, 2, 1, 1</column>
</table>
</item>
<item name = "Multiplexer"><table name="" hasTotal="1">
<keys size="5">Name, LUT, Input Size, Bits, Total Bits</keys>
<column name="Attention_V_ce0">9, 2, 1, 2</column>
<column name="Attention_V_we0">9, 2, 1, 2</column>
<column name="Dense256_V_address0">15, 3, 13, 39</column>
<column name="Dense256_V_ce0">15, 3, 1, 3</column>
<column name="Dense256_V_d0">15, 3, 24, 72</column>
<column name="Dense256_V_we0">15, 3, 1, 3</column>
<column name="Dense256t_1_V_ce0">9, 2, 1, 2</column>
<column name="Dense512_V_address0">15, 3, 14, 42</column>
<column name="Dense512_V_ce0">15, 3, 1, 3</column>
<column name="Dense512_V_d0">15, 3, 24, 72</column>
<column name="Dense512_V_we0">15, 3, 1, 3</column>
<column name="Dense512t_1_V_ce0">9, 2, 1, 2</column>
<column name="DenseK_V_address0">33, 6, 13, 78</column>
<column name="DenseK_V_ce0">33, 6, 1, 6</column>
<column name="DenseK_V_d0">33, 6, 24, 144</column>
<column name="DenseK_V_we0">33, 6, 1, 6</column>
<column name="DenseKt_1_V_address0">21, 4, 13, 52</column>
<column name="DenseKt_1_V_ce0">21, 4, 1, 4</column>
<column name="DenseQ_V_address0">21, 4, 13, 52</column>
<column name="DenseQ_V_ce0">21, 4, 1, 4</column>
<column name="DenseQ_V_d0">21, 4, 24, 96</column>
<column name="DenseQ_V_we0">21, 4, 1, 4</column>
<column name="DenseQt_1_V_address0">15, 3, 13, 39</column>
<column name="DenseQt_1_V_ce0">15, 3, 1, 3</column>
<column name="DenseV_V_address0">27, 5, 13, 65</column>
<column name="DenseV_V_ce0">27, 5, 1, 5</column>
<column name="DenseV_V_d0">27, 5, 24, 120</column>
<column name="DenseV_V_we0">27, 5, 1, 5</column>
<column name="DenseVt_1_V_address0">15, 3, 13, 39</column>
<column name="DenseVt_1_V_ce0">15, 3, 1, 3</column>
<column name="EntreeK_V_address0">15, 3, 13, 39</column>
<column name="EntreeK_V_ce0">15, 3, 1, 3</column>
<column name="EntreeQ_V_ce0">9, 2, 1, 2</column>
<column name="EntreeV_V_address0">15, 3, 13, 39</column>
<column name="EntreeV_V_ce0">15, 3, 1, 3</column>
<column name="OUTScale_V_address0">15, 3, 13, 39</column>
<column name="OUTScale_V_ce0">15, 3, 1, 3</column>
<column name="OUTScale_V_we0">9, 2, 1, 2</column>
<column name="Sortie_V_ce0">9, 2, 1, 2</column>
<column name="Sortie_V_we0">9, 2, 1, 2</column>
<column name="ap_NS_fsm">157, 35, 1, 35</column>
<column name="grp_BlocLinear_1_fu_162_matriceA_V_q0">62, 15, 16, 240</column>
<column name="grp_BlocLinear_1_fu_162_matriceB_V_q0">21, 4, 1, 4</column>
<column name="grp_BlocLinear_1_fu_172_matriceA_V_q0">27, 5, 16, 80</column>
<column name="grp_BlocLinear_1_fu_172_matriceB_V_q0">15, 3, 1, 3</column>
<column name="grp_Lif_fu_208_matricet_1_V_q0">27, 5, 24, 120</column>
<column name="grp_Lif_fu_208_matricet_V_q0">27, 5, 24, 120</column>
<column name="grp_Lif_fu_215_matricet_1_V_q0">21, 4, 24, 96</column>
<column name="grp_Lif_fu_215_matricet_V_q0">21, 4, 24, 96</column>
<column name="multmat1_V_address0">15, 3, 10, 30</column>
<column name="multmat1_V_ce0">15, 3, 1, 3</column>
<column name="multmat1_V_we0">9, 2, 1, 2</column>
<column name="poids256_V_ce0">9, 2, 1, 2</column>
<column name="poids512_V_ce0">9, 2, 1, 2</column>
<column name="poidsK1_V_ce0">9, 2, 1, 2</column>
<column name="poidsK2_V_ce0">9, 2, 1, 2</column>
<column name="poidsK3_V_ce0">9, 2, 1, 2</column>
<column name="poidsK4_V_ce0">9, 2, 1, 2</column>
<column name="poidsK5_V_ce0">9, 2, 1, 2</column>
<column name="poidsK6_V_ce0">9, 2, 1, 2</column>
<column name="poidsQ1_V_ce0">9, 2, 1, 2</column>
<column name="poidsQ2_V_ce0">9, 2, 1, 2</column>
<column name="poidsQ3_V_ce0">9, 2, 1, 2</column>
<column name="poidsQ4_V_ce0">9, 2, 1, 2</column>
<column name="poidsQ5_V_ce0">9, 2, 1, 2</column>
<column name="poidsQ6_V_ce0">9, 2, 1, 2</column>
<column name="poidsV1_V_ce0">9, 2, 1, 2</column>
<column name="poidsV2_V_ce0">9, 2, 1, 2</column>
<column name="poidsV3_V_ce0">9, 2, 1, 2</column>
<column name="poidsV4_V_ce0">9, 2, 1, 2</column>
<column name="poidsV5_V_ce0">9, 2, 1, 2</column>
<column name="poidsV6_V_ce0">9, 2, 1, 2</column>
<column name="spike512_V_address0">15, 3, 14, 42</column>
<column name="spike512_V_ce0">15, 3, 1, 3</column>
<column name="spike512_V_we0">9, 2, 1, 2</column>
<column name="spikeKT_V_address0">15, 3, 13, 39</column>
<column name="spikeKT_V_ce0">15, 3, 1, 3</column>
<column name="spikeKT_V_we0">9, 2, 1, 2</column>
<column name="spikeK_V_address0">27, 5, 13, 65</column>
<column name="spikeK_V_ce0">27, 5, 1, 5</column>
<column name="spikeK_V_d0">21, 4, 1, 4</column>
<column name="spikeK_V_we0">21, 4, 1, 4</column>
<column name="spikeQ_V_address0">21, 4, 13, 52</column>
<column name="spikeQ_V_ce0">21, 4, 1, 4</column>
<column name="spikeQ_V_d0">15, 3, 1, 3</column>
<column name="spikeQ_V_we0">15, 3, 1, 3</column>
<column name="spikeV_V_address0">21, 4, 13, 52</column>
<column name="spikeV_V_ce0">21, 4, 1, 4</column>
<column name="spikeV_V_d0">15, 3, 1, 3</column>
<column name="spikeV_V_we0">15, 3, 1, 3</column>
</table>
</item>
<item name = "Register"><table name="" hasTotal="1">
<keys size="5">Name, FF, LUT, Bits, Const Bits</keys>
<column name="ap_CS_fsm">34, 0, 34, 0</column>
<column name="grp_BlocLinear512_fu_146_ap_start_reg">1, 0, 1, 0</column>
<column name="grp_BlocLinear_1_fu_162_ap_start_reg">1, 0, 1, 0</column>
<column name="grp_BlocLinear_1_fu_172_ap_start_reg">1, 0, 1, 0</column>
<column name="grp_BlocLinear_fu_154_ap_start_reg">1, 0, 1, 0</column>
<column name="grp_Lif512_fu_201_ap_start_reg">1, 0, 1, 0</column>
<column name="grp_Lif_fu_208_ap_start_reg">1, 0, 1, 0</column>
<column name="grp_Lif_fu_215_ap_start_reg">1, 0, 1, 0</column>
<column name="grp_Lif_fu_223_ap_start_reg">1, 0, 1, 0</column>
<column name="grp_multmat2_fu_237_ap_start_reg">1, 0, 1, 0</column>
<column name="grp_multmat_fu_230_ap_start_reg">1, 0, 1, 0</column>
<column name="grp_scale_fu_250_ap_start_reg">1, 0, 1, 0</column>
<column name="grp_transposeMatrix_fu_244_ap_start_reg">1, 0, 1, 0</column>
</table>
</item>
</section>
</item>
</section>

<section name = "Interface" level="0">
<item name = "Summary"><table name="" hasTotal="0">
<keys size="6">RTL Ports, Dir, Bits, Protocol, Source Object, C Type</keys>
<column name="ap_clk">in, 1, ap_ctrl_hs, Elements, return value</column>
<column name="ap_rst">in, 1, ap_ctrl_hs, Elements, return value</column>
<column name="ap_start">in, 1, ap_ctrl_hs, Elements, return value</column>
<column name="ap_done">out, 1, ap_ctrl_hs, Elements, return value</column>
<column name="ap_idle">out, 1, ap_ctrl_hs, Elements, return value</column>
<column name="ap_ready">out, 1, ap_ctrl_hs, Elements, return value</column>
<column name="EntreeQ_V_address0">out, 13, ap_memory, EntreeQ_V, array</column>
<column name="EntreeQ_V_ce0">out, 1, ap_memory, EntreeQ_V, array</column>
<column name="EntreeQ_V_q0">in, 1, ap_memory, EntreeQ_V, array</column>
<column name="poidsQ1_V_address0">out, 16, ap_memory, poidsQ1_V, array</column>
<column name="poidsQ1_V_ce0">out, 1, ap_memory, poidsQ1_V, array</column>
<column name="poidsQ1_V_q0">in, 16, ap_memory, poidsQ1_V, array</column>
<column name="poidsQ2_V_address0">out, 16, ap_memory, poidsQ2_V, array</column>
<column name="poidsQ2_V_ce0">out, 1, ap_memory, poidsQ2_V, array</column>
<column name="poidsQ2_V_q0">in, 16, ap_memory, poidsQ2_V, array</column>
<column name="poidsQ3_V_address0">out, 16, ap_memory, poidsQ3_V, array</column>
<column name="poidsQ3_V_ce0">out, 1, ap_memory, poidsQ3_V, array</column>
<column name="poidsQ3_V_q0">in, 16, ap_memory, poidsQ3_V, array</column>
<column name="poidsQ4_V_address0">out, 16, ap_memory, poidsQ4_V, array</column>
<column name="poidsQ4_V_ce0">out, 1, ap_memory, poidsQ4_V, array</column>
<column name="poidsQ4_V_q0">in, 16, ap_memory, poidsQ4_V, array</column>
<column name="poidsQ5_V_address0">out, 16, ap_memory, poidsQ5_V, array</column>
<column name="poidsQ5_V_ce0">out, 1, ap_memory, poidsQ5_V, array</column>
<column name="poidsQ5_V_q0">in, 16, ap_memory, poidsQ5_V, array</column>
<column name="poidsQ6_V_address0">out, 16, ap_memory, poidsQ6_V, array</column>
<column name="poidsQ6_V_ce0">out, 1, ap_memory, poidsQ6_V, array</column>
<column name="poidsQ6_V_q0">in, 16, ap_memory, poidsQ6_V, array</column>
<column name="EntreeK_V_address0">out, 13, ap_memory, EntreeK_V, array</column>
<column name="EntreeK_V_ce0">out, 1, ap_memory, EntreeK_V, array</column>
<column name="EntreeK_V_q0">in, 1, ap_memory, EntreeK_V, array</column>
<column name="poidsK1_V_address0">out, 16, ap_memory, poidsK1_V, array</column>
<column name="poidsK1_V_ce0">out, 1, ap_memory, poidsK1_V, array</column>
<column name="poidsK1_V_q0">in, 16, ap_memory, poidsK1_V, array</column>
<column name="poidsK2_V_address0">out, 16, ap_memory, poidsK2_V, array</column>
<column name="poidsK2_V_ce0">out, 1, ap_memory, poidsK2_V, array</column>
<column name="poidsK2_V_q0">in, 16, ap_memory, poidsK2_V, array</column>
<column name="poidsK3_V_address0">out, 16, ap_memory, poidsK3_V, array</column>
<column name="poidsK3_V_ce0">out, 1, ap_memory, poidsK3_V, array</column>
<column name="poidsK3_V_q0">in, 16, ap_memory, poidsK3_V, array</column>
<column name="poidsK4_V_address0">out, 16, ap_memory, poidsK4_V, array</column>
<column name="poidsK4_V_ce0">out, 1, ap_memory, poidsK4_V, array</column>
<column name="poidsK4_V_q0">in, 16, ap_memory, poidsK4_V, array</column>
<column name="poidsK5_V_address0">out, 16, ap_memory, poidsK5_V, array</column>
<column name="poidsK5_V_ce0">out, 1, ap_memory, poidsK5_V, array</column>
<column name="poidsK5_V_q0">in, 16, ap_memory, poidsK5_V, array</column>
<column name="poidsK6_V_address0">out, 16, ap_memory, poidsK6_V, array</column>
<column name="poidsK6_V_ce0">out, 1, ap_memory, poidsK6_V, array</column>
<column name="poidsK6_V_q0">in, 16, ap_memory, poidsK6_V, array</column>
<column name="EntreeV_V_address0">out, 13, ap_memory, EntreeV_V, array</column>
<column name="EntreeV_V_ce0">out, 1, ap_memory, EntreeV_V, array</column>
<column name="EntreeV_V_q0">in, 1, ap_memory, EntreeV_V, array</column>
<column name="poidsV1_V_address0">out, 16, ap_memory, poidsV1_V, array</column>
<column name="poidsV1_V_ce0">out, 1, ap_memory, poidsV1_V, array</column>
<column name="poidsV1_V_q0">in, 16, ap_memory, poidsV1_V, array</column>
<column name="poidsV2_V_address0">out, 16, ap_memory, poidsV2_V, array</column>
<column name="poidsV2_V_ce0">out, 1, ap_memory, poidsV2_V, array</column>
<column name="poidsV2_V_q0">in, 16, ap_memory, poidsV2_V, array</column>
<column name="poidsV3_V_address0">out, 16, ap_memory, poidsV3_V, array</column>
<column name="poidsV3_V_ce0">out, 1, ap_memory, poidsV3_V, array</column>
<column name="poidsV3_V_q0">in, 16, ap_memory, poidsV3_V, array</column>
<column name="poidsV4_V_address0">out, 16, ap_memory, poidsV4_V, array</column>
<column name="poidsV4_V_ce0">out, 1, ap_memory, poidsV4_V, array</column>
<column name="poidsV4_V_q0">in, 16, ap_memory, poidsV4_V, array</column>
<column name="poidsV5_V_address0">out, 16, ap_memory, poidsV5_V, array</column>
<column name="poidsV5_V_ce0">out, 1, ap_memory, poidsV5_V, array</column>
<column name="poidsV5_V_q0">in, 16, ap_memory, poidsV5_V, array</column>
<column name="poidsV6_V_address0">out, 16, ap_memory, poidsV6_V, array</column>
<column name="poidsV6_V_ce0">out, 1, ap_memory, poidsV6_V, array</column>
<column name="poidsV6_V_q0">in, 16, ap_memory, poidsV6_V, array</column>
<column name="poids512_V_address0">out, 17, ap_memory, poids512_V, array</column>
<column name="poids512_V_ce0">out, 1, ap_memory, poids512_V, array</column>
<column name="poids512_V_q0">in, 16, ap_memory, poids512_V, array</column>
<column name="poids256_V_address0">out, 16, ap_memory, poids256_V, array</column>
<column name="poids256_V_ce0">out, 1, ap_memory, poids256_V, array</column>
<column name="poids256_V_q0">in, 16, ap_memory, poids256_V, array</column>
<column name="Sortie_V_address0">out, 13, ap_memory, Sortie_V, array</column>
<column name="Sortie_V_ce0">out, 1, ap_memory, Sortie_V, array</column>
<column name="Sortie_V_we0">out, 1, ap_memory, Sortie_V, array</column>
<column name="Sortie_V_d0">out, 1, ap_memory, Sortie_V, array</column>
</table>
</item>
</section>
</profile>
