<annotationInfo>
<annotationInfo>
<item  id="7" filename="Matrice_bianire.cpp" linenumber="59" name="icmp_ln59" contextFuncName="BlocLinear" moduleName="BlocLinear.1" rtlName="icmp_ln59_fu_134_p2" latency="0" BRAM="-1" DSP="-1" FF="0" LUT="13" fileDirectory="D:\Vitis\Vivado_hls_projects\Matrice_binaire"&gt;&lt;\/item&gt;
<item  id="9" filename="Matrice_bianire.cpp" linenumber="59" name="i" contextFuncName="BlocLinear" moduleName="BlocLinear.1" rtlName="i_fu_140_p2" latency="0" BRAM="-1" DSP="-1" FF="0" LUT="16" fileDirectory="D:\Vitis\Vivado_hls_projects\Matrice_binaire"&gt;&lt;\/item&gt;
<item  id="12" filename="Matrice_bianire.cpp" linenumber="66" name="tmp_s" contextFuncName="BlocLinear" moduleName="BlocLinear.1" rtlName="tmp_s_fu_146_p3" latency="0" BRAM="-1" DSP="-1" FF="-1" LUT="-1" fileDirectory="D:\Vitis\Vivado_hls_projects\Matrice_binaire"&gt;&lt;\/item&gt;
<item  id="13" filename="Matrice_bianire.cpp" linenumber="63" name="zext_ln203" contextFuncName="BlocLinear" moduleName="BlocLinear.1" rtlName="zext_ln203_fu_154_p1" latency="0" BRAM="-1" DSP="-1" FF="-1" LUT="-1" fileDirectory="D:\Vitis\Vivado_hls_projects\Matrice_binaire"&gt;&lt;\/item&gt;
<item  id="14" filename="Matrice_bianire.cpp" linenumber="63" name="tmp_1" contextFuncName="BlocLinear" moduleName="BlocLinear.1" rtlName="tmp_1_fu_158_p3" latency="0" BRAM="-1" DSP="-1" FF="-1" LUT="-1" fileDirectory="D:\Vitis\Vivado_hls_projects\Matrice_binaire"&gt;&lt;\/item&gt;
<item  id="15" filename="Matrice_bianire.cpp" linenumber="61" name="zext_ln61" contextFuncName="BlocLinear" moduleName="BlocLinear.1" rtlName="zext_ln61_fu_166_p1" latency="0" BRAM="-1" DSP="-1" FF="-1" LUT="-1" fileDirectory="D:\Vitis\Vivado_hls_projects\Matrice_binaire"&gt;&lt;\/item&gt;
<item  id="19" filename="Matrice_bianire.cpp" linenumber="61" name="icmp_ln61" contextFuncName="BlocLinear" moduleName="BlocLinear.1" rtlName="icmp_ln61_fu_170_p2" latency="0" BRAM="-1" DSP="-1" FF="0" LUT="11" fileDirectory="D:\Vitis\Vivado_hls_projects\Matrice_binaire"&gt;&lt;\/item&gt;
<item  id="21" filename="Matrice_bianire.cpp" linenumber="61" name="j" contextFuncName="BlocLinear" moduleName="BlocLinear.1" rtlName="j_fu_176_p2" latency="0" BRAM="-1" DSP="-1" FF="0" LUT="15" fileDirectory="D:\Vitis\Vivado_hls_projects\Matrice_binaire"&gt;&lt;\/item&gt;
<item  id="26" filename="Matrice_bianire.cpp" linenumber="63" name="zext_ln203_5" contextFuncName="BlocLinear" moduleName="BlocLinear.1" rtlName="zext_ln203_5_fu_182_p1" latency="0" BRAM="-1" DSP="-1" FF="-1" LUT="-1" fileDirectory="D:\Vitis\Vivado_hls_projects\Matrice_binaire"&gt;&lt;\/item&gt;
<item  id="27" filename="Matrice_bianire.cpp" linenumber="63" name="add_ln203" contextFuncName="BlocLinear" moduleName="BlocLinear.1" rtlName="add_ln203_fu_186_p2" latency="0" BRAM="-1" DSP="-1" FF="0" LUT="22" fileDirectory="D:\Vitis\Vivado_hls_projects\Matrice_binaire"&gt;&lt;\/item&gt;
<item  id="28" filename="Matrice_bianire.cpp" linenumber="63" name="zext_ln203_6" contextFuncName="BlocLinear" moduleName="BlocLinear.1" rtlName="zext_ln203_6_fu_191_p1" latency="0" BRAM="-1" DSP="-1" FF="-1" LUT="-1" fileDirectory="D:\Vitis\Vivado_hls_projects\Matrice_binaire"&gt;&lt;\/item&gt;
<item  id="35" filename="Matrice_bianire.cpp" linenumber="64" name="icmp_ln64" contextFuncName="BlocLinear" moduleName="BlocLinear.1" rtlName="icmp_ln64_fu_196_p2" latency="0" BRAM="-1" DSP="-1" FF="0" LUT="13" fileDirectory="D:\Vitis\Vivado_hls_projects\Matrice_binaire"&gt;&lt;\/item&gt;
<item  id="37" filename="Matrice_bianire.cpp" linenumber="64" name="k" contextFuncName="BlocLinear" moduleName="BlocLinear.1" rtlName="k_fu_202_p2" latency="0" BRAM="-1" DSP="-1" FF="0" LUT="16" fileDirectory="D:\Vitis\Vivado_hls_projects\Matrice_binaire"&gt;&lt;\/item&gt;
<item  id="41" filename="Matrice_bianire.cpp" linenumber="66" name="zext_ln1116" contextFuncName="BlocLinear" moduleName="BlocLinear.1" rtlName="zext_ln1116_fu_208_p1" latency="0" BRAM="-1" DSP="-1" FF="-1" LUT="-1" fileDirectory="D:\Vitis\Vivado_hls_projects\Matrice_binaire"&gt;&lt;\/item&gt;
<item  id="42" filename="Matrice_bianire.cpp" linenumber="66" name="add_ln1116" contextFuncName="BlocLinear" moduleName="BlocLinear.1" rtlName="add_ln1116_fu_212_p2" latency="0" BRAM="-1" DSP="-1" FF="0" LUT="25" fileDirectory="D:\Vitis\Vivado_hls_projects\Matrice_binaire"&gt;&lt;\/item&gt;
<item  id="43" filename="Matrice_bianire.cpp" linenumber="66" name="zext_ln1116_2" contextFuncName="BlocLinear" moduleName="BlocLinear.1" rtlName="zext_ln1116_2_fu_217_p1" latency="0" BRAM="-1" DSP="-1" FF="-1" LUT="-1" fileDirectory="D:\Vitis\Vivado_hls_projects\Matrice_binaire"&gt;&lt;\/item&gt;
<item  id="45" filename="Matrice_bianire.cpp" linenumber="66" name="tmp_2" contextFuncName="BlocLinear" moduleName="BlocLinear.1" rtlName="tmp_2_fu_222_p3" latency="0" BRAM="-1" DSP="-1" FF="-1" LUT="-1" fileDirectory="D:\Vitis\Vivado_hls_projects\Matrice_binaire"&gt;&lt;\/item&gt;
<item  id="46" filename="Matrice_bianire.cpp" linenumber="66" name="zext_ln446" contextFuncName="BlocLinear" moduleName="BlocLinear.1" rtlName="zext_ln446_fu_230_p1" latency="0" BRAM="-1" DSP="-1" FF="-1" LUT="-1" fileDirectory="D:\Vitis\Vivado_hls_projects\Matrice_binaire"&gt;&lt;\/item&gt;
<item  id="47" filename="Matrice_bianire.cpp" linenumber="66" name="add_ln446" contextFuncName="BlocLinear" moduleName="BlocLinear.1" rtlName="add_ln446_fu_234_p2" latency="0" BRAM="-1" DSP="-1" FF="0" LUT="22" fileDirectory="D:\Vitis\Vivado_hls_projects\Matrice_binaire"&gt;&lt;\/item&gt;
<item  id="48" filename="Matrice_bianire.cpp" linenumber="66" name="zext_ln446_1" contextFuncName="BlocLinear" moduleName="BlocLinear.1" rtlName="zext_ln446_1_fu_239_p1" latency="0" BRAM="-1" DSP="-1" FF="-1" LUT="-1" fileDirectory="D:\Vitis\Vivado_hls_projects\Matrice_binaire"&gt;&lt;\/item&gt;
<item  id="52" filename="Matrice_bianire.cpp" linenumber="66" name="select_ln1118" contextFuncName="BlocLinear" moduleName="BlocLinear.1" rtlName="select_ln1118_fu_244_p3" latency="0" BRAM="-1" DSP="-1" FF="0" LUT="2" fileDirectory="D:\Vitis\Vivado_hls_projects\Matrice_binaire"&gt;&lt;\/item&gt;
<item  id="53" filename="Matrice_bianire.cpp" linenumber="66" name="r_V" contextFuncName="BlocLinear" moduleName="BlocLinear.1" rtlName="r_V_fu_252_p2" latency="0" BRAM="-1" DSP="-1" FF="0" LUT="16" fileDirectory="D:\Vitis\Vivado_hls_projects\Matrice_binaire"&gt;&lt;\/item&gt;
<item  id="54" filename="Matrice_bianire.cpp" linenumber="66" name="sext_ln703" contextFuncName="BlocLinear" moduleName="BlocLinear.1" rtlName="sext_ln703_fu_258_p1" latency="0" BRAM="-1" DSP="-1" FF="-1" LUT="-1" fileDirectory="D:\Vitis\Vivado_hls_projects\Matrice_binaire"&gt;&lt;\/item&gt;
<item  id="55" filename="Matrice_bianire.cpp" linenumber="66" name="add_ln703" contextFuncName="BlocLinear" moduleName="BlocLinear.1" rtlName="add_ln703_fu_262_p2" latency="0" BRAM="-1" DSP="-1" FF="0" LUT="31" fileDirectory="D:\Vitis\Vivado_hls_projects\Matrice_binaire"&gt;&lt;\/item&gt;
&lt;\/annotationInfo&gt;
<annotationInfo>
<item  id="7" filename="Matrice_bianire.cpp" linenumber="109" name="icmp_ln109" contextFuncName="Lif" moduleName="Lif" rtlName="icmp_ln109_fu_103_p2" latency="0" BRAM="-1" DSP="-1" FF="0" LUT="13" fileDirectory="D:\Vitis\Vivado_hls_projects\Matrice_binaire"&gt;&lt;\/item&gt;
<item  id="9" filename="Matrice_bianire.cpp" linenumber="109" name="i" contextFuncName="Lif" moduleName="Lif" rtlName="i_fu_109_p2" latency="0" BRAM="-1" DSP="-1" FF="0" LUT="16" fileDirectory="D:\Vitis\Vivado_hls_projects\Matrice_binaire"&gt;&lt;\/item&gt;
<item  id="12" filename="Matrice_bianire.cpp" linenumber="113" name="tmp" contextFuncName="Lif" moduleName="Lif" rtlName="tmp_fu_115_p3" latency="0" BRAM="-1" DSP="-1" FF="-1" LUT="-1" fileDirectory="D:\Vitis\Vivado_hls_projects\Matrice_binaire"&gt;&lt;\/item&gt;
<item  id="13" filename="Matrice_bianire.cpp" linenumber="111" name="zext_ln111" contextFuncName="Lif" moduleName="Lif" rtlName="zext_ln111_fu_123_p1" latency="0" BRAM="-1" DSP="-1" FF="-1" LUT="-1" fileDirectory="D:\Vitis\Vivado_hls_projects\Matrice_binaire"&gt;&lt;\/item&gt;
<item  id="17" filename="Matrice_bianire.cpp" linenumber="111" name="icmp_ln111" contextFuncName="Lif" moduleName="Lif" rtlName="icmp_ln111_fu_127_p2" latency="0" BRAM="-1" DSP="-1" FF="0" LUT="11" fileDirectory="D:\Vitis\Vivado_hls_projects\Matrice_binaire"&gt;&lt;\/item&gt;
<item  id="19" filename="Matrice_bianire.cpp" linenumber="111" name="j" contextFuncName="Lif" moduleName="Lif" rtlName="j_fu_133_p2" latency="0" BRAM="-1" DSP="-1" FF="0" LUT="15" fileDirectory="D:\Vitis\Vivado_hls_projects\Matrice_binaire"&gt;&lt;\/item&gt;
<item  id="23" filename="Matrice_bianire.cpp" linenumber="113" name="zext_ln1265" contextFuncName="Lif" moduleName="Lif" rtlName="zext_ln1265_fu_139_p1" latency="0" BRAM="-1" DSP="-1" FF="-1" LUT="-1" fileDirectory="D:\Vitis\Vivado_hls_projects\Matrice_binaire"&gt;&lt;\/item&gt;
<item  id="24" filename="Matrice_bianire.cpp" linenumber="113" name="add_ln1265" contextFuncName="Lif" moduleName="Lif" rtlName="add_ln1265_fu_143_p2" latency="0" BRAM="-1" DSP="-1" FF="0" LUT="22" fileDirectory="D:\Vitis\Vivado_hls_projects\Matrice_binaire"&gt;&lt;\/item&gt;
<item  id="25" filename="Matrice_bianire.cpp" linenumber="113" name="zext_ln1265_2" contextFuncName="Lif" moduleName="Lif" rtlName="zext_ln1265_2_fu_148_p1" latency="0" BRAM="-1" DSP="-1" FF="-1" LUT="-1" fileDirectory="D:\Vitis\Vivado_hls_projects\Matrice_binaire"&gt;&lt;\/item&gt;
<item  id="31" filename="Matrice_bianire.cpp" linenumber="113" name="add_ln703" contextFuncName="Lif" moduleName="Lif" rtlName="add_ln703_fu_154_p2" latency="0" BRAM="-1" DSP="-1" FF="0" LUT="31" fileDirectory="D:\Vitis\Vivado_hls_projects\Matrice_binaire"&gt;&lt;\/item&gt;
<item  id="32" filename="Matrice_bianire.cpp" linenumber="114" name="icmp_ln1494" contextFuncName="Lif" moduleName="Lif" rtlName="icmp_ln1494_fu_160_p2" latency="0" BRAM="-1" DSP="-1" FF="0" LUT="18" fileDirectory="D:\Vitis\Vivado_hls_projects\Matrice_binaire"&gt;&lt;\/item&gt;
<item  id="34" filename="Matrice_bianire.cpp" linenumber="115" name="xor_ln703" contextFuncName="Lif" moduleName="Lif" rtlName="xor_ln703_fu_166_p2" latency="0" BRAM="-1" DSP="-1" FF="0" LUT="2" fileDirectory="D:\Vitis\Vivado_hls_projects\Matrice_binaire"&gt;&lt;\/item&gt;
<item  id="35" filename="Matrice_bianire.cpp" linenumber="115" name="select_ln703" contextFuncName="Lif" moduleName="Lif" rtlName="select_ln703_fu_172_p3" latency="0" BRAM="-1" DSP="-1" FF="0" LUT="2" fileDirectory="D:\Vitis\Vivado_hls_projects\Matrice_binaire"&gt;&lt;\/item&gt;
<item  id="36" filename="Matrice_bianire.cpp" linenumber="115" name="and_ln703" contextFuncName="Lif" moduleName="Lif" rtlName="matricet_V_d0" latency="0" BRAM="-1" DSP="-1" FF="0" LUT="24" fileDirectory="D:\Vitis\Vivado_hls_projects\Matrice_binaire"&gt;&lt;\/item&gt;
&lt;\/annotationInfo&gt;
<annotationInfo>
<item  id="6" filename="Matrice_bianire.cpp" linenumber="137" name="icmp_ln137" contextFuncName="transposeMatrix" moduleName="transposeMatrix" rtlName="icmp_ln137_fu_85_p2" latency="0" BRAM="-1" DSP="-1" FF="0" LUT="13" fileDirectory="D:\Vitis\Vivado_hls_projects\Matrice_binaire"&gt;&lt;\/item&gt;
<item  id="8" filename="Matrice_bianire.cpp" linenumber="137" name="i" contextFuncName="transposeMatrix" moduleName="transposeMatrix" rtlName="i_fu_91_p2" latency="0" BRAM="-1" DSP="-1" FF="0" LUT="16" fileDirectory="D:\Vitis\Vivado_hls_projects\Matrice_binaire"&gt;&lt;\/item&gt;
<item  id="11" filename="Matrice_bianire.cpp" linenumber="141" name="zext_ln321" contextFuncName="transposeMatrix" moduleName="transposeMatrix" rtlName="zext_ln321_fu_97_p1" latency="0" BRAM="-1" DSP="-1" FF="-1" LUT="-1" fileDirectory="D:\Vitis\Vivado_hls_projects\Matrice_binaire"&gt;&lt;\/item&gt;
<item  id="12" filename="Matrice_bianire.cpp" linenumber="141" name="tmp" contextFuncName="transposeMatrix" moduleName="transposeMatrix" rtlName="tmp_fu_101_p3" latency="0" BRAM="-1" DSP="-1" FF="-1" LUT="-1" fileDirectory="D:\Vitis\Vivado_hls_projects\Matrice_binaire"&gt;&lt;\/item&gt;
<item  id="13" filename="Matrice_bianire.cpp" linenumber="139" name="zext_ln139" contextFuncName="transposeMatrix" moduleName="transposeMatrix" rtlName="zext_ln139_fu_109_p1" latency="0" BRAM="-1" DSP="-1" FF="-1" LUT="-1" fileDirectory="D:\Vitis\Vivado_hls_projects\Matrice_binaire"&gt;&lt;\/item&gt;
<item  id="17" filename="Matrice_bianire.cpp" linenumber="139" name="icmp_ln139" contextFuncName="transposeMatrix" moduleName="transposeMatrix" rtlName="icmp_ln139_fu_113_p2" latency="0" BRAM="-1" DSP="-1" FF="0" LUT="11" fileDirectory="D:\Vitis\Vivado_hls_projects\Matrice_binaire"&gt;&lt;\/item&gt;
<item  id="19" filename="Matrice_bianire.cpp" linenumber="139" name="j" contextFuncName="transposeMatrix" moduleName="transposeMatrix" rtlName="j_fu_119_p2" latency="0" BRAM="-1" DSP="-1" FF="0" LUT="15" fileDirectory="D:\Vitis\Vivado_hls_projects\Matrice_binaire"&gt;&lt;\/item&gt;
<item  id="23" filename="Matrice_bianire.cpp" linenumber="141" name="zext_ln321_1" contextFuncName="transposeMatrix" moduleName="transposeMatrix" rtlName="zext_ln321_1_fu_125_p1" latency="0" BRAM="-1" DSP="-1" FF="-1" LUT="-1" fileDirectory="D:\Vitis\Vivado_hls_projects\Matrice_binaire"&gt;&lt;\/item&gt;
<item  id="24" filename="Matrice_bianire.cpp" linenumber="141" name="add_ln321" contextFuncName="transposeMatrix" moduleName="transposeMatrix" rtlName="add_ln321_fu_129_p2" latency="0" BRAM="-1" DSP="-1" FF="0" LUT="22" fileDirectory="D:\Vitis\Vivado_hls_projects\Matrice_binaire"&gt;&lt;\/item&gt;
<item  id="25" filename="Matrice_bianire.cpp" linenumber="141" name="zext_ln321_2" contextFuncName="transposeMatrix" moduleName="transposeMatrix" rtlName="zext_ln321_2_fu_134_p1" latency="0" BRAM="-1" DSP="-1" FF="-1" LUT="-1" fileDirectory="D:\Vitis\Vivado_hls_projects\Matrice_binaire"&gt;&lt;\/item&gt;
<item  id="27" filename="Matrice_bianire.cpp" linenumber="141" name="tmp_1" contextFuncName="transposeMatrix" moduleName="transposeMatrix" rtlName="tmp_1_fu_139_p3" latency="0" BRAM="-1" DSP="-1" FF="-1" LUT="-1" fileDirectory="D:\Vitis\Vivado_hls_projects\Matrice_binaire"&gt;&lt;\/item&gt;
<item  id="28" filename="Matrice_bianire.cpp" linenumber="141" name="zext_ln321_3" contextFuncName="transposeMatrix" moduleName="transposeMatrix" rtlName="zext_ln321_3_fu_147_p1" latency="0" BRAM="-1" DSP="-1" FF="-1" LUT="-1" fileDirectory="D:\Vitis\Vivado_hls_projects\Matrice_binaire"&gt;&lt;\/item&gt;
<item  id="29" filename="Matrice_bianire.cpp" linenumber="141" name="add_ln321_1" contextFuncName="transposeMatrix" moduleName="transposeMatrix" rtlName="add_ln321_1_fu_151_p2" latency="0" BRAM="-1" DSP="-1" FF="0" LUT="22" fileDirectory="D:\Vitis\Vivado_hls_projects\Matrice_binaire"&gt;&lt;\/item&gt;
<item  id="30" filename="Matrice_bianire.cpp" linenumber="141" name="zext_ln321_4" contextFuncName="transposeMatrix" moduleName="transposeMatrix" rtlName="zext_ln321_4_fu_156_p1" latency="0" BRAM="-1" DSP="-1" FF="-1" LUT="-1" fileDirectory="D:\Vitis\Vivado_hls_projects\Matrice_binaire"&gt;&lt;\/item&gt;
&lt;\/annotationInfo&gt;
<annotationInfo>
<item  id="7" filename="Matrice_bianire.cpp" linenumber="10" name="icmp_ln10" contextFuncName="multmat" moduleName="multmat" rtlName="icmp_ln10_fu_132_p2" latency="0" BRAM="-1" DSP="-1" FF="0" LUT="11" fileDirectory="D:\Vitis\Vivado_hls_projects\Matrice_binaire"&gt;&lt;\/item&gt;
<item  id="9" filename="Matrice_bianire.cpp" linenumber="10" name="i" contextFuncName="multmat" moduleName="multmat" rtlName="i_fu_138_p2" latency="0" BRAM="-1" DSP="-1" FF="0" LUT="15" fileDirectory="D:\Vitis\Vivado_hls_projects\Matrice_binaire"&gt;&lt;\/item&gt;
<item  id="14" filename="Matrice_bianire.cpp" linenumber="17" name="tmp_5" contextFuncName="multmat" moduleName="multmat" rtlName="tmp_5_fu_144_p3" latency="0" BRAM="-1" DSP="-1" FF="-1" LUT="-1" fileDirectory="D:\Vitis\Vivado_hls_projects\Matrice_binaire"&gt;&lt;\/item&gt;
<item  id="15" filename="Matrice_bianire.cpp" linenumber="14" name="zext_ln321" contextFuncName="multmat" moduleName="multmat" rtlName="zext_ln321_fu_152_p1" latency="0" BRAM="-1" DSP="-1" FF="-1" LUT="-1" fileDirectory="D:\Vitis\Vivado_hls_projects\Matrice_binaire"&gt;&lt;\/item&gt;
<item  id="16" filename="Matrice_bianire.cpp" linenumber="14" name="tmp_6" contextFuncName="multmat" moduleName="multmat" rtlName="tmp_6_fu_156_p3" latency="0" BRAM="-1" DSP="-1" FF="-1" LUT="-1" fileDirectory="D:\Vitis\Vivado_hls_projects\Matrice_binaire"&gt;&lt;\/item&gt;
<item  id="17" filename="Matrice_bianire.cpp" linenumber="12" name="zext_ln12" contextFuncName="multmat" moduleName="multmat" rtlName="zext_ln12_fu_164_p1" latency="0" BRAM="-1" DSP="-1" FF="-1" LUT="-1" fileDirectory="D:\Vitis\Vivado_hls_projects\Matrice_binaire"&gt;&lt;\/item&gt;
<item  id="21" filename="Matrice_bianire.cpp" linenumber="12" name="icmp_ln12" contextFuncName="multmat" moduleName="multmat" rtlName="icmp_ln12_fu_168_p2" latency="0" BRAM="-1" DSP="-1" FF="0" LUT="11" fileDirectory="D:\Vitis\Vivado_hls_projects\Matrice_binaire"&gt;&lt;\/item&gt;
<item  id="23" filename="Matrice_bianire.cpp" linenumber="12" name="j" contextFuncName="multmat" moduleName="multmat" rtlName="j_fu_174_p2" latency="0" BRAM="-1" DSP="-1" FF="0" LUT="15" fileDirectory="D:\Vitis\Vivado_hls_projects\Matrice_binaire"&gt;&lt;\/item&gt;
<item  id="28" filename="Matrice_bianire.cpp" linenumber="14" name="zext_ln321_6" contextFuncName="multmat" moduleName="multmat" rtlName="zext_ln321_6_fu_180_p1" latency="0" BRAM="-1" DSP="-1" FF="-1" LUT="-1" fileDirectory="D:\Vitis\Vivado_hls_projects\Matrice_binaire"&gt;&lt;\/item&gt;
<item  id="29" filename="Matrice_bianire.cpp" linenumber="14" name="zext_ln321_7" contextFuncName="multmat" moduleName="multmat" rtlName="zext_ln321_7_fu_184_p1" latency="0" BRAM="-1" DSP="-1" FF="-1" LUT="-1" fileDirectory="D:\Vitis\Vivado_hls_projects\Matrice_binaire"&gt;&lt;\/item&gt;
<item  id="30" filename="Matrice_bianire.cpp" linenumber="14" name="add_ln321" contextFuncName="multmat" moduleName="multmat" rtlName="add_ln321_fu_188_p2" latency="0" BRAM="-1" DSP="-1" FF="0" LUT="19" fileDirectory="D:\Vitis\Vivado_hls_projects\Matrice_binaire"&gt;&lt;\/item&gt;
<item  id="31" filename="Matrice_bianire.cpp" linenumber="14" name="zext_ln321_8" contextFuncName="multmat" moduleName="multmat" rtlName="zext_ln321_8_fu_193_p1" latency="0" BRAM="-1" DSP="-1" FF="-1" LUT="-1" fileDirectory="D:\Vitis\Vivado_hls_projects\Matrice_binaire"&gt;&lt;\/item&gt;
<item  id="38" filename="Matrice_bianire.cpp" linenumber="15" name="icmp_ln15" contextFuncName="multmat" moduleName="multmat" rtlName="icmp_ln15_fu_198_p2" latency="0" BRAM="-1" DSP="-1" FF="0" LUT="13" fileDirectory="D:\Vitis\Vivado_hls_projects\Matrice_binaire"&gt;&lt;\/item&gt;
<item  id="40" filename="Matrice_bianire.cpp" linenumber="15" name="k" contextFuncName="multmat" moduleName="multmat" rtlName="k_fu_204_p2" latency="0" BRAM="-1" DSP="-1" FF="0" LUT="16" fileDirectory="D:\Vitis\Vivado_hls_projects\Matrice_binaire"&gt;&lt;\/item&gt;
<item  id="44" filename="Matrice_bianire.cpp" linenumber="17" name="zext_ln1355" contextFuncName="multmat" moduleName="multmat" rtlName="zext_ln1355_fu_210_p1" latency="0" BRAM="-1" DSP="-1" FF="-1" LUT="-1" fileDirectory="D:\Vitis\Vivado_hls_projects\Matrice_binaire"&gt;&lt;\/item&gt;
<item  id="45" filename="Matrice_bianire.cpp" linenumber="17" name="add_ln1355" contextFuncName="multmat" moduleName="multmat" rtlName="add_ln1355_fu_214_p2" latency="0" BRAM="-1" DSP="-1" FF="0" LUT="22" fileDirectory="D:\Vitis\Vivado_hls_projects\Matrice_binaire"&gt;&lt;\/item&gt;
<item  id="46" filename="Matrice_bianire.cpp" linenumber="17" name="zext_ln1355_2" contextFuncName="multmat" moduleName="multmat" rtlName="zext_ln1355_2_fu_219_p1" latency="0" BRAM="-1" DSP="-1" FF="-1" LUT="-1" fileDirectory="D:\Vitis\Vivado_hls_projects\Matrice_binaire"&gt;&lt;\/item&gt;
<item  id="48" filename="Matrice_bianire.cpp" linenumber="17" name="tmp_7" contextFuncName="multmat" moduleName="multmat" rtlName="tmp_7_fu_224_p3" latency="0" BRAM="-1" DSP="-1" FF="-1" LUT="-1" fileDirectory="D:\Vitis\Vivado_hls_projects\Matrice_binaire"&gt;&lt;\/item&gt;
<item  id="49" filename="Matrice_bianire.cpp" linenumber="17" name="zext_ln1355_3" contextFuncName="multmat" moduleName="multmat" rtlName="zext_ln1355_3_fu_232_p1" latency="0" BRAM="-1" DSP="-1" FF="-1" LUT="-1" fileDirectory="D:\Vitis\Vivado_hls_projects\Matrice_binaire"&gt;&lt;\/item&gt;
<item  id="50" filename="Matrice_bianire.cpp" linenumber="17" name="add_ln1355_1" contextFuncName="multmat" moduleName="multmat" rtlName="add_ln1355_1_fu_236_p2" latency="0" BRAM="-1" DSP="-1" FF="0" LUT="22" fileDirectory="D:\Vitis\Vivado_hls_projects\Matrice_binaire"&gt;&lt;\/item&gt;
<item  id="51" filename="Matrice_bianire.cpp" linenumber="17" name="zext_ln1355_4" contextFuncName="multmat" moduleName="multmat" rtlName="zext_ln1355_4_fu_241_p1" latency="0" BRAM="-1" DSP="-1" FF="-1" LUT="-1" fileDirectory="D:\Vitis\Vivado_hls_projects\Matrice_binaire"&gt;&lt;\/item&gt;
<item  id="55" filename="Matrice_bianire.cpp" linenumber="17" name="ret_V" contextFuncName="multmat" moduleName="multmat" rtlName="ret_V_fu_246_p2" latency="0" BRAM="-1" DSP="-1" FF="0" LUT="2" fileDirectory="D:\Vitis\Vivado_hls_projects\Matrice_binaire"&gt;&lt;\/item&gt;
<item  id="56" filename="Matrice_bianire.cpp" linenumber="17" name="Entree_V" contextFuncName="multmat" moduleName="multmat" rtlName="Entree_V_fu_252_p1" latency="0" BRAM="-1" DSP="-1" FF="-1" LUT="-1" fileDirectory="D:\Vitis\Vivado_hls_projects\Matrice_binaire"&gt;&lt;\/item&gt;
<item  id="57" filename="Matrice_bianire.cpp" linenumber="18" name="add_ln700" contextFuncName="multmat" moduleName="multmat" rtlName="add_ln700_fu_256_p2" latency="0" BRAM="-1" DSP="-1" FF="0" LUT="16" fileDirectory="D:\Vitis\Vivado_hls_projects\Matrice_binaire"&gt;&lt;\/item&gt;
&lt;\/annotationInfo&gt;
<annotationInfo>
<item  id="7" filename="Matrice_bianire.cpp" linenumber="27" name="icmp_ln27" contextFuncName="multmat2" moduleName="multmat2" rtlName="icmp_ln27_fu_120_p2" latency="0" BRAM="-1" DSP="-1" FF="0" LUT="11" fileDirectory="D:\Vitis\Vivado_hls_projects\Matrice_binaire"&gt;&lt;\/item&gt;
<item  id="9" filename="Matrice_bianire.cpp" linenumber="27" name="i" contextFuncName="multmat2" moduleName="multmat2" rtlName="i_fu_126_p2" latency="0" BRAM="-1" DSP="-1" FF="0" LUT="15" fileDirectory="D:\Vitis\Vivado_hls_projects\Matrice_binaire"&gt;&lt;\/item&gt;
<item  id="14" filename="Matrice_bianire.cpp" linenumber="34" name="tmp_3" contextFuncName="multmat2" moduleName="multmat2" rtlName="tmp_3_fu_132_p3" latency="0" BRAM="-1" DSP="-1" FF="-1" LUT="-1" fileDirectory="D:\Vitis\Vivado_hls_projects\Matrice_binaire"&gt;&lt;\/item&gt;
<item  id="15" filename="Matrice_bianire.cpp" linenumber="29" name="zext_ln29" contextFuncName="multmat2" moduleName="multmat2" rtlName="zext_ln29_fu_140_p1" latency="0" BRAM="-1" DSP="-1" FF="-1" LUT="-1" fileDirectory="D:\Vitis\Vivado_hls_projects\Matrice_binaire"&gt;&lt;\/item&gt;
<item  id="19" filename="Matrice_bianire.cpp" linenumber="29" name="icmp_ln29" contextFuncName="multmat2" moduleName="multmat2" rtlName="icmp_ln29_fu_144_p2" latency="0" BRAM="-1" DSP="-1" FF="0" LUT="11" fileDirectory="D:\Vitis\Vivado_hls_projects\Matrice_binaire"&gt;&lt;\/item&gt;
<item  id="21" filename="Matrice_bianire.cpp" linenumber="29" name="j" contextFuncName="multmat2" moduleName="multmat2" rtlName="j_fu_150_p2" latency="0" BRAM="-1" DSP="-1" FF="0" LUT="15" fileDirectory="D:\Vitis\Vivado_hls_projects\Matrice_binaire"&gt;&lt;\/item&gt;
<item  id="26" filename="Matrice_bianire.cpp" linenumber="31" name="zext_ln321" contextFuncName="multmat2" moduleName="multmat2" rtlName="zext_ln321_fu_156_p1" latency="0" BRAM="-1" DSP="-1" FF="-1" LUT="-1" fileDirectory="D:\Vitis\Vivado_hls_projects\Matrice_binaire"&gt;&lt;\/item&gt;
<item  id="27" filename="Matrice_bianire.cpp" linenumber="31" name="add_ln321" contextFuncName="multmat2" moduleName="multmat2" rtlName="add_ln321_fu_160_p2" latency="0" BRAM="-1" DSP="-1" FF="0" LUT="19" fileDirectory="D:\Vitis\Vivado_hls_projects\Matrice_binaire"&gt;&lt;\/item&gt;
<item  id="28" filename="Matrice_bianire.cpp" linenumber="31" name="zext_ln321_5" contextFuncName="multmat2" moduleName="multmat2" rtlName="zext_ln321_5_fu_165_p1" latency="0" BRAM="-1" DSP="-1" FF="-1" LUT="-1" fileDirectory="D:\Vitis\Vivado_hls_projects\Matrice_binaire"&gt;&lt;\/item&gt;
<item  id="35" filename="Matrice_bianire.cpp" linenumber="32" name="icmp_ln32" contextFuncName="multmat2" moduleName="multmat2" rtlName="icmp_ln32_fu_170_p2" latency="0" BRAM="-1" DSP="-1" FF="0" LUT="11" fileDirectory="D:\Vitis\Vivado_hls_projects\Matrice_binaire"&gt;&lt;\/item&gt;
<item  id="37" filename="Matrice_bianire.cpp" linenumber="32" name="k" contextFuncName="multmat2" moduleName="multmat2" rtlName="k_fu_176_p2" latency="0" BRAM="-1" DSP="-1" FF="0" LUT="15" fileDirectory="D:\Vitis\Vivado_hls_projects\Matrice_binaire"&gt;&lt;\/item&gt;
<item  id="41" filename="Matrice_bianire.cpp" linenumber="34" name="zext_ln1355" contextFuncName="multmat2" moduleName="multmat2" rtlName="zext_ln1355_fu_182_p1" latency="0" BRAM="-1" DSP="-1" FF="-1" LUT="-1" fileDirectory="D:\Vitis\Vivado_hls_projects\Matrice_binaire"&gt;&lt;\/item&gt;
<item  id="42" filename="Matrice_bianire.cpp" linenumber="34" name="add_ln1355" contextFuncName="multmat2" moduleName="multmat2" rtlName="add_ln1355_fu_186_p2" latency="0" BRAM="-1" DSP="-1" FF="0" LUT="19" fileDirectory="D:\Vitis\Vivado_hls_projects\Matrice_binaire"&gt;&lt;\/item&gt;
<item  id="43" filename="Matrice_bianire.cpp" linenumber="34" name="zext_ln1355_1" contextFuncName="multmat2" moduleName="multmat2" rtlName="zext_ln1355_1_fu_191_p1" latency="0" BRAM="-1" DSP="-1" FF="-1" LUT="-1" fileDirectory="D:\Vitis\Vivado_hls_projects\Matrice_binaire"&gt;&lt;\/item&gt;
<item  id="45" filename="Matrice_bianire.cpp" linenumber="34" name="tmp_4" contextFuncName="multmat2" moduleName="multmat2" rtlName="tmp_4_fu_196_p3" latency="0" BRAM="-1" DSP="-1" FF="-1" LUT="-1" fileDirectory="D:\Vitis\Vivado_hls_projects\Matrice_binaire"&gt;&lt;\/item&gt;
<item  id="46" filename="Matrice_bianire.cpp" linenumber="34" name="zext_ln215" contextFuncName="multmat2" moduleName="multmat2" rtlName="zext_ln215_fu_204_p1" latency="0" BRAM="-1" DSP="-1" FF="-1" LUT="-1" fileDirectory="D:\Vitis\Vivado_hls_projects\Matrice_binaire"&gt;&lt;\/item&gt;
<item  id="47" filename="Matrice_bianire.cpp" linenumber="34" name="add_ln215" contextFuncName="multmat2" moduleName="multmat2" rtlName="add_ln215_fu_208_p2" latency="0" BRAM="-1" DSP="-1" FF="0" LUT="19" fileDirectory="D:\Vitis\Vivado_hls_projects\Matrice_binaire"&gt;&lt;\/item&gt;
<item  id="48" filename="Matrice_bianire.cpp" linenumber="34" name="zext_ln215_1" contextFuncName="multmat2" moduleName="multmat2" rtlName="zext_ln215_1_fu_213_p1" latency="0" BRAM="-1" DSP="-1" FF="-1" LUT="-1" fileDirectory="D:\Vitis\Vivado_hls_projects\Matrice_binaire"&gt;&lt;\/item&gt;
<item  id="51" filename="Matrice_bianire.cpp" linenumber="34" name="trunc_ln1355" contextFuncName="multmat2" moduleName="multmat2" rtlName="trunc_ln1355_fu_218_p1" latency="0" BRAM="-1" DSP="-1" FF="-1" LUT="-1" fileDirectory="D:\Vitis\Vivado_hls_projects\Matrice_binaire"&gt;&lt;\/item&gt;
<item  id="53" filename="Matrice_bianire.cpp" linenumber="34" name="ret_V" contextFuncName="multmat2" moduleName="multmat2" rtlName="ret_V_fu_222_p2" latency="0" BRAM="-1" DSP="-1" FF="0" LUT="2" fileDirectory="D:\Vitis\Vivado_hls_projects\Matrice_binaire"&gt;&lt;\/item&gt;
<item  id="54" filename="Matrice_bianire.cpp" linenumber="34" name="Entree_V" contextFuncName="multmat2" moduleName="multmat2" rtlName="Entree_V_fu_228_p1" latency="0" BRAM="-1" DSP="-1" FF="-1" LUT="-1" fileDirectory="D:\Vitis\Vivado_hls_projects\Matrice_binaire"&gt;&lt;\/item&gt;
<item  id="55" filename="Matrice_bianire.cpp" linenumber="35" name="add_ln700" contextFuncName="multmat2" moduleName="multmat2" rtlName="add_ln700_fu_232_p2" latency="0" BRAM="-1" DSP="-1" FF="0" LUT="21" fileDirectory="D:\Vitis\Vivado_hls_projects\Matrice_binaire"&gt;&lt;\/item&gt;
&lt;\/annotationInfo&gt;
<annotationInfo>
<item  id="5" filename="Matrice_bianire.cpp" linenumber="43" name="icmp_ln43" contextFuncName="scale" moduleName="scale" rtlName="icmp_ln43_fu_74_p2" latency="0" BRAM="-1" DSP="-1" FF="0" LUT="13" fileDirectory="D:\Vitis\Vivado_hls_projects\Matrice_binaire"&gt;&lt;\/item&gt;
<item  id="7" filename="Matrice_bianire.cpp" linenumber="43" name="i" contextFuncName="scale" moduleName="scale" rtlName="i_fu_80_p2" latency="0" BRAM="-1" DSP="-1" FF="0" LUT="16" fileDirectory="D:\Vitis\Vivado_hls_projects\Matrice_binaire"&gt;&lt;\/item&gt;
<item  id="12" filename="Matrice_bianire.cpp" linenumber="47" name="tmp_2" contextFuncName="scale" moduleName="scale" rtlName="tmp_2_fu_86_p3" latency="0" BRAM="-1" DSP="-1" FF="-1" LUT="-1" fileDirectory="D:\Vitis\Vivado_hls_projects\Matrice_binaire"&gt;&lt;\/item&gt;
<item  id="13" filename="Matrice_bianire.cpp" linenumber="45" name="zext_ln45" contextFuncName="scale" moduleName="scale" rtlName="zext_ln45_fu_94_p1" latency="0" BRAM="-1" DSP="-1" FF="-1" LUT="-1" fileDirectory="D:\Vitis\Vivado_hls_projects\Matrice_binaire"&gt;&lt;\/item&gt;
<item  id="17" filename="Matrice_bianire.cpp" linenumber="45" name="icmp_ln45" contextFuncName="scale" moduleName="scale" rtlName="icmp_ln45_fu_98_p2" latency="0" BRAM="-1" DSP="-1" FF="0" LUT="11" fileDirectory="D:\Vitis\Vivado_hls_projects\Matrice_binaire"&gt;&lt;\/item&gt;
<item  id="19" filename="Matrice_bianire.cpp" linenumber="45" name="j" contextFuncName="scale" moduleName="scale" rtlName="j_fu_104_p2" latency="0" BRAM="-1" DSP="-1" FF="0" LUT="15" fileDirectory="D:\Vitis\Vivado_hls_projects\Matrice_binaire"&gt;&lt;\/item&gt;
<item  id="23" filename="Matrice_bianire.cpp" linenumber="47" name="zext_ln203" contextFuncName="scale" moduleName="scale" rtlName="zext_ln203_fu_110_p1" latency="0" BRAM="-1" DSP="-1" FF="-1" LUT="-1" fileDirectory="D:\Vitis\Vivado_hls_projects\Matrice_binaire"&gt;&lt;\/item&gt;
<item  id="24" filename="Matrice_bianire.cpp" linenumber="47" name="add_ln203" contextFuncName="scale" moduleName="scale" rtlName="add_ln203_fu_114_p2" latency="0" BRAM="-1" DSP="-1" FF="0" LUT="22" fileDirectory="D:\Vitis\Vivado_hls_projects\Matrice_binaire"&gt;&lt;\/item&gt;
<item  id="25" filename="Matrice_bianire.cpp" linenumber="47" name="zext_ln203_1" contextFuncName="scale" moduleName="scale" rtlName="zext_ln203_1_fu_119_p1" latency="0" BRAM="-1" DSP="-1" FF="-1" LUT="-1" fileDirectory="D:\Vitis\Vivado_hls_projects\Matrice_binaire"&gt;&lt;\/item&gt;
&lt;\/annotationInfo&gt;
<annotationInfo>
<item  id="7" filename="Matrice_bianire.cpp" linenumber="76" name="icmp_ln76" contextFuncName="BlocLinear512" moduleName="BlocLinear512" rtlName="icmp_ln76_fu_154_p2" latency="0" BRAM="-1" DSP="-1" FF="0" LUT="13" fileDirectory="D:\Vitis\Vivado_hls_projects\Matrice_binaire"&gt;&lt;\/item&gt;
<item  id="9" filename="Matrice_bianire.cpp" linenumber="76" name="i" contextFuncName="BlocLinear512" moduleName="BlocLinear512" rtlName="i_fu_160_p2" latency="0" BRAM="-1" DSP="-1" FF="0" LUT="17" fileDirectory="D:\Vitis\Vivado_hls_projects\Matrice_binaire"&gt;&lt;\/item&gt;
<item  id="12" filename="Matrice_bianire.cpp" linenumber="83" name="tmp_8" contextFuncName="BlocLinear512" moduleName="BlocLinear512" rtlName="tmp_8_fu_166_p3" latency="0" BRAM="-1" DSP="-1" FF="-1" LUT="-1" fileDirectory="D:\Vitis\Vivado_hls_projects\Matrice_binaire"&gt;&lt;\/item&gt;
<item  id="13" filename="Matrice_bianire.cpp" linenumber="80" name="zext_ln203" contextFuncName="BlocLinear512" moduleName="BlocLinear512" rtlName="zext_ln203_fu_174_p1" latency="0" BRAM="-1" DSP="-1" FF="-1" LUT="-1" fileDirectory="D:\Vitis\Vivado_hls_projects\Matrice_binaire"&gt;&lt;\/item&gt;
<item  id="14" filename="Matrice_bianire.cpp" linenumber="80" name="tmp_9" contextFuncName="BlocLinear512" moduleName="BlocLinear512" rtlName="tmp_9_fu_178_p3" latency="0" BRAM="-1" DSP="-1" FF="-1" LUT="-1" fileDirectory="D:\Vitis\Vivado_hls_projects\Matrice_binaire"&gt;&lt;\/item&gt;
<item  id="15" filename="Matrice_bianire.cpp" linenumber="78" name="zext_ln78" contextFuncName="BlocLinear512" moduleName="BlocLinear512" rtlName="zext_ln78_fu_186_p1" latency="0" BRAM="-1" DSP="-1" FF="-1" LUT="-1" fileDirectory="D:\Vitis\Vivado_hls_projects\Matrice_binaire"&gt;&lt;\/item&gt;
<item  id="19" filename="Matrice_bianire.cpp" linenumber="78" name="icmp_ln78" contextFuncName="BlocLinear512" moduleName="BlocLinear512" rtlName="icmp_ln78_fu_190_p2" latency="0" BRAM="-1" DSP="-1" FF="0" LUT="11" fileDirectory="D:\Vitis\Vivado_hls_projects\Matrice_binaire"&gt;&lt;\/item&gt;
<item  id="21" filename="Matrice_bianire.cpp" linenumber="78" name="j" contextFuncName="BlocLinear512" moduleName="BlocLinear512" rtlName="j_fu_196_p2" latency="0" BRAM="-1" DSP="-1" FF="0" LUT="15" fileDirectory="D:\Vitis\Vivado_hls_projects\Matrice_binaire"&gt;&lt;\/item&gt;
<item  id="26" filename="Matrice_bianire.cpp" linenumber="80" name="zext_ln203_2" contextFuncName="BlocLinear512" moduleName="BlocLinear512" rtlName="zext_ln203_2_fu_202_p1" latency="0" BRAM="-1" DSP="-1" FF="-1" LUT="-1" fileDirectory="D:\Vitis\Vivado_hls_projects\Matrice_binaire"&gt;&lt;\/item&gt;
<item  id="27" filename="Matrice_bianire.cpp" linenumber="80" name="zext_ln203_3" contextFuncName="BlocLinear512" moduleName="BlocLinear512" rtlName="zext_ln203_3_fu_206_p1" latency="0" BRAM="-1" DSP="-1" FF="-1" LUT="-1" fileDirectory="D:\Vitis\Vivado_hls_projects\Matrice_binaire"&gt;&lt;\/item&gt;
<item  id="28" filename="Matrice_bianire.cpp" linenumber="80" name="add_ln203" contextFuncName="BlocLinear512" moduleName="BlocLinear512" rtlName="add_ln203_fu_210_p2" latency="0" BRAM="-1" DSP="-1" FF="0" LUT="23" fileDirectory="D:\Vitis\Vivado_hls_projects\Matrice_binaire"&gt;&lt;\/item&gt;
<item  id="29" filename="Matrice_bianire.cpp" linenumber="80" name="zext_ln203_4" contextFuncName="BlocLinear512" moduleName="BlocLinear512" rtlName="zext_ln203_4_fu_215_p1" latency="0" BRAM="-1" DSP="-1" FF="-1" LUT="-1" fileDirectory="D:\Vitis\Vivado_hls_projects\Matrice_binaire"&gt;&lt;\/item&gt;
<item  id="36" filename="Matrice_bianire.cpp" linenumber="81" name="icmp_ln81" contextFuncName="BlocLinear512" moduleName="BlocLinear512" rtlName="icmp_ln81_fu_220_p2" latency="0" BRAM="-1" DSP="-1" FF="0" LUT="13" fileDirectory="D:\Vitis\Vivado_hls_projects\Matrice_binaire"&gt;&lt;\/item&gt;
<item  id="38" filename="Matrice_bianire.cpp" linenumber="81" name="k" contextFuncName="BlocLinear512" moduleName="BlocLinear512" rtlName="k_fu_226_p2" latency="0" BRAM="-1" DSP="-1" FF="0" LUT="16" fileDirectory="D:\Vitis\Vivado_hls_projects\Matrice_binaire"&gt;&lt;\/item&gt;
<item  id="42" filename="Matrice_bianire.cpp" linenumber="83" name="zext_ln1116" contextFuncName="BlocLinear512" moduleName="BlocLinear512" rtlName="zext_ln1116_fu_232_p1" latency="0" BRAM="-1" DSP="-1" FF="-1" LUT="-1" fileDirectory="D:\Vitis\Vivado_hls_projects\Matrice_binaire"&gt;&lt;\/item&gt;
<item  id="43" filename="Matrice_bianire.cpp" linenumber="83" name="add_ln1116" contextFuncName="BlocLinear512" moduleName="BlocLinear512" rtlName="add_ln1116_fu_236_p2" latency="0" BRAM="-1" DSP="-1" FF="0" LUT="26" fileDirectory="D:\Vitis\Vivado_hls_projects\Matrice_binaire"&gt;&lt;\/item&gt;
<item  id="44" filename="Matrice_bianire.cpp" linenumber="83" name="zext_ln1116_1" contextFuncName="BlocLinear512" moduleName="BlocLinear512" rtlName="zext_ln1116_1_fu_241_p1" latency="0" BRAM="-1" DSP="-1" FF="-1" LUT="-1" fileDirectory="D:\Vitis\Vivado_hls_projects\Matrice_binaire"&gt;&lt;\/item&gt;
<item  id="46" filename="Matrice_bianire.cpp" linenumber="83" name="tmp_s" contextFuncName="BlocLinear512" moduleName="BlocLinear512" rtlName="tmp_s_fu_246_p3" latency="0" BRAM="-1" DSP="-1" FF="-1" LUT="-1" fileDirectory="D:\Vitis\Vivado_hls_projects\Matrice_binaire"&gt;&lt;\/item&gt;
<item  id="47" filename="Matrice_bianire.cpp" linenumber="83" name="zext_ln1117" contextFuncName="BlocLinear512" moduleName="BlocLinear512" rtlName="zext_ln1117_fu_254_p1" latency="0" BRAM="-1" DSP="-1" FF="-1" LUT="-1" fileDirectory="D:\Vitis\Vivado_hls_projects\Matrice_binaire"&gt;&lt;\/item&gt;
<item  id="48" filename="Matrice_bianire.cpp" linenumber="83" name="add_ln1117" contextFuncName="BlocLinear512" moduleName="BlocLinear512" rtlName="add_ln1117_fu_258_p2" latency="0" BRAM="-1" DSP="-1" FF="0" LUT="22" fileDirectory="D:\Vitis\Vivado_hls_projects\Matrice_binaire"&gt;&lt;\/item&gt;
<item  id="49" filename="Matrice_bianire.cpp" linenumber="83" name="zext_ln1117_1" contextFuncName="BlocLinear512" moduleName="BlocLinear512" rtlName="zext_ln1117_1_fu_263_p1" latency="0" BRAM="-1" DSP="-1" FF="-1" LUT="-1" fileDirectory="D:\Vitis\Vivado_hls_projects\Matrice_binaire"&gt;&lt;\/item&gt;
<item  id="52" filename="Matrice_bianire.cpp" linenumber="83" name="r_V" contextFuncName="BlocLinear512" moduleName="BlocLinear512" rtlName="r_V_fu_268_p1" latency="0" BRAM="-1" DSP="-1" FF="-1" LUT="-1" fileDirectory="D:\Vitis\Vivado_hls_projects\Matrice_binaire"&gt;&lt;\/item&gt;
<item  id="54" filename="Matrice_bianire.cpp" linenumber="83" name="select_ln1118" contextFuncName="BlocLinear512" moduleName="BlocLinear512" rtlName="select_ln1118_fu_272_p3" latency="0" BRAM="-1" DSP="-1" FF="0" LUT="2" fileDirectory="D:\Vitis\Vivado_hls_projects\Matrice_binaire"&gt;&lt;\/item&gt;
<item  id="55" filename="Matrice_bianire.cpp" linenumber="83" name="r_V_2" contextFuncName="BlocLinear512" moduleName="BlocLinear512" rtlName="r_V_2_fu_280_p2" latency="0" BRAM="-1" DSP="-1" FF="0" LUT="30" fileDirectory="D:\Vitis\Vivado_hls_projects\Matrice_binaire"&gt;&lt;\/item&gt;
<item  id="56" filename="Matrice_bianire.cpp" linenumber="83" name="lhs_V" contextFuncName="BlocLinear512" moduleName="BlocLinear512" rtlName="lhs_V_fu_286_p3" latency="0" BRAM="-1" DSP="-1" FF="-1" LUT="-1" fileDirectory="D:\Vitis\Vivado_hls_projects\Matrice_binaire"&gt;&lt;\/item&gt;
<item  id="57" filename="Matrice_bianire.cpp" linenumber="83" name="sext_ln703" contextFuncName="BlocLinear512" moduleName="BlocLinear512" rtlName="sext_ln703_fu_294_p1" latency="0" BRAM="-1" DSP="-1" FF="-1" LUT="-1" fileDirectory="D:\Vitis\Vivado_hls_projects\Matrice_binaire"&gt;&lt;\/item&gt;
<item  id="58" filename="Matrice_bianire.cpp" linenumber="83" name="ret_V" contextFuncName="BlocLinear512" moduleName="BlocLinear512" rtlName="ret_V_fu_298_p2" latency="0" BRAM="-1" DSP="-1" FF="0" LUT="45" fileDirectory="D:\Vitis\Vivado_hls_projects\Matrice_binaire"&gt;&lt;\/item&gt;
<item  id="59" filename="Matrice_bianire.cpp" linenumber="83" name="trunc_ln" contextFuncName="BlocLinear512" moduleName="BlocLinear512" rtlName="p_Val2_s_reg_130" latency="0" BRAM="-1" DSP="-1" FF="-1" LUT="-1" fileDirectory="D:\Vitis\Vivado_hls_projects\Matrice_binaire"&gt;&lt;\/item&gt;
&lt;\/annotationInfo&gt;
<annotationInfo>
<item  id="7" filename="Matrice_bianire.cpp" linenumber="123" name="icmp_ln123" contextFuncName="Lif512" moduleName="Lif512" rtlName="icmp_ln123_fu_103_p2" latency="0" BRAM="-1" DSP="-1" FF="0" LUT="13" fileDirectory="D:\Vitis\Vivado_hls_projects\Matrice_binaire"&gt;&lt;\/item&gt;
<item  id="9" filename="Matrice_bianire.cpp" linenumber="123" name="i" contextFuncName="Lif512" moduleName="Lif512" rtlName="i_fu_109_p2" latency="0" BRAM="-1" DSP="-1" FF="0" LUT="16" fileDirectory="D:\Vitis\Vivado_hls_projects\Matrice_binaire"&gt;&lt;\/item&gt;
<item  id="12" filename="Matrice_bianire.cpp" linenumber="127" name="tmp" contextFuncName="Lif512" moduleName="Lif512" rtlName="tmp_fu_115_p3" latency="0" BRAM="-1" DSP="-1" FF="-1" LUT="-1" fileDirectory="D:\Vitis\Vivado_hls_projects\Matrice_binaire"&gt;&lt;\/item&gt;
<item  id="13" filename="Matrice_bianire.cpp" linenumber="125" name="zext_ln125" contextFuncName="Lif512" moduleName="Lif512" rtlName="zext_ln125_fu_123_p1" latency="0" BRAM="-1" DSP="-1" FF="-1" LUT="-1" fileDirectory="D:\Vitis\Vivado_hls_projects\Matrice_binaire"&gt;&lt;\/item&gt;
<item  id="17" filename="Matrice_bianire.cpp" linenumber="125" name="icmp_ln125" contextFuncName="Lif512" moduleName="Lif512" rtlName="icmp_ln125_fu_127_p2" latency="0" BRAM="-1" DSP="-1" FF="0" LUT="11" fileDirectory="D:\Vitis\Vivado_hls_projects\Matrice_binaire"&gt;&lt;\/item&gt;
<item  id="19" filename="Matrice_bianire.cpp" linenumber="125" name="j" contextFuncName="Lif512" moduleName="Lif512" rtlName="j_fu_133_p2" latency="0" BRAM="-1" DSP="-1" FF="0" LUT="15" fileDirectory="D:\Vitis\Vivado_hls_projects\Matrice_binaire"&gt;&lt;\/item&gt;
<item  id="23" filename="Matrice_bianire.cpp" linenumber="127" name="zext_ln1265" contextFuncName="Lif512" moduleName="Lif512" rtlName="zext_ln1265_fu_139_p1" latency="0" BRAM="-1" DSP="-1" FF="-1" LUT="-1" fileDirectory="D:\Vitis\Vivado_hls_projects\Matrice_binaire"&gt;&lt;\/item&gt;
<item  id="24" filename="Matrice_bianire.cpp" linenumber="127" name="add_ln1265" contextFuncName="Lif512" moduleName="Lif512" rtlName="add_ln1265_fu_143_p2" latency="0" BRAM="-1" DSP="-1" FF="0" LUT="22" fileDirectory="D:\Vitis\Vivado_hls_projects\Matrice_binaire"&gt;&lt;\/item&gt;
<item  id="25" filename="Matrice_bianire.cpp" linenumber="127" name="zext_ln1265_1" contextFuncName="Lif512" moduleName="Lif512" rtlName="zext_ln1265_1_fu_148_p1" latency="0" BRAM="-1" DSP="-1" FF="-1" LUT="-1" fileDirectory="D:\Vitis\Vivado_hls_projects\Matrice_binaire"&gt;&lt;\/item&gt;
<item  id="31" filename="Matrice_bianire.cpp" linenumber="127" name="add_ln703" contextFuncName="Lif512" moduleName="Lif512" rtlName="add_ln703_fu_154_p2" latency="0" BRAM="-1" DSP="-1" FF="0" LUT="31" fileDirectory="D:\Vitis\Vivado_hls_projects\Matrice_binaire"&gt;&lt;\/item&gt;
<item  id="32" filename="Matrice_bianire.cpp" linenumber="128" name="icmp_ln1494" contextFuncName="Lif512" moduleName="Lif512" rtlName="icmp_ln1494_fu_160_p2" latency="0" BRAM="-1" DSP="-1" FF="0" LUT="18" fileDirectory="D:\Vitis\Vivado_hls_projects\Matrice_binaire"&gt;&lt;\/item&gt;
<item  id="34" filename="Matrice_bianire.cpp" linenumber="129" name="xor_ln703" contextFuncName="Lif512" moduleName="Lif512" rtlName="xor_ln703_fu_166_p2" latency="0" BRAM="-1" DSP="-1" FF="0" LUT="2" fileDirectory="D:\Vitis\Vivado_hls_projects\Matrice_binaire"&gt;&lt;\/item&gt;
<item  id="35" filename="Matrice_bianire.cpp" linenumber="129" name="select_ln703" contextFuncName="Lif512" moduleName="Lif512" rtlName="select_ln703_fu_172_p3" latency="0" BRAM="-1" DSP="-1" FF="0" LUT="2" fileDirectory="D:\Vitis\Vivado_hls_projects\Matrice_binaire"&gt;&lt;\/item&gt;
<item  id="36" filename="Matrice_bianire.cpp" linenumber="129" name="and_ln703" contextFuncName="Lif512" moduleName="Lif512" rtlName="matricet_V_d0" latency="0" BRAM="-1" DSP="-1" FF="0" LUT="24" fileDirectory="D:\Vitis\Vivado_hls_projects\Matrice_binaire"&gt;&lt;\/item&gt;
&lt;\/annotationInfo&gt;
<annotationInfo>
<item  id="7" filename="Matrice_bianire.cpp" linenumber="59" name="icmp_ln59" contextFuncName="BlocLinear" moduleName="BlocLinear" rtlName="icmp_ln59_fu_134_p2" latency="0" BRAM="-1" DSP="-1" FF="0" LUT="13" fileDirectory="D:\Vitis\Vivado_hls_projects\Matrice_binaire"&gt;&lt;\/item&gt;
<item  id="9" filename="Matrice_bianire.cpp" linenumber="59" name="i" contextFuncName="BlocLinear" moduleName="BlocLinear" rtlName="i_fu_140_p2" latency="0" BRAM="-1" DSP="-1" FF="0" LUT="16" fileDirectory="D:\Vitis\Vivado_hls_projects\Matrice_binaire"&gt;&lt;\/item&gt;
<item  id="12" filename="Matrice_bianire.cpp" linenumber="66" name="tmp_s" contextFuncName="BlocLinear" moduleName="BlocLinear" rtlName="tmp_s_fu_146_p3" latency="0" BRAM="-1" DSP="-1" FF="-1" LUT="-1" fileDirectory="D:\Vitis\Vivado_hls_projects\Matrice_binaire"&gt;&lt;\/item&gt;
<item  id="13" filename="Matrice_bianire.cpp" linenumber="63" name="zext_ln203" contextFuncName="BlocLinear" moduleName="BlocLinear" rtlName="zext_ln203_fu_154_p1" latency="0" BRAM="-1" DSP="-1" FF="-1" LUT="-1" fileDirectory="D:\Vitis\Vivado_hls_projects\Matrice_binaire"&gt;&lt;\/item&gt;
<item  id="14" filename="Matrice_bianire.cpp" linenumber="63" name="tmp_3" contextFuncName="BlocLinear" moduleName="BlocLinear" rtlName="tmp_3_fu_158_p3" latency="0" BRAM="-1" DSP="-1" FF="-1" LUT="-1" fileDirectory="D:\Vitis\Vivado_hls_projects\Matrice_binaire"&gt;&lt;\/item&gt;
<item  id="15" filename="Matrice_bianire.cpp" linenumber="61" name="zext_ln61" contextFuncName="BlocLinear" moduleName="BlocLinear" rtlName="zext_ln61_fu_166_p1" latency="0" BRAM="-1" DSP="-1" FF="-1" LUT="-1" fileDirectory="D:\Vitis\Vivado_hls_projects\Matrice_binaire"&gt;&lt;\/item&gt;
<item  id="19" filename="Matrice_bianire.cpp" linenumber="61" name="icmp_ln61" contextFuncName="BlocLinear" moduleName="BlocLinear" rtlName="icmp_ln61_fu_170_p2" latency="0" BRAM="-1" DSP="-1" FF="0" LUT="11" fileDirectory="D:\Vitis\Vivado_hls_projects\Matrice_binaire"&gt;&lt;\/item&gt;
<item  id="21" filename="Matrice_bianire.cpp" linenumber="61" name="j" contextFuncName="BlocLinear" moduleName="BlocLinear" rtlName="j_fu_176_p2" latency="0" BRAM="-1" DSP="-1" FF="0" LUT="15" fileDirectory="D:\Vitis\Vivado_hls_projects\Matrice_binaire"&gt;&lt;\/item&gt;
<item  id="26" filename="Matrice_bianire.cpp" linenumber="63" name="zext_ln203_7" contextFuncName="BlocLinear" moduleName="BlocLinear" rtlName="zext_ln203_7_fu_182_p1" latency="0" BRAM="-1" DSP="-1" FF="-1" LUT="-1" fileDirectory="D:\Vitis\Vivado_hls_projects\Matrice_binaire"&gt;&lt;\/item&gt;
<item  id="27" filename="Matrice_bianire.cpp" linenumber="63" name="add_ln203" contextFuncName="BlocLinear" moduleName="BlocLinear" rtlName="add_ln203_fu_186_p2" latency="0" BRAM="-1" DSP="-1" FF="0" LUT="22" fileDirectory="D:\Vitis\Vivado_hls_projects\Matrice_binaire"&gt;&lt;\/item&gt;
<item  id="28" filename="Matrice_bianire.cpp" linenumber="63" name="zext_ln203_8" contextFuncName="BlocLinear" moduleName="BlocLinear" rtlName="zext_ln203_8_fu_191_p1" latency="0" BRAM="-1" DSP="-1" FF="-1" LUT="-1" fileDirectory="D:\Vitis\Vivado_hls_projects\Matrice_binaire"&gt;&lt;\/item&gt;
<item  id="35" filename="Matrice_bianire.cpp" linenumber="64" name="icmp_ln64" contextFuncName="BlocLinear" moduleName="BlocLinear" rtlName="icmp_ln64_fu_196_p2" latency="0" BRAM="-1" DSP="-1" FF="0" LUT="13" fileDirectory="D:\Vitis\Vivado_hls_projects\Matrice_binaire"&gt;&lt;\/item&gt;
<item  id="37" filename="Matrice_bianire.cpp" linenumber="64" name="k" contextFuncName="BlocLinear" moduleName="BlocLinear" rtlName="k_fu_202_p2" latency="0" BRAM="-1" DSP="-1" FF="0" LUT="16" fileDirectory="D:\Vitis\Vivado_hls_projects\Matrice_binaire"&gt;&lt;\/item&gt;
<item  id="41" filename="Matrice_bianire.cpp" linenumber="66" name="zext_ln1116" contextFuncName="BlocLinear" moduleName="BlocLinear" rtlName="zext_ln1116_fu_208_p1" latency="0" BRAM="-1" DSP="-1" FF="-1" LUT="-1" fileDirectory="D:\Vitis\Vivado_hls_projects\Matrice_binaire"&gt;&lt;\/item&gt;
<item  id="42" filename="Matrice_bianire.cpp" linenumber="66" name="add_ln1116" contextFuncName="BlocLinear" moduleName="BlocLinear" rtlName="add_ln1116_fu_212_p2" latency="0" BRAM="-1" DSP="-1" FF="0" LUT="25" fileDirectory="D:\Vitis\Vivado_hls_projects\Matrice_binaire"&gt;&lt;\/item&gt;
<item  id="43" filename="Matrice_bianire.cpp" linenumber="66" name="zext_ln1116_3" contextFuncName="BlocLinear" moduleName="BlocLinear" rtlName="zext_ln1116_3_fu_217_p1" latency="0" BRAM="-1" DSP="-1" FF="-1" LUT="-1" fileDirectory="D:\Vitis\Vivado_hls_projects\Matrice_binaire"&gt;&lt;\/item&gt;
<item  id="45" filename="Matrice_bianire.cpp" linenumber="66" name="tmp_4" contextFuncName="BlocLinear" moduleName="BlocLinear" rtlName="tmp_4_fu_222_p3" latency="0" BRAM="-1" DSP="-1" FF="-1" LUT="-1" fileDirectory="D:\Vitis\Vivado_hls_projects\Matrice_binaire"&gt;&lt;\/item&gt;
<item  id="46" filename="Matrice_bianire.cpp" linenumber="66" name="zext_ln446" contextFuncName="BlocLinear" moduleName="BlocLinear" rtlName="zext_ln446_fu_230_p1" latency="0" BRAM="-1" DSP="-1" FF="-1" LUT="-1" fileDirectory="D:\Vitis\Vivado_hls_projects\Matrice_binaire"&gt;&lt;\/item&gt;
<item  id="47" filename="Matrice_bianire.cpp" linenumber="66" name="add_ln446" contextFuncName="BlocLinear" moduleName="BlocLinear" rtlName="add_ln446_fu_234_p2" latency="0" BRAM="-1" DSP="-1" FF="0" LUT="22" fileDirectory="D:\Vitis\Vivado_hls_projects\Matrice_binaire"&gt;&lt;\/item&gt;
<item  id="48" filename="Matrice_bianire.cpp" linenumber="66" name="zext_ln446_2" contextFuncName="BlocLinear" moduleName="BlocLinear" rtlName="zext_ln446_2_fu_239_p1" latency="0" BRAM="-1" DSP="-1" FF="-1" LUT="-1" fileDirectory="D:\Vitis\Vivado_hls_projects\Matrice_binaire"&gt;&lt;\/item&gt;
<item  id="52" filename="Matrice_bianire.cpp" linenumber="66" name="select_ln1118" contextFuncName="BlocLinear" moduleName="BlocLinear" rtlName="select_ln1118_fu_244_p3" latency="0" BRAM="-1" DSP="-1" FF="0" LUT="2" fileDirectory="D:\Vitis\Vivado_hls_projects\Matrice_binaire"&gt;&lt;\/item&gt;
<item  id="53" filename="Matrice_bianire.cpp" linenumber="66" name="r_V" contextFuncName="BlocLinear" moduleName="BlocLinear" rtlName="r_V_fu_252_p2" latency="0" BRAM="-1" DSP="-1" FF="0" LUT="16" fileDirectory="D:\Vitis\Vivado_hls_projects\Matrice_binaire"&gt;&lt;\/item&gt;
<item  id="54" filename="Matrice_bianire.cpp" linenumber="66" name="sext_ln703" contextFuncName="BlocLinear" moduleName="BlocLinear" rtlName="sext_ln703_fu_258_p1" latency="0" BRAM="-1" DSP="-1" FF="-1" LUT="-1" fileDirectory="D:\Vitis\Vivado_hls_projects\Matrice_binaire"&gt;&lt;\/item&gt;
<item  id="55" filename="Matrice_bianire.cpp" linenumber="66" name="add_ln703" contextFuncName="BlocLinear" moduleName="BlocLinear" rtlName="add_ln703_fu_262_p2" latency="0" BRAM="-1" DSP="-1" FF="0" LUT="31" fileDirectory="D:\Vitis\Vivado_hls_projects\Matrice_binaire"&gt;&lt;\/item&gt;
&lt;\/annotationInfo&gt;
<annotationInfo>
<item  id="50" filename="Matrice_bianire.cpp" linenumber="157" name="DenseQ_V" contextFuncName="Elements" moduleName="Elements" rtlName="DenseQ_V_U" latency="0" BRAM="-1" DSP="-1" FF="-1" LUT="-1" fileDirectory="D:\Vitis\Vivado_hls_projects\Matrice_binaire"><\/item>
<item  id="51" filename="Matrice_bianire.cpp" linenumber="158" name="DenseK_V" contextFuncName="Elements" moduleName="Elements" rtlName="DenseK_V_U" latency="0" BRAM="-1" DSP="-1" FF="-1" LUT="-1" fileDirectory="D:\Vitis\Vivado_hls_projects\Matrice_binaire"><\/item>
<item  id="52" filename="Matrice_bianire.cpp" linenumber="159" name="DenseV_V" contextFuncName="Elements" moduleName="Elements" rtlName="DenseV_V_U" latency="0" BRAM="-1" DSP="-1" FF="-1" LUT="-1" fileDirectory="D:\Vitis\Vivado_hls_projects\Matrice_binaire"><\/item>
<item  id="53" filename="Matrice_bianire.cpp" linenumber="161" name="DenseQt_1_V" contextFuncName="Elements" moduleName="Elements" rtlName="DenseQt_1_V_U" latency="0" BRAM="-1" DSP="-1" FF="-1" LUT="-1" fileDirectory="D:\Vitis\Vivado_hls_projects\Matrice_binaire"><\/item>
<item  id="54" filename="Matrice_bianire.cpp" linenumber="162" name="DenseKt_1_V" contextFuncName="Elements" moduleName="Elements" rtlName="DenseKt_1_V_U" latency="0" BRAM="-1" DSP="-1" FF="-1" LUT="-1" fileDirectory="D:\Vitis\Vivado_hls_projects\Matrice_binaire"><\/item>
<item  id="55" filename="Matrice_bianire.cpp" linenumber="163" name="DenseVt_1_V" contextFuncName="Elements" moduleName="Elements" rtlName="DenseVt_1_V_U" latency="0" BRAM="-1" DSP="-1" FF="-1" LUT="-1" fileDirectory="D:\Vitis\Vivado_hls_projects\Matrice_binaire"><\/item>
<item  id="56" filename="Matrice_bianire.cpp" linenumber="165" name="spikeQ_V" contextFuncName="Elements" moduleName="Elements" rtlName="spikeQ_V_U" latency="0" BRAM="-1" DSP="-1" FF="-1" LUT="-1" fileDirectory="D:\Vitis\Vivado_hls_projects\Matrice_binaire"><\/item>
<item  id="57" filename="Matrice_bianire.cpp" linenumber="166" name="spikeK_V" contextFuncName="Elements" moduleName="Elements" rtlName="spikeK_V_U" latency="0" BRAM="-1" DSP="-1" FF="-1" LUT="-1" fileDirectory="D:\Vitis\Vivado_hls_projects\Matrice_binaire"><\/item>
<item  id="58" filename="Matrice_bianire.cpp" linenumber="167" name="spikeKT_V" contextFuncName="Elements" moduleName="Elements" rtlName="spikeKT_V_U" latency="0" BRAM="-1" DSP="-1" FF="-1" LUT="-1" fileDirectory="D:\Vitis\Vivado_hls_projects\Matrice_binaire"><\/item>
<item  id="59" filename="Matrice_bianire.cpp" linenumber="168" name="spikeV_V" contextFuncName="Elements" moduleName="Elements" rtlName="spikeV_V_U" latency="0" BRAM="-1" DSP="-1" FF="-1" LUT="-1" fileDirectory="D:\Vitis\Vivado_hls_projects\Matrice_binaire"><\/item>
<item  id="60" filename="Matrice_bianire.cpp" linenumber="170" name="multmat1_V" contextFuncName="Elements" moduleName="Elements" rtlName="multmat1_V_U" latency="0" BRAM="-1" DSP="-1" FF="-1" LUT="-1" fileDirectory="D:\Vitis\Vivado_hls_projects\Matrice_binaire"><\/item>
<item  id="61" filename="Matrice_bianire.cpp" linenumber="171" name="Attention_V" contextFuncName="Elements" moduleName="Elements" rtlName="Attention_V_U" latency="0" BRAM="-1" DSP="-1" FF="-1" LUT="-1" fileDirectory="D:\Vitis\Vivado_hls_projects\Matrice_binaire"><\/item>
<item  id="62" filename="Matrice_bianire.cpp" linenumber="173" name="OUTScale_V" contextFuncName="Elements" moduleName="Elements" rtlName="OUTScale_V_U" latency="0" BRAM="-1" DSP="-1" FF="-1" LUT="-1" fileDirectory="D:\Vitis\Vivado_hls_projects\Matrice_binaire"><\/item>
<item  id="63" filename="Matrice_bianire.cpp" linenumber="175" name="Dense512_V" contextFuncName="Elements" moduleName="Elements" rtlName="Dense512_V_U" latency="0" BRAM="-1" DSP="-1" FF="-1" LUT="-1" fileDirectory="D:\Vitis\Vivado_hls_projects\Matrice_binaire"><\/item>
<item  id="64" filename="Matrice_bianire.cpp" linenumber="176" name="Dense512t_1_V" contextFuncName="Elements" moduleName="Elements" rtlName="Dense512t_1_V_U" latency="0" BRAM="-1" DSP="-1" FF="-1" LUT="-1" fileDirectory="D:\Vitis\Vivado_hls_projects\Matrice_binaire"><\/item>
<item  id="65" filename="Matrice_bianire.cpp" linenumber="178" name="Dense256_V" contextFuncName="Elements" moduleName="Elements" rtlName="Dense256_V_U" latency="0" BRAM="-1" DSP="-1" FF="-1" LUT="-1" fileDirectory="D:\Vitis\Vivado_hls_projects\Matrice_binaire"><\/item>
<item  id="66" filename="Matrice_bianire.cpp" linenumber="179" name="Dense256t_1_V" contextFuncName="Elements" moduleName="Elements" rtlName="Dense256t_1_V_U" latency="0" BRAM="-1" DSP="-1" FF="-1" LUT="-1" fileDirectory="D:\Vitis\Vivado_hls_projects\Matrice_binaire"><\/item>
<item  id="67" filename="Matrice_bianire.cpp" linenumber="181" name="spike512_V" contextFuncName="Elements" moduleName="Elements" rtlName="spike512_V_U" latency="0" BRAM="-1" DSP="-1" FF="-1" LUT="-1" fileDirectory="D:\Vitis\Vivado_hls_projects\Matrice_binaire"><\/item>
<item  id="68" filename="Matrice_bianire.cpp" linenumber="186" name="_ln186" contextFuncName="Elements" moduleName="Elements" rtlName="grp_BlocLinear_1_fu_162" latency="1" BRAM="-1" DSP="-1" FF="-1" LUT="-1" fileDirectory="D:\Vitis\Vivado_hls_projects\Matrice_binaire"><\/item>
<item  id="69" filename="Matrice_bianire.cpp" linenumber="187" name="_ln187" contextFuncName="Elements" moduleName="Elements" rtlName="grp_BlocLinear_1_fu_162" latency="1" BRAM="-1" DSP="-1" FF="-1" LUT="-1" fileDirectory="D:\Vitis\Vivado_hls_projects\Matrice_binaire"><\/item>
<item  id="70" filename="Matrice_bianire.cpp" linenumber="188" name="_ln188" contextFuncName="Elements" moduleName="Elements" rtlName="grp_BlocLinear_1_fu_172" latency="1" BRAM="-1" DSP="-1" FF="-1" LUT="-1" fileDirectory="D:\Vitis\Vivado_hls_projects\Matrice_binaire"><\/item>
<item  id="71" filename="Matrice_bianire.cpp" linenumber="190" name="_ln190" contextFuncName="Elements" moduleName="Elements" rtlName="grp_Lif_fu_208" latency="1" BRAM="-1" DSP="-1" FF="-1" LUT="-1" fileDirectory="D:\Vitis\Vivado_hls_projects\Matrice_binaire"><\/item>
<item  id="72" filename="Matrice_bianire.cpp" linenumber="191" name="_ln191" contextFuncName="Elements" moduleName="Elements" rtlName="grp_Lif_fu_208" latency="1" BRAM="-1" DSP="-1" FF="-1" LUT="-1" fileDirectory="D:\Vitis\Vivado_hls_projects\Matrice_binaire"><\/item>
<item  id="73" filename="Matrice_bianire.cpp" linenumber="192" name="_ln192" contextFuncName="Elements" moduleName="Elements" rtlName="grp_Lif_fu_215" latency="1" BRAM="-1" DSP="-1" FF="-1" LUT="-1" fileDirectory="D:\Vitis\Vivado_hls_projects\Matrice_binaire"><\/item>
<item  id="74" filename="Matrice_bianire.cpp" linenumber="194" name="_ln194" contextFuncName="Elements" moduleName="Elements" rtlName="grp_transposeMatrix_fu_244" latency="1" BRAM="-1" DSP="-1" FF="-1" LUT="-1" fileDirectory="D:\Vitis\Vivado_hls_projects\Matrice_binaire"><\/item>
<item  id="75" filename="Matrice_bianire.cpp" linenumber="196" name="_ln196" contextFuncName="Elements" moduleName="Elements" rtlName="grp_multmat_fu_230" latency="1" BRAM="-1" DSP="-1" FF="-1" LUT="-1" fileDirectory="D:\Vitis\Vivado_hls_projects\Matrice_binaire"><\/item>
<item  id="76" filename="Matrice_bianire.cpp" linenumber="198" name="_ln198" contextFuncName="Elements" moduleName="Elements" rtlName="grp_multmat2_fu_237" latency="1" BRAM="-1" DSP="-1" FF="-1" LUT="-1" fileDirectory="D:\Vitis\Vivado_hls_projects\Matrice_binaire"><\/item>
<item  id="77" filename="Matrice_bianire.cpp" linenumber="200" name="_ln200" contextFuncName="Elements" moduleName="Elements" rtlName="grp_scale_fu_250" latency="1" BRAM="-1" DSP="-1" FF="-1" LUT="-1" fileDirectory="D:\Vitis\Vivado_hls_projects\Matrice_binaire"><\/item>
<item  id="78" filename="Matrice_bianire.cpp" linenumber="202" name="_ln202" contextFuncName="Elements" moduleName="Elements" rtlName="grp_BlocLinear512_fu_146" latency="1" BRAM="-1" DSP="-1" FF="-1" LUT="-1" fileDirectory="D:\Vitis\Vivado_hls_projects\Matrice_binaire"><\/item>
<item  id="79" filename="Matrice_bianire.cpp" linenumber="204" name="_ln204" contextFuncName="Elements" moduleName="Elements" rtlName="grp_Lif512_fu_201" latency="1" BRAM="-1" DSP="-1" FF="-1" LUT="-1" fileDirectory="D:\Vitis\Vivado_hls_projects\Matrice_binaire"><\/item>
<item  id="80" filename="Matrice_bianire.cpp" linenumber="206" name="_ln206" contextFuncName="Elements" moduleName="Elements" rtlName="grp_BlocLinear_fu_154" latency="1" BRAM="-1" DSP="-1" FF="-1" LUT="-1" fileDirectory="D:\Vitis\Vivado_hls_projects\Matrice_binaire"><\/item>
<item  id="81" filename="Matrice_bianire.cpp" linenumber="208" name="_ln208" contextFuncName="Elements" moduleName="Elements" rtlName="grp_Lif_fu_208" latency="1" BRAM="-1" DSP="-1" FF="-1" LUT="-1" fileDirectory="D:\Vitis\Vivado_hls_projects\Matrice_binaire"><\/item>
<item  id="82" filename="Matrice_bianire.cpp" linenumber="210" name="_ln210" contextFuncName="Elements" moduleName="Elements" rtlName="grp_BlocLinear_1_fu_162" latency="1" BRAM="-1" DSP="-1" FF="-1" LUT="-1" fileDirectory="D:\Vitis\Vivado_hls_projects\Matrice_binaire"><\/item>
<item  id="83" filename="Matrice_bianire.cpp" linenumber="211" name="_ln211" contextFuncName="Elements" moduleName="Elements" rtlName="grp_BlocLinear_1_fu_162" latency="1" BRAM="-1" DSP="-1" FF="-1" LUT="-1" fileDirectory="D:\Vitis\Vivado_hls_projects\Matrice_binaire"><\/item>
<item  id="84" filename="Matrice_bianire.cpp" linenumber="212" name="_ln212" contextFuncName="Elements" moduleName="Elements" rtlName="grp_BlocLinear_1_fu_172" latency="1" BRAM="-1" DSP="-1" FF="-1" LUT="-1" fileDirectory="D:\Vitis\Vivado_hls_projects\Matrice_binaire"><\/item>
<item  id="85" filename="Matrice_bianire.cpp" linenumber="214" name="_ln214" contextFuncName="Elements" moduleName="Elements" rtlName="grp_Lif_fu_208" latency="1" BRAM="-1" DSP="-1" FF="-1" LUT="-1" fileDirectory="D:\Vitis\Vivado_hls_projects\Matrice_binaire"><\/item>
<item  id="86" filename="Matrice_bianire.cpp" linenumber="215" name="_ln215" contextFuncName="Elements" moduleName="Elements" rtlName="grp_Lif_fu_208" latency="1" BRAM="-1" DSP="-1" FF="-1" LUT="-1" fileDirectory="D:\Vitis\Vivado_hls_projects\Matrice_binaire"><\/item>
<item  id="87" filename="Matrice_bianire.cpp" linenumber="216" name="_ln216" contextFuncName="Elements" moduleName="Elements" rtlName="grp_Lif_fu_208" latency="1" BRAM="-1" DSP="-1" FF="-1" LUT="-1" fileDirectory="D:\Vitis\Vivado_hls_projects\Matrice_binaire"><\/item>
<item  id="88" filename="Matrice_bianire.cpp" linenumber="218" name="_ln218" contextFuncName="Elements" moduleName="Elements" rtlName="grp_transposeMatrix_fu_244" latency="1" BRAM="-1" DSP="-1" FF="-1" LUT="-1" fileDirectory="D:\Vitis\Vivado_hls_projects\Matrice_binaire"><\/item>
<item  id="89" filename="Matrice_bianire.cpp" linenumber="220" name="_ln220" contextFuncName="Elements" moduleName="Elements" rtlName="grp_multmat_fu_230" latency="1" BRAM="-1" DSP="-1" FF="-1" LUT="-1" fileDirectory="D:\Vitis\Vivado_hls_projects\Matrice_binaire"><\/item>
<item  id="90" filename="Matrice_bianire.cpp" linenumber="222" name="_ln222" contextFuncName="Elements" moduleName="Elements" rtlName="grp_multmat2_fu_237" latency="1" BRAM="-1" DSP="-1" FF="-1" LUT="-1" fileDirectory="D:\Vitis\Vivado_hls_projects\Matrice_binaire"><\/item>
<item  id="91" filename="Matrice_bianire.cpp" linenumber="224" name="_ln224" contextFuncName="Elements" moduleName="Elements" rtlName="grp_scale_fu_250" latency="1" BRAM="-1" DSP="-1" FF="-1" LUT="-1" fileDirectory="D:\Vitis\Vivado_hls_projects\Matrice_binaire"><\/item>
<item  id="92" filename="Matrice_bianire.cpp" linenumber="226" name="_ln226" contextFuncName="Elements" moduleName="Elements" rtlName="grp_BlocLinear512_fu_146" latency="1" BRAM="-1" DSP="-1" FF="-1" LUT="-1" fileDirectory="D:\Vitis\Vivado_hls_projects\Matrice_binaire"><\/item>
<item  id="93" filename="Matrice_bianire.cpp" linenumber="228" name="_ln228" contextFuncName="Elements" moduleName="Elements" rtlName="grp_Lif512_fu_201" latency="1" BRAM="-1" DSP="-1" FF="-1" LUT="-1" fileDirectory="D:\Vitis\Vivado_hls_projects\Matrice_binaire"><\/item>
<item  id="94" filename="Matrice_bianire.cpp" linenumber="230" name="_ln230" contextFuncName="Elements" moduleName="Elements" rtlName="grp_BlocLinear_fu_154" latency="1" BRAM="-1" DSP="-1" FF="-1" LUT="-1" fileDirectory="D:\Vitis\Vivado_hls_projects\Matrice_binaire"><\/item>
<item  id="95" filename="Matrice_bianire.cpp" linenumber="232" name="_ln232" contextFuncName="Elements" moduleName="Elements" rtlName="grp_Lif_fu_208" latency="1" BRAM="-1" DSP="-1" FF="-1" LUT="-1" fileDirectory="D:\Vitis\Vivado_hls_projects\Matrice_binaire"><\/item>
<item  id="96" filename="Matrice_bianire.cpp" linenumber="236" name="_ln236" contextFuncName="Elements" moduleName="Elements" rtlName="grp_BlocLinear_1_fu_162" latency="1" BRAM="-1" DSP="-1" FF="-1" LUT="-1" fileDirectory="D:\Vitis\Vivado_hls_projects\Matrice_binaire"><\/item>
<item  id="97" filename="Matrice_bianire.cpp" linenumber="237" name="_ln237" contextFuncName="Elements" moduleName="Elements" rtlName="grp_BlocLinear_1_fu_162" latency="1" BRAM="-1" DSP="-1" FF="-1" LUT="-1" fileDirectory="D:\Vitis\Vivado_hls_projects\Matrice_binaire"><\/item>
<item  id="98" filename="Matrice_bianire.cpp" linenumber="238" name="_ln238" contextFuncName="Elements" moduleName="Elements" rtlName="grp_BlocLinear_1_fu_162" latency="1" BRAM="-1" DSP="-1" FF="-1" LUT="-1" fileDirectory="D:\Vitis\Vivado_hls_projects\Matrice_binaire"><\/item>
<item  id="99" filename="Matrice_bianire.cpp" linenumber="240" name="_ln240" contextFuncName="Elements" moduleName="Elements" rtlName="grp_Lif_fu_215" latency="1" BRAM="-1" DSP="-1" FF="-1" LUT="-1" fileDirectory="D:\Vitis\Vivado_hls_projects\Matrice_binaire"><\/item>
<item  id="100" filename="Matrice_bianire.cpp" linenumber="241" name="_ln241" contextFuncName="Elements" moduleName="Elements" rtlName="grp_Lif_fu_215" latency="1" BRAM="-1" DSP="-1" FF="-1" LUT="-1" fileDirectory="D:\Vitis\Vivado_hls_projects\Matrice_binaire"><\/item>
<item  id="101" filename="Matrice_bianire.cpp" linenumber="242" name="_ln242" contextFuncName="Elements" moduleName="Elements" rtlName="grp_Lif_fu_208" latency="1" BRAM="-1" DSP="-1" FF="-1" LUT="-1" fileDirectory="D:\Vitis\Vivado_hls_projects\Matrice_binaire"><\/item>
<item  id="102" filename="Matrice_bianire.cpp" linenumber="244" name="_ln244" contextFuncName="Elements" moduleName="Elements" rtlName="grp_transposeMatrix_fu_244" latency="1" BRAM="-1" DSP="-1" FF="-1" LUT="-1" fileDirectory="D:\Vitis\Vivado_hls_projects\Matrice_binaire"><\/item>
<item  id="103" filename="Matrice_bianire.cpp" linenumber="246" name="_ln246" contextFuncName="Elements" moduleName="Elements" rtlName="grp_multmat_fu_230" latency="1" BRAM="-1" DSP="-1" FF="-1" LUT="-1" fileDirectory="D:\Vitis\Vivado_hls_projects\Matrice_binaire"><\/item>
<item  id="104" filename="Matrice_bianire.cpp" linenumber="248" name="_ln248" contextFuncName="Elements" moduleName="Elements" rtlName="grp_multmat2_fu_237" latency="1" BRAM="-1" DSP="-1" FF="-1" LUT="-1" fileDirectory="D:\Vitis\Vivado_hls_projects\Matrice_binaire"><\/item>
<item  id="105" filename="Matrice_bianire.cpp" linenumber="250" name="_ln250" contextFuncName="Elements" moduleName="Elements" rtlName="grp_scale_fu_250" latency="1" BRAM="-1" DSP="-1" FF="-1" LUT="-1" fileDirectory="D:\Vitis\Vivado_hls_projects\Matrice_binaire"><\/item>
<item  id="106" filename="Matrice_bianire.cpp" linenumber="252" name="_ln252" contextFuncName="Elements" moduleName="Elements" rtlName="grp_BlocLinear512_fu_146" latency="1" BRAM="-1" DSP="-1" FF="-1" LUT="-1" fileDirectory="D:\Vitis\Vivado_hls_projects\Matrice_binaire"><\/item>
<item  id="107" filename="Matrice_bianire.cpp" linenumber="254" name="_ln254" contextFuncName="Elements" moduleName="Elements" rtlName="grp_Lif512_fu_201" latency="1" BRAM="-1" DSP="-1" FF="-1" LUT="-1" fileDirectory="D:\Vitis\Vivado_hls_projects\Matrice_binaire"><\/item>
<item  id="108" filename="Matrice_bianire.cpp" linenumber="256" name="_ln256" contextFuncName="Elements" moduleName="Elements" rtlName="grp_BlocLinear_fu_154" latency="1" BRAM="-1" DSP="-1" FF="-1" LUT="-1" fileDirectory="D:\Vitis\Vivado_hls_projects\Matrice_binaire"><\/item>
<item  id="109" filename="Matrice_bianire.cpp" linenumber="258" name="_ln258" contextFuncName="Elements" moduleName="Elements" rtlName="grp_Lif_fu_208" latency="1" BRAM="-1" DSP="-1" FF="-1" LUT="-1" fileDirectory="D:\Vitis\Vivado_hls_projects\Matrice_binaire"><\/item>
<item  id="110" filename="Matrice_bianire.cpp" linenumber="263" name="_ln263" contextFuncName="Elements" moduleName="Elements" rtlName="grp_BlocLinear_1_fu_162" latency="1" BRAM="-1" DSP="-1" FF="-1" LUT="-1" fileDirectory="D:\Vitis\Vivado_hls_projects\Matrice_binaire"><\/item>
<item  id="111" filename="Matrice_bianire.cpp" linenumber="264" name="_ln264" contextFuncName="Elements" moduleName="Elements" rtlName="grp_BlocLinear_1_fu_162" latency="1" BRAM="-1" DSP="-1" FF="-1" LUT="-1" fileDirectory="D:\Vitis\Vivado_hls_projects\Matrice_binaire"><\/item>
<item  id="112" filename="Matrice_bianire.cpp" linenumber="265" name="_ln265" contextFuncName="Elements" moduleName="Elements" rtlName="grp_BlocLinear_1_fu_162" latency="1" BRAM="-1" DSP="-1" FF="-1" LUT="-1" fileDirectory="D:\Vitis\Vivado_hls_projects\Matrice_binaire"><\/item>
<item  id="113" filename="Matrice_bianire.cpp" linenumber="267" name="_ln267" contextFuncName="Elements" moduleName="Elements" rtlName="grp_Lif_fu_215" latency="1" BRAM="-1" DSP="-1" FF="-1" LUT="-1" fileDirectory="D:\Vitis\Vivado_hls_projects\Matrice_binaire"><\/item>
<item  id="114" filename="Matrice_bianire.cpp" linenumber="268" name="_ln268" contextFuncName="Elements" moduleName="Elements" rtlName="grp_Lif_fu_223" latency="1" BRAM="-1" DSP="-1" FF="-1" LUT="-1" fileDirectory="D:\Vitis\Vivado_hls_projects\Matrice_binaire"><\/item>
<item  id="115" filename="Matrice_bianire.cpp" linenumber="269" name="_ln269" contextFuncName="Elements" moduleName="Elements" rtlName="grp_Lif_fu_208" latency="1" BRAM="-1" DSP="-1" FF="-1" LUT="-1" fileDirectory="D:\Vitis\Vivado_hls_projects\Matrice_binaire"><\/item>
<item  id="116" filename="Matrice_bianire.cpp" linenumber="271" name="_ln271" contextFuncName="Elements" moduleName="Elements" rtlName="grp_transposeMatrix_fu_244" latency="1" BRAM="-1" DSP="-1" FF="-1" LUT="-1" fileDirectory="D:\Vitis\Vivado_hls_projects\Matrice_binaire"><\/item>
<item  id="117" filename="Matrice_bianire.cpp" linenumber="273" name="_ln273" contextFuncName="Elements" moduleName="Elements" rtlName="grp_multmat_fu_230" latency="1" BRAM="-1" DSP="-1" FF="-1" LUT="-1" fileDirectory="D:\Vitis\Vivado_hls_projects\Matrice_binaire"><\/item>
<item  id="118" filename="Matrice_bianire.cpp" linenumber="275" name="_ln275" contextFuncName="Elements" moduleName="Elements" rtlName="grp_multmat2_fu_237" latency="1" BRAM="-1" DSP="-1" FF="-1" LUT="-1" fileDirectory="D:\Vitis\Vivado_hls_projects\Matrice_binaire"><\/item>
<item  id="119" filename="Matrice_bianire.cpp" linenumber="277" name="_ln277" contextFuncName="Elements" moduleName="Elements" rtlName="grp_scale_fu_250" latency="1" BRAM="-1" DSP="-1" FF="-1" LUT="-1" fileDirectory="D:\Vitis\Vivado_hls_projects\Matrice_binaire"><\/item>
<item  id="120" filename="Matrice_bianire.cpp" linenumber="279" name="_ln279" contextFuncName="Elements" moduleName="Elements" rtlName="grp_BlocLinear512_fu_146" latency="1" BRAM="-1" DSP="-1" FF="-1" LUT="-1" fileDirectory="D:\Vitis\Vivado_hls_projects\Matrice_binaire"><\/item>
<item  id="121" filename="Matrice_bianire.cpp" linenumber="281" name="_ln281" contextFuncName="Elements" moduleName="Elements" rtlName="grp_Lif512_fu_201" latency="1" BRAM="-1" DSP="-1" FF="-1" LUT="-1" fileDirectory="D:\Vitis\Vivado_hls_projects\Matrice_binaire"><\/item>
<item  id="122" filename="Matrice_bianire.cpp" linenumber="283" name="_ln283" contextFuncName="Elements" moduleName="Elements" rtlName="grp_BlocLinear_fu_154" latency="1" BRAM="-1" DSP="-1" FF="-1" LUT="-1" fileDirectory="D:\Vitis\Vivado_hls_projects\Matrice_binaire"><\/item>
<item  id="123" filename="Matrice_bianire.cpp" linenumber="285" name="_ln285" contextFuncName="Elements" moduleName="Elements" rtlName="grp_Lif_fu_208" latency="1" BRAM="-1" DSP="-1" FF="-1" LUT="-1" fileDirectory="D:\Vitis\Vivado_hls_projects\Matrice_binaire"><\/item>
<item  id="124" filename="Matrice_bianire.cpp" linenumber="289" name="_ln289" contextFuncName="Elements" moduleName="Elements" rtlName="grp_BlocLinear_1_fu_162" latency="1" BRAM="-1" DSP="-1" FF="-1" LUT="-1" fileDirectory="D:\Vitis\Vivado_hls_projects\Matrice_binaire"><\/item>
<item  id="125" filename="Matrice_bianire.cpp" linenumber="290" name="_ln290" contextFuncName="Elements" moduleName="Elements" rtlName="grp_BlocLinear_1_fu_172" latency="1" BRAM="-1" DSP="-1" FF="-1" LUT="-1" fileDirectory="D:\Vitis\Vivado_hls_projects\Matrice_binaire"><\/item>
<item  id="126" filename="Matrice_bianire.cpp" linenumber="291" name="_ln291" contextFuncName="Elements" moduleName="Elements" rtlName="grp_BlocLinear_1_fu_162" latency="1" BRAM="-1" DSP="-1" FF="-1" LUT="-1" fileDirectory="D:\Vitis\Vivado_hls_projects\Matrice_binaire"><\/item>
<item  id="127" filename="Matrice_bianire.cpp" linenumber="293" name="_ln293" contextFuncName="Elements" moduleName="Elements" rtlName="grp_Lif_fu_215" latency="1" BRAM="-1" DSP="-1" FF="-1" LUT="-1" fileDirectory="D:\Vitis\Vivado_hls_projects\Matrice_binaire"><\/item>
<item  id="128" filename="Matrice_bianire.cpp" linenumber="294" name="_ln294" contextFuncName="Elements" moduleName="Elements" rtlName="grp_Lif_fu_223" latency="1" BRAM="-1" DSP="-1" FF="-1" LUT="-1" fileDirectory="D:\Vitis\Vivado_hls_projects\Matrice_binaire"><\/item>
<item  id="129" filename="Matrice_bianire.cpp" linenumber="295" name="_ln295" contextFuncName="Elements" moduleName="Elements" rtlName="grp_Lif_fu_208" latency="1" BRAM="-1" DSP="-1" FF="-1" LUT="-1" fileDirectory="D:\Vitis\Vivado_hls_projects\Matrice_binaire"><\/item>
<item  id="130" filename="Matrice_bianire.cpp" linenumber="297" name="_ln297" contextFuncName="Elements" moduleName="Elements" rtlName="grp_transposeMatrix_fu_244" latency="1" BRAM="-1" DSP="-1" FF="-1" LUT="-1" fileDirectory="D:\Vitis\Vivado_hls_projects\Matrice_binaire"><\/item>
<item  id="131" filename="Matrice_bianire.cpp" linenumber="299" name="_ln299" contextFuncName="Elements" moduleName="Elements" rtlName="grp_multmat_fu_230" latency="1" BRAM="-1" DSP="-1" FF="-1" LUT="-1" fileDirectory="D:\Vitis\Vivado_hls_projects\Matrice_binaire"><\/item>
<item  id="132" filename="Matrice_bianire.cpp" linenumber="301" name="_ln301" contextFuncName="Elements" moduleName="Elements" rtlName="grp_multmat2_fu_237" latency="1" BRAM="-1" DSP="-1" FF="-1" LUT="-1" fileDirectory="D:\Vitis\Vivado_hls_projects\Matrice_binaire"><\/item>
<item  id="133" filename="Matrice_bianire.cpp" linenumber="303" name="_ln303" contextFuncName="Elements" moduleName="Elements" rtlName="grp_scale_fu_250" latency="1" BRAM="-1" DSP="-1" FF="-1" LUT="-1" fileDirectory="D:\Vitis\Vivado_hls_projects\Matrice_binaire"><\/item>
<item  id="134" filename="Matrice_bianire.cpp" linenumber="305" name="_ln305" contextFuncName="Elements" moduleName="Elements" rtlName="grp_BlocLinear512_fu_146" latency="1" BRAM="-1" DSP="-1" FF="-1" LUT="-1" fileDirectory="D:\Vitis\Vivado_hls_projects\Matrice_binaire"><\/item>
<item  id="135" filename="Matrice_bianire.cpp" linenumber="307" name="_ln307" contextFuncName="Elements" moduleName="Elements" rtlName="grp_Lif512_fu_201" latency="1" BRAM="-1" DSP="-1" FF="-1" LUT="-1" fileDirectory="D:\Vitis\Vivado_hls_projects\Matrice_binaire"><\/item>
<item  id="136" filename="Matrice_bianire.cpp" linenumber="309" name="_ln309" contextFuncName="Elements" moduleName="Elements" rtlName="grp_BlocLinear_fu_154" latency="1" BRAM="-1" DSP="-1" FF="-1" LUT="-1" fileDirectory="D:\Vitis\Vivado_hls_projects\Matrice_binaire"><\/item>
<item  id="137" filename="Matrice_bianire.cpp" linenumber="311" name="_ln311" contextFuncName="Elements" moduleName="Elements" rtlName="grp_Lif_fu_208" latency="1" BRAM="-1" DSP="-1" FF="-1" LUT="-1" fileDirectory="D:\Vitis\Vivado_hls_projects\Matrice_binaire"><\/item>
<item  id="138" filename="Matrice_bianire.cpp" linenumber="316" name="_ln316" contextFuncName="Elements" moduleName="Elements" rtlName="grp_BlocLinear_1_fu_162" latency="1" BRAM="-1" DSP="-1" FF="-1" LUT="-1" fileDirectory="D:\Vitis\Vivado_hls_projects\Matrice_binaire"><\/item>
<item  id="139" filename="Matrice_bianire.cpp" linenumber="317" name="_ln317" contextFuncName="Elements" moduleName="Elements" rtlName="grp_BlocLinear_1_fu_172" latency="1" BRAM="-1" DSP="-1" FF="-1" LUT="-1" fileDirectory="D:\Vitis\Vivado_hls_projects\Matrice_binaire"><\/item>
<item  id="140" filename="Matrice_bianire.cpp" linenumber="318" name="_ln318" contextFuncName="Elements" moduleName="Elements" rtlName="grp_BlocLinear_1_fu_162" latency="1" BRAM="-1" DSP="-1" FF="-1" LUT="-1" fileDirectory="D:\Vitis\Vivado_hls_projects\Matrice_binaire"><\/item>
<item  id="141" filename="Matrice_bianire.cpp" linenumber="320" name="_ln320" contextFuncName="Elements" moduleName="Elements" rtlName="grp_Lif_fu_208" latency="1" BRAM="-1" DSP="-1" FF="-1" LUT="-1" fileDirectory="D:\Vitis\Vivado_hls_projects\Matrice_binaire"><\/item>
<item  id="142" filename="Matrice_bianire.cpp" linenumber="321" name="_ln321" contextFuncName="Elements" moduleName="Elements" rtlName="grp_Lif_fu_215" latency="1" BRAM="-1" DSP="-1" FF="-1" LUT="-1" fileDirectory="D:\Vitis\Vivado_hls_projects\Matrice_binaire"><\/item>
<item  id="143" filename="Matrice_bianire.cpp" linenumber="322" name="_ln322" contextFuncName="Elements" moduleName="Elements" rtlName="grp_Lif_fu_208" latency="1" BRAM="-1" DSP="-1" FF="-1" LUT="-1" fileDirectory="D:\Vitis\Vivado_hls_projects\Matrice_binaire"><\/item>
<item  id="144" filename="Matrice_bianire.cpp" linenumber="324" name="_ln324" contextFuncName="Elements" moduleName="Elements" rtlName="grp_transposeMatrix_fu_244" latency="1" BRAM="-1" DSP="-1" FF="-1" LUT="-1" fileDirectory="D:\Vitis\Vivado_hls_projects\Matrice_binaire"><\/item>
<item  id="145" filename="Matrice_bianire.cpp" linenumber="326" name="_ln326" contextFuncName="Elements" moduleName="Elements" rtlName="grp_multmat_fu_230" latency="1" BRAM="-1" DSP="-1" FF="-1" LUT="-1" fileDirectory="D:\Vitis\Vivado_hls_projects\Matrice_binaire"><\/item>
<item  id="146" filename="Matrice_bianire.cpp" linenumber="328" name="_ln328" contextFuncName="Elements" moduleName="Elements" rtlName="grp_multmat2_fu_237" latency="1" BRAM="-1" DSP="-1" FF="-1" LUT="-1" fileDirectory="D:\Vitis\Vivado_hls_projects\Matrice_binaire"><\/item>
<item  id="147" filename="Matrice_bianire.cpp" linenumber="330" name="_ln330" contextFuncName="Elements" moduleName="Elements" rtlName="grp_scale_fu_250" latency="1" BRAM="-1" DSP="-1" FF="-1" LUT="-1" fileDirectory="D:\Vitis\Vivado_hls_projects\Matrice_binaire"><\/item>
<item  id="148" filename="Matrice_bianire.cpp" linenumber="332" name="_ln332" contextFuncName="Elements" moduleName="Elements" rtlName="grp_BlocLinear512_fu_146" latency="1" BRAM="-1" DSP="-1" FF="-1" LUT="-1" fileDirectory="D:\Vitis\Vivado_hls_projects\Matrice_binaire"><\/item>
<item  id="149" filename="Matrice_bianire.cpp" linenumber="334" name="_ln334" contextFuncName="Elements" moduleName="Elements" rtlName="grp_Lif512_fu_201" latency="1" BRAM="-1" DSP="-1" FF="-1" LUT="-1" fileDirectory="D:\Vitis\Vivado_hls_projects\Matrice_binaire"><\/item>
<item  id="150" filename="Matrice_bianire.cpp" linenumber="336" name="_ln336" contextFuncName="Elements" moduleName="Elements" rtlName="grp_BlocLinear_fu_154" latency="1" BRAM="-1" DSP="-1" FF="-1" LUT="-1" fileDirectory="D:\Vitis\Vivado_hls_projects\Matrice_binaire"><\/item>
<item  id="151" filename="Matrice_bianire.cpp" linenumber="338" name="_ln338" contextFuncName="Elements" moduleName="Elements" rtlName="grp_Lif_fu_208" latency="1" BRAM="-1" DSP="-1" FF="-1" LUT="-1" fileDirectory="D:\Vitis\Vivado_hls_projects\Matrice_binaire"><\/item>
<\/annotationInfo>
</annotationInfo>
