<profile>

<section name = "Vivado HLS Report for 'Elements'" level="0">
<item name = "Date">Thu Dec 19 10:27:26 2024
</item>
<item name = "Version">2019.2 (Build 2704478 on Wed Nov 06 22:10:23 MST 2019)</item>
<item name = "Project">Matrice_binaire</item>
<item name = "Solution">solution1</item>
<item name = "Product family">artix7</item>
<item name = "Target device">xc7a200t-sbv484-1</item>
</section>

<section name = "Performance Estimates" level="0">
<item name = "Timing">
<section name = "" level="1">
<item name = "Summary"><table name="" hasTotal="0">
<keys size="4">Clock, Target, Estimated, Uncertainty</keys>
<column name="ap_clk">10.00 ns, 6.661 ns, 1.25 ns</column>
</table>
</item>
</section>
</item>
<item name = "Latency">
<section name = "" level="1">
<item name = "Summary"><table name="" hasTotal="0">
<keys size="8">, min, max, min, max, min, max, Type</keys>
<column name="">89029298, 89029298, 0.890 sec, 0.890 sec, 89029298, 89029298, none</column>
</table>
</item>
<item name = "Detail">
<section name = "" level="1">
<item name = "Instance"><table name="" hasTotal="0">
<keys size="9">Instance, Module, min, max, min, max, min, max, Type</keys>
<column name="grp_BlocLinear512_fu_146">BlocLinear512, 8422401, 8422401, 84.224 ms, 84.224 ms, 8422401, 8422401, none</column>
<column name="grp_BlocLinear_fu_154">BlocLinear, 4211201, 4211201, 42.112 ms, 42.112 ms, 4211201, 4211201, none</column>
<column name="grp_BlocLinear_1_fu_162">BlocLinear_1, 4211201, 4211201, 42.112 ms, 42.112 ms, 4211201, 4211201, none</column>
<column name="grp_BlocLinear_1_fu_172">BlocLinear_1, 4211201, 4211201, 42.112 ms, 42.112 ms, 4211201, 4211201, none</column>
<column name="grp_Lif512_fu_201">Lif512, 25089, 25089, 0.251 ms, 0.251 ms, 25089, 25089, none</column>
<column name="grp_Lif_fu_208">Lif, 25089, 25089, 0.251 ms, 0.251 ms, 25089, 25089, none</column>
<column name="grp_Lif_fu_215">Lif, 25089, 25089, 0.251 ms, 0.251 ms, 25089, 25089, none</column>
<column name="grp_Lif_fu_223">Lif, 25089, 25089, 0.251 ms, 0.251 ms, 25089, 25089, none</column>
<column name="grp_multmat_fu_230">multmat, 526401, 526401, 5.264 ms, 5.264 ms, 526401, 526401, none</column>
<column name="grp_multmat2_fu_237">multmat2, 67649, 67649, 0.676 ms, 0.676 ms, 67649, 67649, none</column>
<column name="grp_transposeMatrix_fu_244">transposeMatrix, 16897, 16897, 0.169 ms, 0.169 ms, 16897, 16897, none</column>
<column name="grp_scale_fu_250">scale, 8705, 8705, 87.050 us, 87.050 us, 8705, 8705, none</column>
</table>
</item>
<item name = "Loop"><table name="" hasTotal="0">
<keys size="8">Loop Name, min, max, Latency, achieved, target, Count, Pipelined</keys>
</table>
</item>
</section>
</item>
</section>
</item>
</section>
</profile>
