<stg><name>Lif</name>


<trans_list>

<trans id="41" from="1" to="2">
<condition id="-1">
<or_exp><and_exp></and_exp></or_exp>
</condition>
</trans>

<trans id="42" from="2" to="3">
<condition id="-1">
<or_exp><and_exp><literal name="icmp_ln109" val="0"/>
</and_exp></or_exp>
</condition>
</trans>

<trans id="43" from="3" to="4">
<condition id="-1">
<or_exp><and_exp><literal name="icmp_ln111" val="0"/>
</and_exp></or_exp>
</condition>
</trans>

<trans id="47" from="3" to="2">
<condition id="-1">
<or_exp><and_exp><literal name="icmp_ln111" val="1"/>
</and_exp></or_exp>
</condition>
</trans>

<trans id="45" from="4" to="5">
<condition id="-1">
<or_exp><and_exp></and_exp></or_exp>
</condition>
</trans>

<trans id="46" from="5" to="3">
<condition id="-1">
<or_exp><and_exp></and_exp></or_exp>
</condition>
</trans>
</trans_list>



<state_list>

<state id="1" st_id="1">

<operation id="6" st_id="1" stage="1" lat="1">
<core>NULL</core>
<MemPortIdVec></MemPortIdVec>
<condition id="-1">
<or_exp><and_exp></and_exp></or_exp>
</condition>

<Node id="4" bw="0" op_0_bw="0">
<![CDATA[
:0  br label %.loopexit

]]></Node>
<StgValue><ssdm name="br_ln109"/></StgValue>
</operation>
</state>

<state id="2" st_id="2">

<operation id="7" st_id="2" stage="1" lat="1">
<core>NULL</core>
<MemPortIdVec></MemPortIdVec>
<condition id="-1">
<or_exp><and_exp></and_exp></or_exp>
</condition>

<Node id="6" bw="9" op_0_bw="9" op_1_bw="0" op_2_bw="9" op_3_bw="0">
<![CDATA[
.loopexit:0  %i_0 = phi i9 [ 0, %0 ], [ %i, %.loopexit.loopexit ]

]]></Node>
<StgValue><ssdm name="i_0"/></StgValue>
</operation>

<operation id="8" st_id="2" stage="1" lat="1">
<core>Cmp</core>
<MemPortIdVec></MemPortIdVec>
<condition id="-1">
<or_exp><and_exp></and_exp></or_exp>
</condition>

<Node id="7" bw="1" op_0_bw="9" op_1_bw="9">
<![CDATA[
.loopexit:1  %icmp_ln109 = icmp eq i9 %i_0, -256

]]></Node>
<StgValue><ssdm name="icmp_ln109"/></StgValue>
</operation>

<operation id="9" st_id="2" stage="1" lat="1">
<core>NULL</core>
<MemPortIdVec></MemPortIdVec>
<condition id="-1">
<or_exp><and_exp></and_exp></or_exp>
</condition>

<Node id="8" bw="32" op_0_bw="32" op_1_bw="64" op_2_bw="64" op_3_bw="64">
<![CDATA[
.loopexit:2  %empty = call i32 (...)* @_ssdm_op_SpecLoopTripCount(i64 256, i64 256, i64 256)

]]></Node>
<StgValue><ssdm name="empty"/></StgValue>
</operation>

<operation id="10" st_id="2" stage="1" lat="1">
<core>AddSub</core>
<MemPortIdVec></MemPortIdVec>
<condition id="-1">
<or_exp><and_exp></and_exp></or_exp>
</condition>

<Node id="9" bw="9" op_0_bw="9" op_1_bw="9">
<![CDATA[
.loopexit:3  %i = add i9 %i_0, 1

]]></Node>
<StgValue><ssdm name="i"/></StgValue>
</operation>

<operation id="11" st_id="2" stage="1" lat="1">
<core>NULL</core>
<MemPortIdVec></MemPortIdVec>
<condition id="-1">
<or_exp><and_exp></and_exp></or_exp>
</condition>

<Node id="10" bw="0" op_0_bw="1" op_1_bw="0" op_2_bw="0">
<![CDATA[
.loopexit:4  br i1 %icmp_ln109, label %1, label %.preheader.preheader

]]></Node>
<StgValue><ssdm name="br_ln109"/></StgValue>
</operation>

<operation id="12" st_id="2" stage="1" lat="1">
<core>NULL</core>
<MemPortIdVec></MemPortIdVec>
<condition id="-1">
<or_exp><and_exp><literal name="icmp_ln109" val="0"/>
</and_exp></or_exp>
</condition>

<Node id="12" bw="14" op_0_bw="14" op_1_bw="9" op_2_bw="5">
<![CDATA[
.preheader.preheader:0  %tmp = call i14 @_ssdm_op_BitConcatenate.i14.i9.i5(i9 %i_0, i5 0)

]]></Node>
<StgValue><ssdm name="tmp"/></StgValue>
</operation>

<operation id="13" st_id="2" stage="1" lat="1">
<core>NULL</core>
<MemPortIdVec></MemPortIdVec>
<condition id="-1">
<or_exp><and_exp><literal name="icmp_ln109" val="0"/>
</and_exp></or_exp>
</condition>

<Node id="13" bw="15" op_0_bw="14">
<![CDATA[
.preheader.preheader:1  %zext_ln111 = zext i14 %tmp to i15

]]></Node>
<StgValue><ssdm name="zext_ln111"/></StgValue>
</operation>

<operation id="14" st_id="2" stage="1" lat="1">
<core>NULL</core>
<MemPortIdVec></MemPortIdVec>
<condition id="-1">
<or_exp><and_exp><literal name="icmp_ln109" val="0"/>
</and_exp></or_exp>
</condition>

<Node id="14" bw="0" op_0_bw="0">
<![CDATA[
.preheader.preheader:2  br label %.preheader

]]></Node>
<StgValue><ssdm name="br_ln111"/></StgValue>
</operation>

<operation id="15" st_id="2" stage="1" lat="1">
<core>NULL</core>
<MemPortIdVec></MemPortIdVec>
<condition id="-1">
<or_exp><and_exp><literal name="icmp_ln109" val="1"/>
</and_exp></or_exp>
</condition>

<Node id="42" bw="0">
<![CDATA[
:0  ret void

]]></Node>
<StgValue><ssdm name="ret_ln118"/></StgValue>
</operation>
</state>

<state id="3" st_id="3">

<operation id="16" st_id="3" stage="1" lat="1">
<core>NULL</core>
<MemPortIdVec></MemPortIdVec>
<condition id="-1">
<or_exp><and_exp></and_exp></or_exp>
</condition>

<Node id="16" bw="6" op_0_bw="6" op_1_bw="0" op_2_bw="6" op_3_bw="0">
<![CDATA[
.preheader:0  %j_0 = phi i6 [ %j, %_ZN13ap_fixed_baseILi25ELi17ELb1EL9ap_q_mode5EL9ap_o_mode3ELi0EEC1ILi24ELi16ELb1ELS0_5ELS1_3ELi0EEERKS_IXT_EXT0_EXT1_EXT2_EXT3_EXT4_EE.exit9.i ], [ 0, %.preheader.preheader ]

]]></Node>
<StgValue><ssdm name="j_0"/></StgValue>
</operation>

<operation id="17" st_id="3" stage="1" lat="1">
<core>Cmp</core>
<MemPortIdVec></MemPortIdVec>
<condition id="-1">
<or_exp><and_exp></and_exp></or_exp>
</condition>

<Node id="17" bw="1" op_0_bw="6" op_1_bw="6">
<![CDATA[
.preheader:1  %icmp_ln111 = icmp eq i6 %j_0, -32

]]></Node>
<StgValue><ssdm name="icmp_ln111"/></StgValue>
</operation>

<operation id="18" st_id="3" stage="1" lat="1">
<core>NULL</core>
<MemPortIdVec></MemPortIdVec>
<condition id="-1">
<or_exp><and_exp></and_exp></or_exp>
</condition>

<Node id="18" bw="32" op_0_bw="32" op_1_bw="64" op_2_bw="64" op_3_bw="64">
<![CDATA[
.preheader:2  %empty_39 = call i32 (...)* @_ssdm_op_SpecLoopTripCount(i64 32, i64 32, i64 32)

]]></Node>
<StgValue><ssdm name="empty_39"/></StgValue>
</operation>

<operation id="19" st_id="3" stage="1" lat="1">
<core>AddSub</core>
<MemPortIdVec></MemPortIdVec>
<condition id="-1">
<or_exp><and_exp></and_exp></or_exp>
</condition>

<Node id="19" bw="6" op_0_bw="6" op_1_bw="6">
<![CDATA[
.preheader:3  %j = add i6 %j_0, 1

]]></Node>
<StgValue><ssdm name="j"/></StgValue>
</operation>

<operation id="20" st_id="3" stage="1" lat="1">
<core>NULL</core>
<MemPortIdVec></MemPortIdVec>
<condition id="-1">
<or_exp><and_exp></and_exp></or_exp>
</condition>

<Node id="20" bw="0" op_0_bw="1" op_1_bw="0" op_2_bw="0">
<![CDATA[
.preheader:4  br i1 %icmp_ln111, label %.loopexit.loopexit, label %_ZN13ap_fixed_baseILi25ELi17ELb1EL9ap_q_mode5EL9ap_o_mode3ELi0EEC1ILi24ELi16ELb1ELS0_5ELS1_3ELi0EEERKS_IXT_EXT0_EXT1_EXT2_EXT3_EXT4_EE.exit9.i

]]></Node>
<StgValue><ssdm name="br_ln111"/></StgValue>
</operation>

<operation id="21" st_id="3" stage="1" lat="1">
<core>NULL</core>
<MemPortIdVec></MemPortIdVec>
<condition id="-1">
<or_exp><and_exp><literal name="icmp_ln111" val="0"/>
</and_exp></or_exp>
</condition>

<Node id="23" bw="15" op_0_bw="6">
<![CDATA[
_ZN13ap_fixed_baseILi25ELi17ELb1EL9ap_q_mode5EL9ap_o_mode3ELi0EEC1ILi24ELi16ELb1ELS0_5ELS1_3ELi0EEERKS_IXT_EXT0_EXT1_EXT2_EXT3_EXT4_EE.exit9.i:1  %zext_ln1265 = zext i6 %j_0 to i15

]]></Node>
<StgValue><ssdm name="zext_ln1265"/></StgValue>
</operation>

<operation id="22" st_id="3" stage="1" lat="1">
<core>AddSub</core>
<MemPortIdVec></MemPortIdVec>
<condition id="-1">
<or_exp><and_exp><literal name="icmp_ln111" val="0"/>
</and_exp></or_exp>
</condition>

<Node id="24" bw="15" op_0_bw="15" op_1_bw="15">
<![CDATA[
_ZN13ap_fixed_baseILi25ELi17ELb1EL9ap_q_mode5EL9ap_o_mode3ELi0EEC1ILi24ELi16ELb1ELS0_5ELS1_3ELi0EEERKS_IXT_EXT0_EXT1_EXT2_EXT3_EXT4_EE.exit9.i:2  %add_ln1265 = add i15 %zext_ln1265, %zext_ln111

]]></Node>
<StgValue><ssdm name="add_ln1265"/></StgValue>
</operation>

<operation id="23" st_id="3" stage="1" lat="1">
<core>NULL</core>
<MemPortIdVec></MemPortIdVec>
<condition id="-1">
<or_exp><and_exp><literal name="icmp_ln111" val="0"/>
</and_exp></or_exp>
</condition>

<Node id="25" bw="64" op_0_bw="15">
<![CDATA[
_ZN13ap_fixed_baseILi25ELi17ELb1EL9ap_q_mode5EL9ap_o_mode3ELi0EEC1ILi24ELi16ELb1ELS0_5ELS1_3ELi0EEERKS_IXT_EXT0_EXT1_EXT2_EXT3_EXT4_EE.exit9.i:3  %zext_ln1265_2 = zext i15 %add_ln1265 to i64

]]></Node>
<StgValue><ssdm name="zext_ln1265_2"/></StgValue>
</operation>

<operation id="24" st_id="3" stage="1" lat="1">
<core>NULL</core>
<MemPortIdVec></MemPortIdVec>
<condition id="-1">
<or_exp><and_exp><literal name="icmp_ln111" val="0"/>
</and_exp></or_exp>
</condition>

<Node id="26" bw="13" op_0_bw="24" op_1_bw="64" op_2_bw="64">
<![CDATA[
_ZN13ap_fixed_baseILi25ELi17ELb1EL9ap_q_mode5EL9ap_o_mode3ELi0EEC1ILi24ELi16ELb1ELS0_5ELS1_3ELi0EEERKS_IXT_EXT0_EXT1_EXT2_EXT3_EXT4_EE.exit9.i:4  %matricet_V_addr = getelementptr [8192 x i24]* %matricet_V, i64 0, i64 %zext_ln1265_2

]]></Node>
<StgValue><ssdm name="matricet_V_addr"/></StgValue>
</operation>

<operation id="25" st_id="3" stage="1" lat="1">
<core>NULL</core>
<MemPortIdVec></MemPortIdVec>
<condition id="-1">
<or_exp><and_exp><literal name="icmp_ln111" val="0"/>
</and_exp></or_exp>
</condition>

<Node id="27" bw="13" op_0_bw="24" op_1_bw="64" op_2_bw="64">
<![CDATA[
_ZN13ap_fixed_baseILi25ELi17ELb1EL9ap_q_mode5EL9ap_o_mode3ELi0EEC1ILi24ELi16ELb1ELS0_5ELS1_3ELi0EEERKS_IXT_EXT0_EXT1_EXT2_EXT3_EXT4_EE.exit9.i:5  %matricet_1_V_addr = getelementptr [8192 x i24]* %matricet_1_V, i64 0, i64 %zext_ln1265_2

]]></Node>
<StgValue><ssdm name="matricet_1_V_addr"/></StgValue>
</operation>

<operation id="26" st_id="3" stage="2" lat="2">
<core>RAM</core>
<MemPortIdVec>0 </MemPortIdVec>
<condition id="-1">
<or_exp><and_exp><literal name="icmp_ln111" val="0"/>
</and_exp></or_exp>
</condition>

<Node id="29" bw="24" op_0_bw="13">
<![CDATA[
_ZN13ap_fixed_baseILi25ELi17ELb1EL9ap_q_mode5EL9ap_o_mode3ELi0EEC1ILi24ELi16ELb1ELS0_5ELS1_3ELi0EEERKS_IXT_EXT0_EXT1_EXT2_EXT3_EXT4_EE.exit9.i:7  %p_Val2_s = load i24* %matricet_1_V_addr, align 4

]]></Node>
<StgValue><ssdm name="p_Val2_s"/></StgValue>
</operation>

<operation id="27" st_id="3" stage="2" lat="2">
<core>RAM</core>
<MemPortIdVec>0 </MemPortIdVec>
<condition id="-1">
<or_exp><and_exp><literal name="icmp_ln111" val="0"/>
</and_exp></or_exp>
</condition>

<Node id="30" bw="24" op_0_bw="13">
<![CDATA[
_ZN13ap_fixed_baseILi25ELi17ELb1EL9ap_q_mode5EL9ap_o_mode3ELi0EEC1ILi24ELi16ELb1ELS0_5ELS1_3ELi0EEERKS_IXT_EXT0_EXT1_EXT2_EXT3_EXT4_EE.exit9.i:8  %p_Val2_2 = load i24* %matricet_V_addr, align 4

]]></Node>
<StgValue><ssdm name="p_Val2_2"/></StgValue>
</operation>

<operation id="28" st_id="3" stage="1" lat="1">
<core>NULL</core>
<MemPortIdVec></MemPortIdVec>
<condition id="-1">
<or_exp><and_exp><literal name="icmp_ln111" val="1"/>
</and_exp></or_exp>
</condition>

<Node id="40" bw="0" op_0_bw="0">
<![CDATA[
.loopexit.loopexit:0  br label %.loopexit

]]></Node>
<StgValue><ssdm name="br_ln0"/></StgValue>
</operation>
</state>

<state id="4" st_id="4">

<operation id="29" st_id="4" stage="1" lat="2">
<core>RAM</core>
<MemPortIdVec>0 </MemPortIdVec>
<condition id="-1">
<or_exp><and_exp></and_exp></or_exp>
</condition>

<Node id="29" bw="24" op_0_bw="13">
<![CDATA[
_ZN13ap_fixed_baseILi25ELi17ELb1EL9ap_q_mode5EL9ap_o_mode3ELi0EEC1ILi24ELi16ELb1ELS0_5ELS1_3ELi0EEERKS_IXT_EXT0_EXT1_EXT2_EXT3_EXT4_EE.exit9.i:7  %p_Val2_s = load i24* %matricet_1_V_addr, align 4

]]></Node>
<StgValue><ssdm name="p_Val2_s"/></StgValue>
</operation>

<operation id="30" st_id="4" stage="1" lat="2">
<core>RAM</core>
<MemPortIdVec>0 </MemPortIdVec>
<condition id="-1">
<or_exp><and_exp></and_exp></or_exp>
</condition>

<Node id="30" bw="24" op_0_bw="13">
<![CDATA[
_ZN13ap_fixed_baseILi25ELi17ELb1EL9ap_q_mode5EL9ap_o_mode3ELi0EEC1ILi24ELi16ELb1ELS0_5ELS1_3ELi0EEERKS_IXT_EXT0_EXT1_EXT2_EXT3_EXT4_EE.exit9.i:8  %p_Val2_2 = load i24* %matricet_V_addr, align 4

]]></Node>
<StgValue><ssdm name="p_Val2_2"/></StgValue>
</operation>

<operation id="31" st_id="4" stage="1" lat="1">
<core>AddSub</core>
<MemPortIdVec></MemPortIdVec>
<condition id="-1">
<or_exp><and_exp></and_exp></or_exp>
</condition>

<Node id="31" bw="24" op_0_bw="24" op_1_bw="24">
<![CDATA[
_ZN13ap_fixed_baseILi25ELi17ELb1EL9ap_q_mode5EL9ap_o_mode3ELi0EEC1ILi24ELi16ELb1ELS0_5ELS1_3ELi0EEERKS_IXT_EXT0_EXT1_EXT2_EXT3_EXT4_EE.exit9.i:9  %add_ln703 = add i24 %p_Val2_2, %p_Val2_s

]]></Node>
<StgValue><ssdm name="add_ln703"/></StgValue>
</operation>
</state>

<state id="5" st_id="5">

<operation id="32" st_id="5" stage="1" lat="1">
<core>NULL</core>
<MemPortIdVec></MemPortIdVec>
<condition id="-1">
<or_exp><and_exp></and_exp></or_exp>
</condition>

<Node id="22" bw="0" op_0_bw="0" op_1_bw="0">
<![CDATA[
_ZN13ap_fixed_baseILi25ELi17ELb1EL9ap_q_mode5EL9ap_o_mode3ELi0EEC1ILi24ELi16ELb1ELS0_5ELS1_3ELi0EEERKS_IXT_EXT0_EXT1_EXT2_EXT3_EXT4_EE.exit9.i:0  call void (...)* @_ssdm_op_SpecLoopName([11 x i8]* @p_str4) nounwind

]]></Node>
<StgValue><ssdm name="specloopname_ln112"/></StgValue>
</operation>

<operation id="33" st_id="5" stage="1" lat="1">
<core>NULL</core>
<MemPortIdVec></MemPortIdVec>
<condition id="-1">
<or_exp><and_exp></and_exp></or_exp>
</condition>

<Node id="28" bw="13" op_0_bw="1" op_1_bw="64" op_2_bw="64">
<![CDATA[
_ZN13ap_fixed_baseILi25ELi17ELb1EL9ap_q_mode5EL9ap_o_mode3ELi0EEC1ILi24ELi16ELb1ELS0_5ELS1_3ELi0EEERKS_IXT_EXT0_EXT1_EXT2_EXT3_EXT4_EE.exit9.i:6  %spike_V_addr = getelementptr [8192 x i1]* %spike_V, i64 0, i64 %zext_ln1265_2

]]></Node>
<StgValue><ssdm name="spike_V_addr"/></StgValue>
</operation>

<operation id="34" st_id="5" stage="1" lat="1">
<core>Cmp</core>
<MemPortIdVec></MemPortIdVec>
<condition id="-1">
<or_exp><and_exp></and_exp></or_exp>
</condition>

<Node id="32" bw="1" op_0_bw="24" op_1_bw="24">
<![CDATA[
_ZN13ap_fixed_baseILi25ELi17ELb1EL9ap_q_mode5EL9ap_o_mode3ELi0EEC1ILi24ELi16ELb1ELS0_5ELS1_3ELi0EEERKS_IXT_EXT0_EXT1_EXT2_EXT3_EXT4_EE.exit9.i:10  %icmp_ln1494 = icmp sgt i24 %add_ln703, 3840

]]></Node>
<StgValue><ssdm name="icmp_ln1494"/></StgValue>
</operation>

<operation id="35" st_id="5" stage="1" lat="1">
<core>RAM</core>
<MemPortIdVec>0 </MemPortIdVec>
<condition id="-1">
<or_exp><and_exp></and_exp></or_exp>
</condition>

<Node id="33" bw="0" op_0_bw="1" op_1_bw="13">
<![CDATA[
_ZN13ap_fixed_baseILi25ELi17ELb1EL9ap_q_mode5EL9ap_o_mode3ELi0EEC1ILi24ELi16ELb1ELS0_5ELS1_3ELi0EEERKS_IXT_EXT0_EXT1_EXT2_EXT3_EXT4_EE.exit9.i:11  store i1 %icmp_ln1494, i1* %spike_V_addr, align 1

]]></Node>
<StgValue><ssdm name="store_ln114"/></StgValue>
</operation>

<operation id="36" st_id="5" stage="1" lat="1">
<core>LogicGate</core>
<MemPortIdVec></MemPortIdVec>
<condition id="-1">
<or_exp><and_exp></and_exp></or_exp>
</condition>

<Node id="34" bw="1" op_0_bw="1" op_1_bw="1">
<![CDATA[
_ZN13ap_fixed_baseILi25ELi17ELb1EL9ap_q_mode5EL9ap_o_mode3ELi0EEC1ILi24ELi16ELb1ELS0_5ELS1_3ELi0EEERKS_IXT_EXT0_EXT1_EXT2_EXT3_EXT4_EE.exit9.i:12  %xor_ln703 = xor i1 %icmp_ln1494, true

]]></Node>
<StgValue><ssdm name="xor_ln703"/></StgValue>
</operation>

<operation id="37" st_id="5" stage="1" lat="1">
<core>Sel</core>
<MemPortIdVec></MemPortIdVec>
<condition id="-1">
<or_exp><and_exp></and_exp></or_exp>
</condition>

<Node id="35" bw="24" op_0_bw="1" op_1_bw="24" op_2_bw="24">
<![CDATA[
_ZN13ap_fixed_baseILi25ELi17ELb1EL9ap_q_mode5EL9ap_o_mode3ELi0EEC1ILi24ELi16ELb1ELS0_5ELS1_3ELi0EEERKS_IXT_EXT0_EXT1_EXT2_EXT3_EXT4_EE.exit9.i:13  %select_ln703 = select i1 %xor_ln703, i24 -1, i24 0

]]></Node>
<StgValue><ssdm name="select_ln703"/></StgValue>
</operation>

<operation id="38" st_id="5" stage="1" lat="1">
<core>LogicGate</core>
<MemPortIdVec></MemPortIdVec>
<condition id="-1">
<or_exp><and_exp></and_exp></or_exp>
</condition>

<Node id="36" bw="24" op_0_bw="24" op_1_bw="24">
<![CDATA[
_ZN13ap_fixed_baseILi25ELi17ELb1EL9ap_q_mode5EL9ap_o_mode3ELi0EEC1ILi24ELi16ELb1ELS0_5ELS1_3ELi0EEERKS_IXT_EXT0_EXT1_EXT2_EXT3_EXT4_EE.exit9.i:14  %and_ln703 = and i24 %add_ln703, %select_ln703

]]></Node>
<StgValue><ssdm name="and_ln703"/></StgValue>
</operation>

<operation id="39" st_id="5" stage="1" lat="1">
<core>RAM</core>
<MemPortIdVec>0 </MemPortIdVec>
<condition id="-1">
<or_exp><and_exp></and_exp></or_exp>
</condition>

<Node id="37" bw="0" op_0_bw="24" op_1_bw="13" op_2_bw="24">
<![CDATA[
_ZN13ap_fixed_baseILi25ELi17ELb1EL9ap_q_mode5EL9ap_o_mode3ELi0EEC1ILi24ELi16ELb1ELS0_5ELS1_3ELi0EEERKS_IXT_EXT0_EXT1_EXT2_EXT3_EXT4_EE.exit9.i:15  store i24 %and_ln703, i24* %matricet_V_addr, align 4

]]></Node>
<StgValue><ssdm name="store_ln115"/></StgValue>
</operation>

<operation id="40" st_id="5" stage="1" lat="1">
<core>NULL</core>
<MemPortIdVec></MemPortIdVec>
<condition id="-1">
<or_exp><and_exp></and_exp></or_exp>
</condition>

<Node id="38" bw="0" op_0_bw="0">
<![CDATA[
_ZN13ap_fixed_baseILi25ELi17ELb1EL9ap_q_mode5EL9ap_o_mode3ELi0EEC1ILi24ELi16ELb1ELS0_5ELS1_3ELi0EEERKS_IXT_EXT0_EXT1_EXT2_EXT3_EXT4_EE.exit9.i:16  br label %.preheader

]]></Node>
<StgValue><ssdm name="br_ln111"/></StgValue>
</operation>
</state>
</state_list>


<ports>
<port id="48" name="matricet_V" dir="2" iftype="1">
<core>RAM</core><StgValue><ssdm name="matricet_V"/><MemPortTyVec>2 3 </MemPortTyVec>
</StgValue>
</port>
<port id="49" name="matricet_1_V" dir="0" iftype="1">
<core>RAM</core><StgValue><ssdm name="matricet_1_V"/><MemPortTyVec>1 3 </MemPortTyVec>
</StgValue>
</port>
<port id="50" name="spike_V" dir="1" iftype="1">
<core>RAM</core><StgValue><ssdm name="spike_V"/><MemPortTyVec>0 3 </MemPortTyVec>
</StgValue>
</port>
</ports>


<dataflows>
<dataflow id="52" from="StgValue_51" to="i_0" fromId="51" toId="7">
<condition id="-1">
<or_exp><and_exp></and_exp></or_exp>
</condition>
</dataflow>
<dataflow id="53" from="br_ln109" to="i_0" fromId="6" toId="7">
</dataflow>
<dataflow id="54" from="i" to="i_0" fromId="10" toId="7">
<BackEdge/>
<condition id="-1">
<or_exp><and_exp><literal name="icmp_ln111" val="1"/>
</and_exp></or_exp>
</condition>
</dataflow>
<dataflow id="55" from="br_ln0" to="i_0" fromId="28" toId="7">
<BackEdge/>
</dataflow>
<dataflow id="56" from="i_0" to="icmp_ln109" fromId="7" toId="8">
</dataflow>
<dataflow id="58" from="StgValue_57" to="icmp_ln109" fromId="57" toId="8">
</dataflow>
<dataflow id="60" from="_ssdm_op_SpecLoopTripCount" to="empty" fromId="59" toId="9">
</dataflow>
<dataflow id="62" from="StgValue_61" to="empty" fromId="61" toId="9">
</dataflow>
<dataflow id="63" from="StgValue_61" to="empty" fromId="61" toId="9">
</dataflow>
<dataflow id="64" from="StgValue_61" to="empty" fromId="61" toId="9">
</dataflow>
<dataflow id="65" from="i_0" to="i" fromId="7" toId="10">
</dataflow>
<dataflow id="67" from="StgValue_66" to="i" fromId="66" toId="10">
</dataflow>
<dataflow id="68" from="icmp_ln109" to="br_ln109" fromId="8" toId="11">
</dataflow>
<dataflow id="70" from="_ssdm_op_BitConcatenate.i14.i9.i5" to="tmp" fromId="69" toId="12">
</dataflow>
<dataflow id="71" from="i_0" to="tmp" fromId="7" toId="12">
</dataflow>
<dataflow id="73" from="StgValue_72" to="tmp" fromId="72" toId="12">
</dataflow>
<dataflow id="74" from="tmp" to="zext_ln111" fromId="12" toId="13">
</dataflow>
<dataflow id="75" from="j" to="j_0" fromId="19" toId="16">
<BackEdge/>
<condition id="-1">
<or_exp><and_exp></and_exp></or_exp>
</condition>
</dataflow>
<dataflow id="76" from="br_ln111" to="j_0" fromId="40" toId="16">
<BackEdge/>
</dataflow>
<dataflow id="78" from="StgValue_77" to="j_0" fromId="77" toId="16">
<condition id="-1">
<or_exp><and_exp><literal name="icmp_ln109" val="0"/>
</and_exp></or_exp>
</condition>
</dataflow>
<dataflow id="79" from="br_ln111" to="j_0" fromId="14" toId="16">
</dataflow>
<dataflow id="80" from="j_0" to="icmp_ln111" fromId="16" toId="17">
</dataflow>
<dataflow id="82" from="StgValue_81" to="icmp_ln111" fromId="81" toId="17">
</dataflow>
<dataflow id="83" from="_ssdm_op_SpecLoopTripCount" to="empty_39" fromId="59" toId="18">
</dataflow>
<dataflow id="85" from="StgValue_84" to="empty_39" fromId="84" toId="18">
</dataflow>
<dataflow id="86" from="StgValue_84" to="empty_39" fromId="84" toId="18">
</dataflow>
<dataflow id="87" from="StgValue_84" to="empty_39" fromId="84" toId="18">
</dataflow>
<dataflow id="88" from="j_0" to="j" fromId="16" toId="19">
</dataflow>
<dataflow id="90" from="StgValue_89" to="j" fromId="89" toId="19">
</dataflow>
<dataflow id="91" from="icmp_ln111" to="br_ln111" fromId="17" toId="20">
</dataflow>
<dataflow id="92" from="j_0" to="zext_ln1265" fromId="16" toId="21">
</dataflow>
<dataflow id="93" from="zext_ln1265" to="add_ln1265" fromId="21" toId="22">
</dataflow>
<dataflow id="94" from="zext_ln111" to="add_ln1265" fromId="13" toId="22">
</dataflow>
<dataflow id="95" from="add_ln1265" to="zext_ln1265_2" fromId="22" toId="23">
</dataflow>
<dataflow id="96" from="matricet_V" to="matricet_V_addr" fromId="48" toId="24">
</dataflow>
<dataflow id="98" from="StgValue_97" to="matricet_V_addr" fromId="97" toId="24">
</dataflow>
<dataflow id="99" from="zext_ln1265_2" to="matricet_V_addr" fromId="23" toId="24">
</dataflow>
<dataflow id="100" from="matricet_1_V" to="matricet_1_V_addr" fromId="49" toId="25">
</dataflow>
<dataflow id="101" from="StgValue_97" to="matricet_1_V_addr" fromId="97" toId="25">
</dataflow>
<dataflow id="102" from="zext_ln1265_2" to="matricet_1_V_addr" fromId="23" toId="25">
</dataflow>
<dataflow id="103" from="matricet_1_V_addr" to="p_Val2_s" fromId="25" toId="26">
</dataflow>
<dataflow id="104" from="matricet_V_addr" to="p_Val2_2" fromId="24" toId="27">
</dataflow>
<dataflow id="105" from="matricet_1_V_addr" to="p_Val2_s" fromId="25" toId="29">
</dataflow>
<dataflow id="106" from="matricet_V_addr" to="p_Val2_2" fromId="24" toId="30">
</dataflow>
<dataflow id="107" from="p_Val2_2" to="add_ln703" fromId="30" toId="31">
</dataflow>
<dataflow id="108" from="p_Val2_s" to="add_ln703" fromId="29" toId="31">
</dataflow>
<dataflow id="110" from="_ssdm_op_SpecLoopName" to="specloopname_ln112" fromId="109" toId="32">
</dataflow>
<dataflow id="112" from="p_str4" to="specloopname_ln112" fromId="111" toId="32">
</dataflow>
<dataflow id="113" from="spike_V" to="spike_V_addr" fromId="50" toId="33">
</dataflow>
<dataflow id="114" from="StgValue_97" to="spike_V_addr" fromId="97" toId="33">
</dataflow>
<dataflow id="115" from="zext_ln1265_2" to="spike_V_addr" fromId="23" toId="33">
</dataflow>
<dataflow id="116" from="add_ln703" to="icmp_ln1494" fromId="31" toId="34">
</dataflow>
<dataflow id="118" from="StgValue_117" to="icmp_ln1494" fromId="117" toId="34">
</dataflow>
<dataflow id="119" from="icmp_ln1494" to="store_ln114" fromId="34" toId="35">
</dataflow>
<dataflow id="120" from="spike_V_addr" to="store_ln114" fromId="33" toId="35">
</dataflow>
<dataflow id="121" from="icmp_ln1494" to="xor_ln703" fromId="34" toId="36">
</dataflow>
<dataflow id="123" from="StgValue_122" to="xor_ln703" fromId="122" toId="36">
</dataflow>
<dataflow id="124" from="xor_ln703" to="select_ln703" fromId="36" toId="37">
</dataflow>
<dataflow id="126" from="StgValue_125" to="select_ln703" fromId="125" toId="37">
</dataflow>
<dataflow id="128" from="StgValue_127" to="select_ln703" fromId="127" toId="37">
</dataflow>
<dataflow id="129" from="add_ln703" to="and_ln703" fromId="31" toId="38">
</dataflow>
<dataflow id="130" from="select_ln703" to="and_ln703" fromId="37" toId="38">
</dataflow>
<dataflow id="131" from="and_ln703" to="store_ln115" fromId="38" toId="39">
</dataflow>
<dataflow id="132" from="matricet_V_addr" to="store_ln115" fromId="24" toId="39">
</dataflow>
<dataflow id="133" from="icmp_ln109" to="StgValue_2" fromId="8" toId="2">
</dataflow>
<dataflow id="134" from="icmp_ln111" to="StgValue_3" fromId="17" toId="3">
</dataflow>
</dataflows>


</stg>
