<profile>

<section name = "Vivado HLS Report for 'Lif'" level="0">
<item name = "Date">Thu Dec 19 10:27:27 2024
</item>
<item name = "Version">2019.2 (Build 2704478 on Wed Nov 06 22:10:23 MST 2019)</item>
<item name = "Project">Matrice_binaire</item>
<item name = "Solution">solution1</item>
<item name = "Product family">artix7</item>
<item name = "Target device">xc7a200t-sbv484-1</item>
</section>

<section name = "Performance Estimates" level="0">
<item name = "Timing">
<section name = "" level="1">
<item name = "Summary"><table name="" hasTotal="0">
<keys size="4">Clock, Target, Estimated, Uncertainty</keys>
<column name="ap_clk">10.00 ns, 6.661 ns, 1.25 ns</column>
</table>
</item>
</section>
</item>
<item name = "Latency">
<section name = "" level="1">
<item name = "Summary"><table name="" hasTotal="0">
<keys size="8">, min, max, min, max, min, max, Type</keys>
<column name="">25089, 25089, 0.251 ms, 0.251 ms, 25089, 25089, none</column>
</table>
</item>
<item name = "Detail">
<section name = "" level="1">
<item name = "Instance"><table name="" hasTotal="0">
<keys size="9">Instance, Module, min, max, min, max, min, max, Type</keys>
</table>
</item>
<item name = "Loop"><table name="" hasTotal="0">
<keys size="8">Loop Name, min, max, Latency, achieved, target, Count, Pipelined</keys>
<column name="- Loop 1">25088, 25088, 98, -, -, 256, no</column>
<column name=" + Lif_label1">96, 96, 3, -, -, 32, no</column>
</table>
</item>
</section>
</item>
</section>
</item>
</section>

<section name = "Utilization Estimates" level="0">
<item name = "Summary"><table name="" hasTotal="1">
<keys size="6">Name, BRAM_18K, DSP48E, FF, LUT, URAM</keys>
<column name="DSP">-, -, -, -, -</column>
<column name="Expression">-, -, 0, 154, -</column>
<column name="FIFO">-, -, -, -, -</column>
<column name="Instance">-, -, -, -, -</column>
<column name="Memory">-, -, -, -, -</column>
<column name="Multiplexer">-, -, -, 66, -</column>
<column name="Register">-, -, 96, -, -</column>
<specialColumn name="Available">730, 740, 269200, 134600, 0</specialColumn>
<specialColumn name="Utilization (%)">0, 0, ~0, ~0, 0</specialColumn>
</table>
</item>
<item name = "Detail">
<section name = "" level="1">
<item name = "Instance"><table name="" hasTotal="1">
<keys size="7">Instance, Module, BRAM_18K, DSP48E, FF, LUT, URAM</keys>
</table>
</item>
<item name = "DSP48E"><table name="" hasTotal="0">
<keys size="3">Instance, Module, Expression</keys>
</table>
</item>
<item name = "Memory"><table name="" hasTotal="1">
<keys size="10">Memory, Module, BRAM_18K, FF, LUT, URAM, Words, Bits, Banks, W*Bits*Banks</keys>
</table>
</item>
<item name = "FIFO"><table name="" hasTotal="1">
<keys size="8">Name, BRAM_18K, FF, LUT, URAM, Depth, Bits, Size:D*B</keys>
</table>
</item>
<item name = "Expression"><table name="" hasTotal="1">
<keys size="7">Variable Name, Operation, DSP48E, FF, LUT, Bitwidth P0, Bitwidth P1</keys>
<column name="add_ln1265_fu_143_p2">+, 0, 0, 22, 15, 15</column>
<column name="add_ln703_fu_154_p2">+, 0, 0, 31, 24, 24</column>
<column name="i_fu_109_p2">+, 0, 0, 16, 9, 1</column>
<column name="j_fu_133_p2">+, 0, 0, 15, 6, 1</column>
<column name="matricet_V_d0">and, 0, 0, 24, 24, 24</column>
<column name="icmp_ln109_fu_103_p2">icmp, 0, 0, 13, 9, 10</column>
<column name="icmp_ln111_fu_127_p2">icmp, 0, 0, 11, 6, 7</column>
<column name="icmp_ln1494_fu_160_p2">icmp, 0, 0, 18, 24, 12</column>
<column name="select_ln703_fu_172_p3">select, 0, 0, 2, 1, 2</column>
<column name="xor_ln703_fu_166_p2">xor, 0, 0, 2, 1, 2</column>
</table>
</item>
<item name = "Multiplexer"><table name="" hasTotal="1">
<keys size="5">Name, LUT, Input Size, Bits, Total Bits</keys>
<column name="ap_NS_fsm">33, 6, 1, 6</column>
<column name="i_0_reg_81">9, 2, 9, 18</column>
<column name="j_0_reg_92">9, 2, 6, 12</column>
<column name="matricet_V_address0">15, 3, 13, 39</column>
</table>
</item>
<item name = "Register"><table name="" hasTotal="1">
<keys size="5">Name, FF, LUT, Bits, Const Bits</keys>
<column name="add_ln703_reg_222">24, 0, 24, 0</column>
<column name="ap_CS_fsm">5, 0, 5, 0</column>
<column name="i_0_reg_81">9, 0, 9, 0</column>
<column name="i_reg_189">9, 0, 9, 0</column>
<column name="j_0_reg_92">6, 0, 6, 0</column>
<column name="j_reg_202">6, 0, 6, 0</column>
<column name="matricet_V_addr_reg_212">13, 0, 13, 0</column>
<column name="zext_ln111_reg_194">9, 0, 15, 6</column>
<column name="zext_ln1265_2_reg_207">15, 0, 64, 49</column>
</table>
</item>
</section>
</item>
</section>

<section name = "Interface" level="0">
<item name = "Summary"><table name="" hasTotal="0">
<keys size="6">RTL Ports, Dir, Bits, Protocol, Source Object, C Type</keys>
<column name="ap_clk">in, 1, ap_ctrl_hs, Lif, return value</column>
<column name="ap_rst">in, 1, ap_ctrl_hs, Lif, return value</column>
<column name="ap_start">in, 1, ap_ctrl_hs, Lif, return value</column>
<column name="ap_done">out, 1, ap_ctrl_hs, Lif, return value</column>
<column name="ap_idle">out, 1, ap_ctrl_hs, Lif, return value</column>
<column name="ap_ready">out, 1, ap_ctrl_hs, Lif, return value</column>
<column name="matricet_V_address0">out, 13, ap_memory, matricet_V, array</column>
<column name="matricet_V_ce0">out, 1, ap_memory, matricet_V, array</column>
<column name="matricet_V_we0">out, 1, ap_memory, matricet_V, array</column>
<column name="matricet_V_d0">out, 24, ap_memory, matricet_V, array</column>
<column name="matricet_V_q0">in, 24, ap_memory, matricet_V, array</column>
<column name="matricet_1_V_address0">out, 13, ap_memory, matricet_1_V, array</column>
<column name="matricet_1_V_ce0">out, 1, ap_memory, matricet_1_V, array</column>
<column name="matricet_1_V_q0">in, 24, ap_memory, matricet_1_V, array</column>
<column name="spike_V_address0">out, 13, ap_memory, spike_V, array</column>
<column name="spike_V_ce0">out, 1, ap_memory, spike_V, array</column>
<column name="spike_V_we0">out, 1, ap_memory, spike_V, array</column>
<column name="spike_V_d0">out, 1, ap_memory, spike_V, array</column>
</table>
</item>
</section>
</profile>
