<stg><name>Lif512</name>


<trans_list>

<trans id="41" from="1" to="2">
<condition id="-1">
<or_exp><and_exp></and_exp></or_exp>
</condition>
</trans>

<trans id="42" from="2" to="3">
<condition id="-1">
<or_exp><and_exp><literal name="icmp_ln123" val="0"/>
</and_exp></or_exp>
</condition>
</trans>

<trans id="43" from="3" to="4">
<condition id="-1">
<or_exp><and_exp><literal name="icmp_ln125" val="0"/>
</and_exp></or_exp>
</condition>
</trans>

<trans id="47" from="3" to="2">
<condition id="-1">
<or_exp><and_exp><literal name="icmp_ln125" val="1"/>
</and_exp></or_exp>
</condition>
</trans>

<trans id="45" from="4" to="5">
<condition id="-1">
<or_exp><and_exp></and_exp></or_exp>
</condition>
</trans>

<trans id="46" from="5" to="3">
<condition id="-1">
<or_exp><and_exp></and_exp></or_exp>
</condition>
</trans>
</trans_list>



<state_list>

<state id="1" st_id="1">

<operation id="6" st_id="1" stage="1" lat="1">
<core>NULL</core>
<MemPortIdVec></MemPortIdVec>
<condition id="-1">
<or_exp><and_exp></and_exp></or_exp>
</condition>

<Node id="4" bw="0" op_0_bw="0">
<![CDATA[
:0  br label %.loopexit

]]></Node>
<StgValue><ssdm name="br_ln123"/></StgValue>
</operation>
</state>

<state id="2" st_id="2">

<operation id="7" st_id="2" stage="1" lat="1">
<core>NULL</core>
<MemPortIdVec></MemPortIdVec>
<condition id="-1">
<or_exp><and_exp></and_exp></or_exp>
</condition>

<Node id="6" bw="9" op_0_bw="9" op_1_bw="0" op_2_bw="9" op_3_bw="0">
<![CDATA[
.loopexit:0  %i_0 = phi i9 [ 0, %0 ], [ %i, %.loopexit.loopexit ]

]]></Node>
<StgValue><ssdm name="i_0"/></StgValue>
</operation>

<operation id="8" st_id="2" stage="1" lat="1">
<core>Cmp</core>
<MemPortIdVec></MemPortIdVec>
<condition id="-1">
<or_exp><and_exp></and_exp></or_exp>
</condition>

<Node id="7" bw="1" op_0_bw="9" op_1_bw="9">
<![CDATA[
.loopexit:1  %icmp_ln123 = icmp eq i9 %i_0, -256

]]></Node>
<StgValue><ssdm name="icmp_ln123"/></StgValue>
</operation>

<operation id="9" st_id="2" stage="1" lat="1">
<core>NULL</core>
<MemPortIdVec></MemPortIdVec>
<condition id="-1">
<or_exp><and_exp></and_exp></or_exp>
</condition>

<Node id="8" bw="32" op_0_bw="32" op_1_bw="64" op_2_bw="64" op_3_bw="64">
<![CDATA[
.loopexit:2  %empty = call i32 (...)* @_ssdm_op_SpecLoopTripCount(i64 256, i64 256, i64 256)

]]></Node>
<StgValue><ssdm name="empty"/></StgValue>
</operation>

<operation id="10" st_id="2" stage="1" lat="1">
<core>AddSub</core>
<MemPortIdVec></MemPortIdVec>
<condition id="-1">
<or_exp><and_exp></and_exp></or_exp>
</condition>

<Node id="9" bw="9" op_0_bw="9" op_1_bw="9">
<![CDATA[
.loopexit:3  %i = add i9 %i_0, 1

]]></Node>
<StgValue><ssdm name="i"/></StgValue>
</operation>

<operation id="11" st_id="2" stage="1" lat="1">
<core>NULL</core>
<MemPortIdVec></MemPortIdVec>
<condition id="-1">
<or_exp><and_exp></and_exp></or_exp>
</condition>

<Node id="10" bw="0" op_0_bw="1" op_1_bw="0" op_2_bw="0">
<![CDATA[
.loopexit:4  br i1 %icmp_ln123, label %1, label %.preheader.preheader

]]></Node>
<StgValue><ssdm name="br_ln123"/></StgValue>
</operation>

<operation id="12" st_id="2" stage="1" lat="1">
<core>NULL</core>
<MemPortIdVec></MemPortIdVec>
<condition id="-1">
<or_exp><and_exp><literal name="icmp_ln123" val="0"/>
</and_exp></or_exp>
</condition>

<Node id="12" bw="14" op_0_bw="14" op_1_bw="9" op_2_bw="5">
<![CDATA[
.preheader.preheader:0  %tmp = call i14 @_ssdm_op_BitConcatenate.i14.i9.i5(i9 %i_0, i5 0)

]]></Node>
<StgValue><ssdm name="tmp"/></StgValue>
</operation>

<operation id="13" st_id="2" stage="1" lat="1">
<core>NULL</core>
<MemPortIdVec></MemPortIdVec>
<condition id="-1">
<or_exp><and_exp><literal name="icmp_ln123" val="0"/>
</and_exp></or_exp>
</condition>

<Node id="13" bw="15" op_0_bw="14">
<![CDATA[
.preheader.preheader:1  %zext_ln125 = zext i14 %tmp to i15

]]></Node>
<StgValue><ssdm name="zext_ln125"/></StgValue>
</operation>

<operation id="14" st_id="2" stage="1" lat="1">
<core>NULL</core>
<MemPortIdVec></MemPortIdVec>
<condition id="-1">
<or_exp><and_exp><literal name="icmp_ln123" val="0"/>
</and_exp></or_exp>
</condition>

<Node id="14" bw="0" op_0_bw="0">
<![CDATA[
.preheader.preheader:2  br label %.preheader

]]></Node>
<StgValue><ssdm name="br_ln125"/></StgValue>
</operation>

<operation id="15" st_id="2" stage="1" lat="1">
<core>NULL</core>
<MemPortIdVec></MemPortIdVec>
<condition id="-1">
<or_exp><and_exp><literal name="icmp_ln123" val="1"/>
</and_exp></or_exp>
</condition>

<Node id="42" bw="0">
<![CDATA[
:0  ret void

]]></Node>
<StgValue><ssdm name="ret_ln132"/></StgValue>
</operation>
</state>

<state id="3" st_id="3">

<operation id="16" st_id="3" stage="1" lat="1">
<core>NULL</core>
<MemPortIdVec></MemPortIdVec>
<condition id="-1">
<or_exp><and_exp></and_exp></or_exp>
</condition>

<Node id="16" bw="6" op_0_bw="6" op_1_bw="0" op_2_bw="6" op_3_bw="0">
<![CDATA[
.preheader:0  %j_0 = phi i6 [ %j, %_ZN13ap_fixed_baseILi25ELi17ELb1EL9ap_q_mode5EL9ap_o_mode3ELi0EEC1ILi24ELi16ELb1ELS0_5ELS1_3ELi0EEERKS_IXT_EXT0_EXT1_EXT2_EXT3_EXT4_EE.exit9.i ], [ 0, %.preheader.preheader ]

]]></Node>
<StgValue><ssdm name="j_0"/></StgValue>
</operation>

<operation id="17" st_id="3" stage="1" lat="1">
<core>Cmp</core>
<MemPortIdVec></MemPortIdVec>
<condition id="-1">
<or_exp><and_exp></and_exp></or_exp>
</condition>

<Node id="17" bw="1" op_0_bw="6" op_1_bw="6">
<![CDATA[
.preheader:1  %icmp_ln125 = icmp eq i6 %j_0, -32

]]></Node>
<StgValue><ssdm name="icmp_ln125"/></StgValue>
</operation>

<operation id="18" st_id="3" stage="1" lat="1">
<core>NULL</core>
<MemPortIdVec></MemPortIdVec>
<condition id="-1">
<or_exp><and_exp></and_exp></or_exp>
</condition>

<Node id="18" bw="32" op_0_bw="32" op_1_bw="64" op_2_bw="64" op_3_bw="64">
<![CDATA[
.preheader:2  %empty_38 = call i32 (...)* @_ssdm_op_SpecLoopTripCount(i64 32, i64 32, i64 32)

]]></Node>
<StgValue><ssdm name="empty_38"/></StgValue>
</operation>

<operation id="19" st_id="3" stage="1" lat="1">
<core>AddSub</core>
<MemPortIdVec></MemPortIdVec>
<condition id="-1">
<or_exp><and_exp></and_exp></or_exp>
</condition>

<Node id="19" bw="6" op_0_bw="6" op_1_bw="6">
<![CDATA[
.preheader:3  %j = add i6 %j_0, 1

]]></Node>
<StgValue><ssdm name="j"/></StgValue>
</operation>

<operation id="20" st_id="3" stage="1" lat="1">
<core>NULL</core>
<MemPortIdVec></MemPortIdVec>
<condition id="-1">
<or_exp><and_exp></and_exp></or_exp>
</condition>

<Node id="20" bw="0" op_0_bw="1" op_1_bw="0" op_2_bw="0">
<![CDATA[
.preheader:4  br i1 %icmp_ln125, label %.loopexit.loopexit, label %_ZN13ap_fixed_baseILi25ELi17ELb1EL9ap_q_mode5EL9ap_o_mode3ELi0EEC1ILi24ELi16ELb1ELS0_5ELS1_3ELi0EEERKS_IXT_EXT0_EXT1_EXT2_EXT3_EXT4_EE.exit9.i

]]></Node>
<StgValue><ssdm name="br_ln125"/></StgValue>
</operation>

<operation id="21" st_id="3" stage="1" lat="1">
<core>NULL</core>
<MemPortIdVec></MemPortIdVec>
<condition id="-1">
<or_exp><and_exp><literal name="icmp_ln125" val="0"/>
</and_exp></or_exp>
</condition>

<Node id="23" bw="15" op_0_bw="6">
<![CDATA[
_ZN13ap_fixed_baseILi25ELi17ELb1EL9ap_q_mode5EL9ap_o_mode3ELi0EEC1ILi24ELi16ELb1ELS0_5ELS1_3ELi0EEERKS_IXT_EXT0_EXT1_EXT2_EXT3_EXT4_EE.exit9.i:1  %zext_ln1265 = zext i6 %j_0 to i15

]]></Node>
<StgValue><ssdm name="zext_ln1265"/></StgValue>
</operation>

<operation id="22" st_id="3" stage="1" lat="1">
<core>AddSub</core>
<MemPortIdVec></MemPortIdVec>
<condition id="-1">
<or_exp><and_exp><literal name="icmp_ln125" val="0"/>
</and_exp></or_exp>
</condition>

<Node id="24" bw="15" op_0_bw="15" op_1_bw="15">
<![CDATA[
_ZN13ap_fixed_baseILi25ELi17ELb1EL9ap_q_mode5EL9ap_o_mode3ELi0EEC1ILi24ELi16ELb1ELS0_5ELS1_3ELi0EEERKS_IXT_EXT0_EXT1_EXT2_EXT3_EXT4_EE.exit9.i:2  %add_ln1265 = add i15 %zext_ln1265, %zext_ln125

]]></Node>
<StgValue><ssdm name="add_ln1265"/></StgValue>
</operation>

<operation id="23" st_id="3" stage="1" lat="1">
<core>NULL</core>
<MemPortIdVec></MemPortIdVec>
<condition id="-1">
<or_exp><and_exp><literal name="icmp_ln125" val="0"/>
</and_exp></or_exp>
</condition>

<Node id="25" bw="64" op_0_bw="15">
<![CDATA[
_ZN13ap_fixed_baseILi25ELi17ELb1EL9ap_q_mode5EL9ap_o_mode3ELi0EEC1ILi24ELi16ELb1ELS0_5ELS1_3ELi0EEERKS_IXT_EXT0_EXT1_EXT2_EXT3_EXT4_EE.exit9.i:3  %zext_ln1265_1 = zext i15 %add_ln1265 to i64

]]></Node>
<StgValue><ssdm name="zext_ln1265_1"/></StgValue>
</operation>

<operation id="24" st_id="3" stage="1" lat="1">
<core>NULL</core>
<MemPortIdVec></MemPortIdVec>
<condition id="-1">
<or_exp><and_exp><literal name="icmp_ln125" val="0"/>
</and_exp></or_exp>
</condition>

<Node id="26" bw="14" op_0_bw="24" op_1_bw="64" op_2_bw="64">
<![CDATA[
_ZN13ap_fixed_baseILi25ELi17ELb1EL9ap_q_mode5EL9ap_o_mode3ELi0EEC1ILi24ELi16ELb1ELS0_5ELS1_3ELi0EEERKS_IXT_EXT0_EXT1_EXT2_EXT3_EXT4_EE.exit9.i:4  %matricet_V_addr = getelementptr [16384 x i24]* %matricet_V, i64 0, i64 %zext_ln1265_1

]]></Node>
<StgValue><ssdm name="matricet_V_addr"/></StgValue>
</operation>

<operation id="25" st_id="3" stage="1" lat="1">
<core>NULL</core>
<MemPortIdVec></MemPortIdVec>
<condition id="-1">
<or_exp><and_exp><literal name="icmp_ln125" val="0"/>
</and_exp></or_exp>
</condition>

<Node id="27" bw="14" op_0_bw="24" op_1_bw="64" op_2_bw="64">
<![CDATA[
_ZN13ap_fixed_baseILi25ELi17ELb1EL9ap_q_mode5EL9ap_o_mode3ELi0EEC1ILi24ELi16ELb1ELS0_5ELS1_3ELi0EEERKS_IXT_EXT0_EXT1_EXT2_EXT3_EXT4_EE.exit9.i:5  %matricet_1_V_addr = getelementptr [16384 x i24]* %matricet_1_V, i64 0, i64 %zext_ln1265_1

]]></Node>
<StgValue><ssdm name="matricet_1_V_addr"/></StgValue>
</operation>

<operation id="26" st_id="3" stage="2" lat="2">
<core>RAM</core>
<MemPortIdVec></MemPortIdVec>
<condition id="-1">
<or_exp><and_exp><literal name="icmp_ln125" val="0"/>
</and_exp></or_exp>
</condition>

<Node id="29" bw="24" op_0_bw="14">
<![CDATA[
_ZN13ap_fixed_baseILi25ELi17ELb1EL9ap_q_mode5EL9ap_o_mode3ELi0EEC1ILi24ELi16ELb1ELS0_5ELS1_3ELi0EEERKS_IXT_EXT0_EXT1_EXT2_EXT3_EXT4_EE.exit9.i:7  %p_Val2_s = load i24* %matricet_1_V_addr, align 4

]]></Node>
<StgValue><ssdm name="p_Val2_s"/></StgValue>
</operation>

<operation id="27" st_id="3" stage="2" lat="2">
<core>RAM</core>
<MemPortIdVec></MemPortIdVec>
<condition id="-1">
<or_exp><and_exp><literal name="icmp_ln125" val="0"/>
</and_exp></or_exp>
</condition>

<Node id="30" bw="24" op_0_bw="14">
<![CDATA[
_ZN13ap_fixed_baseILi25ELi17ELb1EL9ap_q_mode5EL9ap_o_mode3ELi0EEC1ILi24ELi16ELb1ELS0_5ELS1_3ELi0EEERKS_IXT_EXT0_EXT1_EXT2_EXT3_EXT4_EE.exit9.i:8  %p_Val2_1 = load i24* %matricet_V_addr, align 4

]]></Node>
<StgValue><ssdm name="p_Val2_1"/></StgValue>
</operation>

<operation id="28" st_id="3" stage="1" lat="1">
<core>NULL</core>
<MemPortIdVec></MemPortIdVec>
<condition id="-1">
<or_exp><and_exp><literal name="icmp_ln125" val="1"/>
</and_exp></or_exp>
</condition>

<Node id="40" bw="0" op_0_bw="0">
<![CDATA[
.loopexit.loopexit:0  br label %.loopexit

]]></Node>
<StgValue><ssdm name="br_ln0"/></StgValue>
</operation>
</state>

<state id="4" st_id="4">

<operation id="29" st_id="4" stage="1" lat="2">
<core>RAM</core>
<MemPortIdVec></MemPortIdVec>
<condition id="-1">
<or_exp><and_exp></and_exp></or_exp>
</condition>

<Node id="29" bw="24" op_0_bw="14">
<![CDATA[
_ZN13ap_fixed_baseILi25ELi17ELb1EL9ap_q_mode5EL9ap_o_mode3ELi0EEC1ILi24ELi16ELb1ELS0_5ELS1_3ELi0EEERKS_IXT_EXT0_EXT1_EXT2_EXT3_EXT4_EE.exit9.i:7  %p_Val2_s = load i24* %matricet_1_V_addr, align 4

]]></Node>
<StgValue><ssdm name="p_Val2_s"/></StgValue>
</operation>

<operation id="30" st_id="4" stage="1" lat="2">
<core>RAM</core>
<MemPortIdVec></MemPortIdVec>
<condition id="-1">
<or_exp><and_exp></and_exp></or_exp>
</condition>

<Node id="30" bw="24" op_0_bw="14">
<![CDATA[
_ZN13ap_fixed_baseILi25ELi17ELb1EL9ap_q_mode5EL9ap_o_mode3ELi0EEC1ILi24ELi16ELb1ELS0_5ELS1_3ELi0EEERKS_IXT_EXT0_EXT1_EXT2_EXT3_EXT4_EE.exit9.i:8  %p_Val2_1 = load i24* %matricet_V_addr, align 4

]]></Node>
<StgValue><ssdm name="p_Val2_1"/></StgValue>
</operation>

<operation id="31" st_id="4" stage="1" lat="1">
<core>AddSub</core>
<MemPortIdVec></MemPortIdVec>
<condition id="-1">
<or_exp><and_exp></and_exp></or_exp>
</condition>

<Node id="31" bw="24" op_0_bw="24" op_1_bw="24">
<![CDATA[
_ZN13ap_fixed_baseILi25ELi17ELb1EL9ap_q_mode5EL9ap_o_mode3ELi0EEC1ILi24ELi16ELb1ELS0_5ELS1_3ELi0EEERKS_IXT_EXT0_EXT1_EXT2_EXT3_EXT4_EE.exit9.i:9  %add_ln703 = add i24 %p_Val2_1, %p_Val2_s

]]></Node>
<StgValue><ssdm name="add_ln703"/></StgValue>
</operation>
</state>

<state id="5" st_id="5">

<operation id="32" st_id="5" stage="1" lat="1">
<core>NULL</core>
<MemPortIdVec></MemPortIdVec>
<condition id="-1">
<or_exp><and_exp></and_exp></or_exp>
</condition>

<Node id="22" bw="0" op_0_bw="0" op_1_bw="0">
<![CDATA[
_ZN13ap_fixed_baseILi25ELi17ELb1EL9ap_q_mode5EL9ap_o_mode3ELi0EEC1ILi24ELi16ELb1ELS0_5ELS1_3ELi0EEERKS_IXT_EXT0_EXT1_EXT2_EXT3_EXT4_EE.exit9.i:0  call void (...)* @_ssdm_op_SpecLoopName([11 x i8]* @p_str4) nounwind

]]></Node>
<StgValue><ssdm name="specloopname_ln126"/></StgValue>
</operation>

<operation id="33" st_id="5" stage="1" lat="1">
<core>NULL</core>
<MemPortIdVec></MemPortIdVec>
<condition id="-1">
<or_exp><and_exp></and_exp></or_exp>
</condition>

<Node id="28" bw="14" op_0_bw="1" op_1_bw="64" op_2_bw="64">
<![CDATA[
_ZN13ap_fixed_baseILi25ELi17ELb1EL9ap_q_mode5EL9ap_o_mode3ELi0EEC1ILi24ELi16ELb1ELS0_5ELS1_3ELi0EEERKS_IXT_EXT0_EXT1_EXT2_EXT3_EXT4_EE.exit9.i:6  %spike_V_addr = getelementptr [16384 x i1]* %spike_V, i64 0, i64 %zext_ln1265_1

]]></Node>
<StgValue><ssdm name="spike_V_addr"/></StgValue>
</operation>

<operation id="34" st_id="5" stage="1" lat="1">
<core>Cmp</core>
<MemPortIdVec></MemPortIdVec>
<condition id="-1">
<or_exp><and_exp></and_exp></or_exp>
</condition>

<Node id="32" bw="1" op_0_bw="24" op_1_bw="24">
<![CDATA[
_ZN13ap_fixed_baseILi25ELi17ELb1EL9ap_q_mode5EL9ap_o_mode3ELi0EEC1ILi24ELi16ELb1ELS0_5ELS1_3ELi0EEERKS_IXT_EXT0_EXT1_EXT2_EXT3_EXT4_EE.exit9.i:10  %icmp_ln1494 = icmp sgt i24 %add_ln703, 3840

]]></Node>
<StgValue><ssdm name="icmp_ln1494"/></StgValue>
</operation>

<operation id="35" st_id="5" stage="1" lat="1">
<core>RAM</core>
<MemPortIdVec></MemPortIdVec>
<condition id="-1">
<or_exp><and_exp></and_exp></or_exp>
</condition>

<Node id="33" bw="0" op_0_bw="1" op_1_bw="14">
<![CDATA[
_ZN13ap_fixed_baseILi25ELi17ELb1EL9ap_q_mode5EL9ap_o_mode3ELi0EEC1ILi24ELi16ELb1ELS0_5ELS1_3ELi0EEERKS_IXT_EXT0_EXT1_EXT2_EXT3_EXT4_EE.exit9.i:11  store i1 %icmp_ln1494, i1* %spike_V_addr, align 1

]]></Node>
<StgValue><ssdm name="store_ln128"/></StgValue>
</operation>

<operation id="36" st_id="5" stage="1" lat="1">
<core>LogicGate</core>
<MemPortIdVec></MemPortIdVec>
<condition id="-1">
<or_exp><and_exp></and_exp></or_exp>
</condition>

<Node id="34" bw="1" op_0_bw="1" op_1_bw="1">
<![CDATA[
_ZN13ap_fixed_baseILi25ELi17ELb1EL9ap_q_mode5EL9ap_o_mode3ELi0EEC1ILi24ELi16ELb1ELS0_5ELS1_3ELi0EEERKS_IXT_EXT0_EXT1_EXT2_EXT3_EXT4_EE.exit9.i:12  %xor_ln703 = xor i1 %icmp_ln1494, true

]]></Node>
<StgValue><ssdm name="xor_ln703"/></StgValue>
</operation>

<operation id="37" st_id="5" stage="1" lat="1">
<core>Sel</core>
<MemPortIdVec></MemPortIdVec>
<condition id="-1">
<or_exp><and_exp></and_exp></or_exp>
</condition>

<Node id="35" bw="24" op_0_bw="1" op_1_bw="24" op_2_bw="24">
<![CDATA[
_ZN13ap_fixed_baseILi25ELi17ELb1EL9ap_q_mode5EL9ap_o_mode3ELi0EEC1ILi24ELi16ELb1ELS0_5ELS1_3ELi0EEERKS_IXT_EXT0_EXT1_EXT2_EXT3_EXT4_EE.exit9.i:13  %select_ln703 = select i1 %xor_ln703, i24 -1, i24 0

]]></Node>
<StgValue><ssdm name="select_ln703"/></StgValue>
</operation>

<operation id="38" st_id="5" stage="1" lat="1">
<core>LogicGate</core>
<MemPortIdVec></MemPortIdVec>
<condition id="-1">
<or_exp><and_exp></and_exp></or_exp>
</condition>

<Node id="36" bw="24" op_0_bw="24" op_1_bw="24">
<![CDATA[
_ZN13ap_fixed_baseILi25ELi17ELb1EL9ap_q_mode5EL9ap_o_mode3ELi0EEC1ILi24ELi16ELb1ELS0_5ELS1_3ELi0EEERKS_IXT_EXT0_EXT1_EXT2_EXT3_EXT4_EE.exit9.i:14  %and_ln703 = and i24 %add_ln703, %select_ln703

]]></Node>
<StgValue><ssdm name="and_ln703"/></StgValue>
</operation>

<operation id="39" st_id="5" stage="1" lat="1">
<core>RAM</core>
<MemPortIdVec></MemPortIdVec>
<condition id="-1">
<or_exp><and_exp></and_exp></or_exp>
</condition>

<Node id="37" bw="0" op_0_bw="24" op_1_bw="14" op_2_bw="24">
<![CDATA[
_ZN13ap_fixed_baseILi25ELi17ELb1EL9ap_q_mode5EL9ap_o_mode3ELi0EEC1ILi24ELi16ELb1ELS0_5ELS1_3ELi0EEERKS_IXT_EXT0_EXT1_EXT2_EXT3_EXT4_EE.exit9.i:15  store i24 %and_ln703, i24* %matricet_V_addr, align 4

]]></Node>
<StgValue><ssdm name="store_ln129"/></StgValue>
</operation>

<operation id="40" st_id="5" stage="1" lat="1">
<core>NULL</core>
<MemPortIdVec></MemPortIdVec>
<condition id="-1">
<or_exp><and_exp></and_exp></or_exp>
</condition>

<Node id="38" bw="0" op_0_bw="0">
<![CDATA[
_ZN13ap_fixed_baseILi25ELi17ELb1EL9ap_q_mode5EL9ap_o_mode3ELi0EEC1ILi24ELi16ELb1ELS0_5ELS1_3ELi0EEERKS_IXT_EXT0_EXT1_EXT2_EXT3_EXT4_EE.exit9.i:16  br label %.preheader

]]></Node>
<StgValue><ssdm name="br_ln125"/></StgValue>
</operation>
</state>
</state_list>


<ports>
</ports>


<dataflows>
</dataflows>


</stg>
