<stg><name>multmat</name>


<trans_list>

<trans id="62" from="1" to="2">
<condition id="-1">
<or_exp><and_exp></and_exp></or_exp>
</condition>
</trans>

<trans id="63" from="2" to="3">
<condition id="-1">
<or_exp><and_exp><literal name="icmp_ln10" val="0"/>
</and_exp></or_exp>
</condition>
</trans>

<trans id="64" from="3" to="4">
<condition id="-1">
<or_exp><and_exp><literal name="icmp_ln12" val="0"/>
</and_exp></or_exp>
</condition>
</trans>

<trans id="69" from="3" to="2">
<condition id="-1">
<or_exp><and_exp><literal name="icmp_ln12" val="1"/>
</and_exp></or_exp>
</condition>
</trans>

<trans id="65" from="4" to="5">
<condition id="-1">
<or_exp><and_exp><literal name="icmp_ln15" val="0"/>
</and_exp></or_exp>
</condition>
</trans>

<trans id="68" from="4" to="3">
<condition id="-1">
<or_exp><and_exp><literal name="icmp_ln15" val="1"/>
</and_exp></or_exp>
</condition>
</trans>

<trans id="67" from="5" to="4">
<condition id="-1">
<or_exp><and_exp></and_exp></or_exp>
</condition>
</trans>
</trans_list>



<state_list>

<state id="1" st_id="1">

<operation id="6" st_id="1" stage="1" lat="1">
<core>NULL</core>
<MemPortIdVec></MemPortIdVec>
<condition id="-1">
<or_exp><and_exp></and_exp></or_exp>
</condition>

<Node id="4" bw="0" op_0_bw="0">
<![CDATA[
:0  br label %1

]]></Node>
<StgValue><ssdm name="br_ln10"/></StgValue>
</operation>
</state>

<state id="2" st_id="2">

<operation id="7" st_id="2" stage="1" lat="1">
<core>NULL</core>
<MemPortIdVec></MemPortIdVec>
<condition id="-1">
<or_exp><and_exp></and_exp></or_exp>
</condition>

<Node id="6" bw="6" op_0_bw="6" op_1_bw="0" op_2_bw="6" op_3_bw="0">
<![CDATA[
:0  %i_0 = phi i6 [ 0, %0 ], [ %i, %multiplierMatrices_label6_end ]

]]></Node>
<StgValue><ssdm name="i_0"/></StgValue>
</operation>

<operation id="8" st_id="2" stage="1" lat="1">
<core>Cmp</core>
<MemPortIdVec></MemPortIdVec>
<condition id="-1">
<or_exp><and_exp></and_exp></or_exp>
</condition>

<Node id="7" bw="1" op_0_bw="6" op_1_bw="6">
<![CDATA[
:1  %icmp_ln10 = icmp eq i6 %i_0, -32

]]></Node>
<StgValue><ssdm name="icmp_ln10"/></StgValue>
</operation>

<operation id="9" st_id="2" stage="1" lat="1">
<core>NULL</core>
<MemPortIdVec></MemPortIdVec>
<condition id="-1">
<or_exp><and_exp></and_exp></or_exp>
</condition>

<Node id="8" bw="32" op_0_bw="32" op_1_bw="64" op_2_bw="64" op_3_bw="64">
<![CDATA[
:2  %empty = call i32 (...)* @_ssdm_op_SpecLoopTripCount(i64 32, i64 32, i64 32)

]]></Node>
<StgValue><ssdm name="empty"/></StgValue>
</operation>

<operation id="10" st_id="2" stage="1" lat="1">
<core>AddSub</core>
<MemPortIdVec></MemPortIdVec>
<condition id="-1">
<or_exp><and_exp></and_exp></or_exp>
</condition>

<Node id="9" bw="6" op_0_bw="6" op_1_bw="6">
<![CDATA[
:3  %i = add i6 %i_0, 1

]]></Node>
<StgValue><ssdm name="i"/></StgValue>
</operation>

<operation id="11" st_id="2" stage="1" lat="1">
<core>NULL</core>
<MemPortIdVec></MemPortIdVec>
<condition id="-1">
<or_exp><and_exp></and_exp></or_exp>
</condition>

<Node id="10" bw="0" op_0_bw="1" op_1_bw="0" op_2_bw="0">
<![CDATA[
:4  br i1 %icmp_ln10, label %5, label %multiplierMatrices_label6_begin

]]></Node>
<StgValue><ssdm name="br_ln10"/></StgValue>
</operation>

<operation id="12" st_id="2" stage="1" lat="1">
<core>NULL</core>
<MemPortIdVec></MemPortIdVec>
<condition id="-1">
<or_exp><and_exp><literal name="icmp_ln10" val="0"/>
</and_exp></or_exp>
</condition>

<Node id="12" bw="0" op_0_bw="0" op_1_bw="0">
<![CDATA[
multiplierMatrices_label6_begin:0  call void (...)* @_ssdm_op_SpecLoopName([26 x i8]* @p_str) nounwind

]]></Node>
<StgValue><ssdm name="specloopname_ln11"/></StgValue>
</operation>

<operation id="13" st_id="2" stage="1" lat="1">
<core>NULL</core>
<MemPortIdVec></MemPortIdVec>
<condition id="-1">
<or_exp><and_exp><literal name="icmp_ln10" val="0"/>
</and_exp></or_exp>
</condition>

<Node id="13" bw="32" op_0_bw="32" op_1_bw="0">
<![CDATA[
multiplierMatrices_label6_begin:1  %tmp = call i32 (...)* @_ssdm_op_SpecRegionBegin([26 x i8]* @p_str)

]]></Node>
<StgValue><ssdm name="tmp"/></StgValue>
</operation>

<operation id="14" st_id="2" stage="1" lat="1">
<core>NULL</core>
<MemPortIdVec></MemPortIdVec>
<condition id="-1">
<or_exp><and_exp><literal name="icmp_ln10" val="0"/>
</and_exp></or_exp>
</condition>

<Node id="14" bw="14" op_0_bw="14" op_1_bw="6" op_2_bw="8">
<![CDATA[
multiplierMatrices_label6_begin:2  %tmp_5 = call i14 @_ssdm_op_BitConcatenate.i14.i6.i8(i6 %i_0, i8 0)

]]></Node>
<StgValue><ssdm name="tmp_5"/></StgValue>
</operation>

<operation id="15" st_id="2" stage="1" lat="1">
<core>NULL</core>
<MemPortIdVec></MemPortIdVec>
<condition id="-1">
<or_exp><and_exp><literal name="icmp_ln10" val="0"/>
</and_exp></or_exp>
</condition>

<Node id="15" bw="15" op_0_bw="14">
<![CDATA[
multiplierMatrices_label6_begin:3  %zext_ln321 = zext i14 %tmp_5 to i15

]]></Node>
<StgValue><ssdm name="zext_ln321"/></StgValue>
</operation>

<operation id="16" st_id="2" stage="1" lat="1">
<core>NULL</core>
<MemPortIdVec></MemPortIdVec>
<condition id="-1">
<or_exp><and_exp><literal name="icmp_ln10" val="0"/>
</and_exp></or_exp>
</condition>

<Node id="16" bw="11" op_0_bw="11" op_1_bw="6" op_2_bw="5">
<![CDATA[
multiplierMatrices_label6_begin:4  %tmp_6 = call i11 @_ssdm_op_BitConcatenate.i11.i6.i5(i6 %i_0, i5 0)

]]></Node>
<StgValue><ssdm name="tmp_6"/></StgValue>
</operation>

<operation id="17" st_id="2" stage="1" lat="1">
<core>NULL</core>
<MemPortIdVec></MemPortIdVec>
<condition id="-1">
<or_exp><and_exp><literal name="icmp_ln10" val="0"/>
</and_exp></or_exp>
</condition>

<Node id="17" bw="12" op_0_bw="11">
<![CDATA[
multiplierMatrices_label6_begin:5  %zext_ln12 = zext i11 %tmp_6 to i12

]]></Node>
<StgValue><ssdm name="zext_ln12"/></StgValue>
</operation>

<operation id="18" st_id="2" stage="1" lat="1">
<core>NULL</core>
<MemPortIdVec></MemPortIdVec>
<condition id="-1">
<or_exp><and_exp><literal name="icmp_ln10" val="0"/>
</and_exp></or_exp>
</condition>

<Node id="18" bw="0" op_0_bw="0">
<![CDATA[
multiplierMatrices_label6_begin:6  br label %2

]]></Node>
<StgValue><ssdm name="br_ln12"/></StgValue>
</operation>

<operation id="19" st_id="2" stage="1" lat="1">
<core>NULL</core>
<MemPortIdVec></MemPortIdVec>
<condition id="-1">
<or_exp><and_exp><literal name="icmp_ln10" val="1"/>
</and_exp></or_exp>
</condition>

<Node id="66" bw="0">
<![CDATA[
:0  ret void

]]></Node>
<StgValue><ssdm name="ret_ln22"/></StgValue>
</operation>
</state>

<state id="3" st_id="3">

<operation id="20" st_id="3" stage="1" lat="1">
<core>NULL</core>
<MemPortIdVec></MemPortIdVec>
<condition id="-1">
<or_exp><and_exp></and_exp></or_exp>
</condition>

<Node id="20" bw="6" op_0_bw="6" op_1_bw="0" op_2_bw="6" op_3_bw="0">
<![CDATA[
:0  %j_0 = phi i6 [ 0, %multiplierMatrices_label6_begin ], [ %j, %multiplierMatrices_label7_end ]

]]></Node>
<StgValue><ssdm name="j_0"/></StgValue>
</operation>

<operation id="21" st_id="3" stage="1" lat="1">
<core>Cmp</core>
<MemPortIdVec></MemPortIdVec>
<condition id="-1">
<or_exp><and_exp></and_exp></or_exp>
</condition>

<Node id="21" bw="1" op_0_bw="6" op_1_bw="6">
<![CDATA[
:1  %icmp_ln12 = icmp eq i6 %j_0, -32

]]></Node>
<StgValue><ssdm name="icmp_ln12"/></StgValue>
</operation>

<operation id="22" st_id="3" stage="1" lat="1">
<core>NULL</core>
<MemPortIdVec></MemPortIdVec>
<condition id="-1">
<or_exp><and_exp></and_exp></or_exp>
</condition>

<Node id="22" bw="32" op_0_bw="32" op_1_bw="64" op_2_bw="64" op_3_bw="64">
<![CDATA[
:2  %empty_12 = call i32 (...)* @_ssdm_op_SpecLoopTripCount(i64 32, i64 32, i64 32)

]]></Node>
<StgValue><ssdm name="empty_12"/></StgValue>
</operation>

<operation id="23" st_id="3" stage="1" lat="1">
<core>AddSub</core>
<MemPortIdVec></MemPortIdVec>
<condition id="-1">
<or_exp><and_exp></and_exp></or_exp>
</condition>

<Node id="23" bw="6" op_0_bw="6" op_1_bw="6">
<![CDATA[
:3  %j = add i6 %j_0, 1

]]></Node>
<StgValue><ssdm name="j"/></StgValue>
</operation>

<operation id="24" st_id="3" stage="1" lat="1">
<core>NULL</core>
<MemPortIdVec></MemPortIdVec>
<condition id="-1">
<or_exp><and_exp></and_exp></or_exp>
</condition>

<Node id="24" bw="0" op_0_bw="1" op_1_bw="0" op_2_bw="0">
<![CDATA[
:4  br i1 %icmp_ln12, label %multiplierMatrices_label6_end, label %multiplierMatrices_label7_begin

]]></Node>
<StgValue><ssdm name="br_ln12"/></StgValue>
</operation>

<operation id="25" st_id="3" stage="1" lat="1">
<core>NULL</core>
<MemPortIdVec></MemPortIdVec>
<condition id="-1">
<or_exp><and_exp><literal name="icmp_ln12" val="0"/>
</and_exp></or_exp>
</condition>

<Node id="26" bw="0" op_0_bw="0" op_1_bw="0">
<![CDATA[
multiplierMatrices_label7_begin:0  call void (...)* @_ssdm_op_SpecLoopName([26 x i8]* @p_str1) nounwind

]]></Node>
<StgValue><ssdm name="specloopname_ln13"/></StgValue>
</operation>

<operation id="26" st_id="3" stage="1" lat="1">
<core>NULL</core>
<MemPortIdVec></MemPortIdVec>
<condition id="-1">
<or_exp><and_exp><literal name="icmp_ln12" val="0"/>
</and_exp></or_exp>
</condition>

<Node id="27" bw="32" op_0_bw="32" op_1_bw="0">
<![CDATA[
multiplierMatrices_label7_begin:1  %tmp_2 = call i32 (...)* @_ssdm_op_SpecRegionBegin([26 x i8]* @p_str1)

]]></Node>
<StgValue><ssdm name="tmp_2"/></StgValue>
</operation>

<operation id="27" st_id="3" stage="1" lat="1">
<core>NULL</core>
<MemPortIdVec></MemPortIdVec>
<condition id="-1">
<or_exp><and_exp><literal name="icmp_ln12" val="0"/>
</and_exp></or_exp>
</condition>

<Node id="28" bw="15" op_0_bw="6">
<![CDATA[
multiplierMatrices_label7_begin:2  %zext_ln321_6 = zext i6 %j_0 to i15

]]></Node>
<StgValue><ssdm name="zext_ln321_6"/></StgValue>
</operation>

<operation id="28" st_id="3" stage="1" lat="1">
<core>NULL</core>
<MemPortIdVec></MemPortIdVec>
<condition id="-1">
<or_exp><and_exp><literal name="icmp_ln12" val="0"/>
</and_exp></or_exp>
</condition>

<Node id="29" bw="12" op_0_bw="6">
<![CDATA[
multiplierMatrices_label7_begin:3  %zext_ln321_7 = zext i6 %j_0 to i12

]]></Node>
<StgValue><ssdm name="zext_ln321_7"/></StgValue>
</operation>

<operation id="29" st_id="3" stage="1" lat="1">
<core>AddSub</core>
<MemPortIdVec></MemPortIdVec>
<condition id="-1">
<or_exp><and_exp><literal name="icmp_ln12" val="0"/>
</and_exp></or_exp>
</condition>

<Node id="30" bw="12" op_0_bw="12" op_1_bw="12">
<![CDATA[
multiplierMatrices_label7_begin:4  %add_ln321 = add i12 %zext_ln12, %zext_ln321_7

]]></Node>
<StgValue><ssdm name="add_ln321"/></StgValue>
</operation>

<operation id="30" st_id="3" stage="1" lat="1">
<core>NULL</core>
<MemPortIdVec></MemPortIdVec>
<condition id="-1">
<or_exp><and_exp><literal name="icmp_ln12" val="0"/>
</and_exp></or_exp>
</condition>

<Node id="31" bw="64" op_0_bw="12">
<![CDATA[
multiplierMatrices_label7_begin:5  %zext_ln321_8 = zext i12 %add_ln321 to i64

]]></Node>
<StgValue><ssdm name="zext_ln321_8"/></StgValue>
</operation>

<operation id="31" st_id="3" stage="1" lat="1">
<core>NULL</core>
<MemPortIdVec></MemPortIdVec>
<condition id="-1">
<or_exp><and_exp><literal name="icmp_ln12" val="0"/>
</and_exp></or_exp>
</condition>

<Node id="32" bw="10" op_0_bw="9" op_1_bw="64" op_2_bw="64">
<![CDATA[
multiplierMatrices_label7_begin:6  %matriceC_V_addr = getelementptr [1024 x i9]* %matriceC_V, i64 0, i64 %zext_ln321_8

]]></Node>
<StgValue><ssdm name="matriceC_V_addr"/></StgValue>
</operation>

<operation id="32" st_id="3" stage="1" lat="1">
<core>NULL</core>
<MemPortIdVec></MemPortIdVec>
<condition id="-1">
<or_exp><and_exp><literal name="icmp_ln12" val="0"/>
</and_exp></or_exp>
</condition>

<Node id="33" bw="0" op_0_bw="0">
<![CDATA[
multiplierMatrices_label7_begin:7  br label %3

]]></Node>
<StgValue><ssdm name="br_ln15"/></StgValue>
</operation>

<operation id="33" st_id="3" stage="1" lat="1">
<core>NULL</core>
<MemPortIdVec></MemPortIdVec>
<condition id="-1">
<or_exp><and_exp><literal name="icmp_ln12" val="1"/>
</and_exp></or_exp>
</condition>

<Node id="63" bw="32" op_0_bw="32" op_1_bw="0" op_2_bw="32">
<![CDATA[
multiplierMatrices_label6_end:0  %empty_15 = call i32 (...)* @_ssdm_op_SpecRegionEnd([26 x i8]* @p_str, i32 %tmp)

]]></Node>
<StgValue><ssdm name="empty_15"/></StgValue>
</operation>

<operation id="34" st_id="3" stage="1" lat="1">
<core>NULL</core>
<MemPortIdVec></MemPortIdVec>
<condition id="-1">
<or_exp><and_exp><literal name="icmp_ln12" val="1"/>
</and_exp></or_exp>
</condition>

<Node id="64" bw="0" op_0_bw="0">
<![CDATA[
multiplierMatrices_label6_end:1  br label %1

]]></Node>
<StgValue><ssdm name="br_ln10"/></StgValue>
</operation>
</state>

<state id="4" st_id="4">

<operation id="35" st_id="4" stage="1" lat="1">
<core>NULL</core>
<MemPortIdVec></MemPortIdVec>
<condition id="-1">
<or_exp><and_exp></and_exp></or_exp>
</condition>

<Node id="35" bw="9" op_0_bw="9" op_1_bw="0" op_2_bw="9" op_3_bw="0">
<![CDATA[
:0  %matriceC_V_load = phi i9 [ 0, %multiplierMatrices_label7_begin ], [ %add_ln700, %4 ]

]]></Node>
<StgValue><ssdm name="matriceC_V_load"/></StgValue>
</operation>

<operation id="36" st_id="4" stage="1" lat="1">
<core>NULL</core>
<MemPortIdVec></MemPortIdVec>
<condition id="-1">
<or_exp><and_exp></and_exp></or_exp>
</condition>

<Node id="36" bw="9" op_0_bw="9" op_1_bw="0" op_2_bw="9" op_3_bw="0">
<![CDATA[
:1  %k_0 = phi i9 [ 0, %multiplierMatrices_label7_begin ], [ %k, %4 ]

]]></Node>
<StgValue><ssdm name="k_0"/></StgValue>
</operation>

<operation id="37" st_id="4" stage="1" lat="1">
<core>RAM</core>
<MemPortIdVec>0 </MemPortIdVec>
<condition id="-1">
<or_exp><and_exp></and_exp></or_exp>
</condition>

<Node id="37" bw="0" op_0_bw="9" op_1_bw="10">
<![CDATA[
:2  store i9 %matriceC_V_load, i9* %matriceC_V_addr, align 2

]]></Node>
<StgValue><ssdm name="store_ln18"/></StgValue>
</operation>

<operation id="38" st_id="4" stage="1" lat="1">
<core>Cmp</core>
<MemPortIdVec></MemPortIdVec>
<condition id="-1">
<or_exp><and_exp></and_exp></or_exp>
</condition>

<Node id="38" bw="1" op_0_bw="9" op_1_bw="9">
<![CDATA[
:3  %icmp_ln15 = icmp eq i9 %k_0, -256

]]></Node>
<StgValue><ssdm name="icmp_ln15"/></StgValue>
</operation>

<operation id="39" st_id="4" stage="1" lat="1">
<core>NULL</core>
<MemPortIdVec></MemPortIdVec>
<condition id="-1">
<or_exp><and_exp></and_exp></or_exp>
</condition>

<Node id="39" bw="32" op_0_bw="32" op_1_bw="64" op_2_bw="64" op_3_bw="64">
<![CDATA[
:4  %empty_13 = call i32 (...)* @_ssdm_op_SpecLoopTripCount(i64 256, i64 256, i64 256)

]]></Node>
<StgValue><ssdm name="empty_13"/></StgValue>
</operation>

<operation id="40" st_id="4" stage="1" lat="1">
<core>AddSub</core>
<MemPortIdVec></MemPortIdVec>
<condition id="-1">
<or_exp><and_exp></and_exp></or_exp>
</condition>

<Node id="40" bw="9" op_0_bw="9" op_1_bw="9">
<![CDATA[
:5  %k = add i9 %k_0, 1

]]></Node>
<StgValue><ssdm name="k"/></StgValue>
</operation>

<operation id="41" st_id="4" stage="1" lat="1">
<core>NULL</core>
<MemPortIdVec></MemPortIdVec>
<condition id="-1">
<or_exp><and_exp></and_exp></or_exp>
</condition>

<Node id="41" bw="0" op_0_bw="1" op_1_bw="0" op_2_bw="0">
<![CDATA[
:6  br i1 %icmp_ln15, label %multiplierMatrices_label7_end, label %4

]]></Node>
<StgValue><ssdm name="br_ln15"/></StgValue>
</operation>

<operation id="42" st_id="4" stage="1" lat="1">
<core>NULL</core>
<MemPortIdVec></MemPortIdVec>
<condition id="-1">
<or_exp><and_exp><literal name="icmp_ln15" val="0"/>
</and_exp></or_exp>
</condition>

<Node id="44" bw="15" op_0_bw="9">
<![CDATA[
:1  %zext_ln1355 = zext i9 %k_0 to i15

]]></Node>
<StgValue><ssdm name="zext_ln1355"/></StgValue>
</operation>

<operation id="43" st_id="4" stage="1" lat="1">
<core>AddSub</core>
<MemPortIdVec></MemPortIdVec>
<condition id="-1">
<or_exp><and_exp><literal name="icmp_ln15" val="0"/>
</and_exp></or_exp>
</condition>

<Node id="45" bw="15" op_0_bw="15" op_1_bw="15">
<![CDATA[
:2  %add_ln1355 = add i15 %zext_ln1355, %zext_ln321

]]></Node>
<StgValue><ssdm name="add_ln1355"/></StgValue>
</operation>

<operation id="44" st_id="4" stage="1" lat="1">
<core>NULL</core>
<MemPortIdVec></MemPortIdVec>
<condition id="-1">
<or_exp><and_exp><literal name="icmp_ln15" val="0"/>
</and_exp></or_exp>
</condition>

<Node id="46" bw="64" op_0_bw="15">
<![CDATA[
:3  %zext_ln1355_2 = zext i15 %add_ln1355 to i64

]]></Node>
<StgValue><ssdm name="zext_ln1355_2"/></StgValue>
</operation>

<operation id="45" st_id="4" stage="1" lat="1">
<core>NULL</core>
<MemPortIdVec></MemPortIdVec>
<condition id="-1">
<or_exp><and_exp><literal name="icmp_ln15" val="0"/>
</and_exp></or_exp>
</condition>

<Node id="47" bw="13" op_0_bw="1" op_1_bw="64" op_2_bw="64">
<![CDATA[
:4  %matriceA_V_addr = getelementptr [8192 x i1]* %matriceA_V, i64 0, i64 %zext_ln1355_2

]]></Node>
<StgValue><ssdm name="matriceA_V_addr"/></StgValue>
</operation>

<operation id="46" st_id="4" stage="1" lat="1">
<core>NULL</core>
<MemPortIdVec></MemPortIdVec>
<condition id="-1">
<or_exp><and_exp><literal name="icmp_ln15" val="0"/>
</and_exp></or_exp>
</condition>

<Node id="48" bw="14" op_0_bw="14" op_1_bw="9" op_2_bw="5">
<![CDATA[
:5  %tmp_7 = call i14 @_ssdm_op_BitConcatenate.i14.i9.i5(i9 %k_0, i5 0)

]]></Node>
<StgValue><ssdm name="tmp_7"/></StgValue>
</operation>

<operation id="47" st_id="4" stage="1" lat="1">
<core>NULL</core>
<MemPortIdVec></MemPortIdVec>
<condition id="-1">
<or_exp><and_exp><literal name="icmp_ln15" val="0"/>
</and_exp></or_exp>
</condition>

<Node id="49" bw="15" op_0_bw="14">
<![CDATA[
:6  %zext_ln1355_3 = zext i14 %tmp_7 to i15

]]></Node>
<StgValue><ssdm name="zext_ln1355_3"/></StgValue>
</operation>

<operation id="48" st_id="4" stage="1" lat="1">
<core>AddSub</core>
<MemPortIdVec></MemPortIdVec>
<condition id="-1">
<or_exp><and_exp><literal name="icmp_ln15" val="0"/>
</and_exp></or_exp>
</condition>

<Node id="50" bw="15" op_0_bw="15" op_1_bw="15">
<![CDATA[
:7  %add_ln1355_1 = add i15 %zext_ln321_6, %zext_ln1355_3

]]></Node>
<StgValue><ssdm name="add_ln1355_1"/></StgValue>
</operation>

<operation id="49" st_id="4" stage="1" lat="1">
<core>NULL</core>
<MemPortIdVec></MemPortIdVec>
<condition id="-1">
<or_exp><and_exp><literal name="icmp_ln15" val="0"/>
</and_exp></or_exp>
</condition>

<Node id="51" bw="64" op_0_bw="15">
<![CDATA[
:8  %zext_ln1355_4 = zext i15 %add_ln1355_1 to i64

]]></Node>
<StgValue><ssdm name="zext_ln1355_4"/></StgValue>
</operation>

<operation id="50" st_id="4" stage="1" lat="1">
<core>NULL</core>
<MemPortIdVec></MemPortIdVec>
<condition id="-1">
<or_exp><and_exp><literal name="icmp_ln15" val="0"/>
</and_exp></or_exp>
</condition>

<Node id="52" bw="13" op_0_bw="1" op_1_bw="64" op_2_bw="64">
<![CDATA[
:9  %matriceB_V_addr = getelementptr [8192 x i1]* %matriceB_V, i64 0, i64 %zext_ln1355_4

]]></Node>
<StgValue><ssdm name="matriceB_V_addr"/></StgValue>
</operation>

<operation id="51" st_id="4" stage="2" lat="2">
<core>RAM</core>
<MemPortIdVec>0 </MemPortIdVec>
<condition id="-1">
<or_exp><and_exp><literal name="icmp_ln15" val="0"/>
</and_exp></or_exp>
</condition>

<Node id="53" bw="1" op_0_bw="13">
<![CDATA[
:10  %lhs_V = load i1* %matriceA_V_addr, align 1

]]></Node>
<StgValue><ssdm name="lhs_V"/></StgValue>
</operation>

<operation id="52" st_id="4" stage="2" lat="2">
<core>RAM</core>
<MemPortIdVec>0 </MemPortIdVec>
<condition id="-1">
<or_exp><and_exp><literal name="icmp_ln15" val="0"/>
</and_exp></or_exp>
</condition>

<Node id="54" bw="1" op_0_bw="13">
<![CDATA[
:11  %rhs_V = load i1* %matriceB_V_addr, align 1

]]></Node>
<StgValue><ssdm name="rhs_V"/></StgValue>
</operation>

<operation id="53" st_id="4" stage="1" lat="1">
<core>NULL</core>
<MemPortIdVec></MemPortIdVec>
<condition id="-1">
<or_exp><and_exp><literal name="icmp_ln15" val="1"/>
</and_exp></or_exp>
</condition>

<Node id="60" bw="32" op_0_bw="32" op_1_bw="0" op_2_bw="32">
<![CDATA[
multiplierMatrices_label7_end:0  %empty_14 = call i32 (...)* @_ssdm_op_SpecRegionEnd([26 x i8]* @p_str1, i32 %tmp_2)

]]></Node>
<StgValue><ssdm name="empty_14"/></StgValue>
</operation>

<operation id="54" st_id="4" stage="1" lat="1">
<core>NULL</core>
<MemPortIdVec></MemPortIdVec>
<condition id="-1">
<or_exp><and_exp><literal name="icmp_ln15" val="1"/>
</and_exp></or_exp>
</condition>

<Node id="61" bw="0" op_0_bw="0">
<![CDATA[
multiplierMatrices_label7_end:1  br label %2

]]></Node>
<StgValue><ssdm name="br_ln12"/></StgValue>
</operation>
</state>

<state id="5" st_id="5">

<operation id="55" st_id="5" stage="1" lat="1">
<core>NULL</core>
<MemPortIdVec></MemPortIdVec>
<condition id="-1">
<or_exp><and_exp></and_exp></or_exp>
</condition>

<Node id="43" bw="0" op_0_bw="0" op_1_bw="0">
<![CDATA[
:0  call void (...)* @_ssdm_op_SpecLoopName([15 x i8]* @p_str2) nounwind

]]></Node>
<StgValue><ssdm name="specloopname_ln16"/></StgValue>
</operation>

<operation id="56" st_id="5" stage="1" lat="2">
<core>RAM</core>
<MemPortIdVec>0 </MemPortIdVec>
<condition id="-1">
<or_exp><and_exp></and_exp></or_exp>
</condition>

<Node id="53" bw="1" op_0_bw="13">
<![CDATA[
:10  %lhs_V = load i1* %matriceA_V_addr, align 1

]]></Node>
<StgValue><ssdm name="lhs_V"/></StgValue>
</operation>

<operation id="57" st_id="5" stage="1" lat="2">
<core>RAM</core>
<MemPortIdVec>0 </MemPortIdVec>
<condition id="-1">
<or_exp><and_exp></and_exp></or_exp>
</condition>

<Node id="54" bw="1" op_0_bw="13">
<![CDATA[
:11  %rhs_V = load i1* %matriceB_V_addr, align 1

]]></Node>
<StgValue><ssdm name="rhs_V"/></StgValue>
</operation>

<operation id="58" st_id="5" stage="1" lat="1">
<core>LogicGate</core>
<MemPortIdVec></MemPortIdVec>
<condition id="-1">
<or_exp><and_exp></and_exp></or_exp>
</condition>

<Node id="55" bw="1" op_0_bw="1" op_1_bw="1">
<![CDATA[
:12  %ret_V = and i1 %lhs_V, %rhs_V

]]></Node>
<StgValue><ssdm name="ret_V"/></StgValue>
</operation>

<operation id="59" st_id="5" stage="1" lat="1">
<core>NULL</core>
<MemPortIdVec></MemPortIdVec>
<condition id="-1">
<or_exp><and_exp></and_exp></or_exp>
</condition>

<Node id="56" bw="9" op_0_bw="1">
<![CDATA[
:13  %Entree_V = zext i1 %ret_V to i9

]]></Node>
<StgValue><ssdm name="Entree_V"/></StgValue>
</operation>

<operation id="60" st_id="5" stage="1" lat="1">
<core>AddSub</core>
<MemPortIdVec></MemPortIdVec>
<condition id="-1">
<or_exp><and_exp></and_exp></or_exp>
</condition>

<Node id="57" bw="9" op_0_bw="9" op_1_bw="9">
<![CDATA[
:14  %add_ln700 = add i9 %matriceC_V_load, %Entree_V

]]></Node>
<StgValue><ssdm name="add_ln700"/></StgValue>
</operation>

<operation id="61" st_id="5" stage="1" lat="1">
<core>NULL</core>
<MemPortIdVec></MemPortIdVec>
<condition id="-1">
<or_exp><and_exp></and_exp></or_exp>
</condition>

<Node id="58" bw="0" op_0_bw="0">
<![CDATA[
:15  br label %3

]]></Node>
<StgValue><ssdm name="br_ln15"/></StgValue>
</operation>
</state>
</state_list>


<ports>
<port id="70" name="matriceA_V" dir="0" iftype="1">
<core>RAM</core><StgValue><ssdm name="matriceA_V"/><MemPortTyVec>1 3 </MemPortTyVec>
</StgValue>
</port>
<port id="71" name="matriceB_V" dir="0" iftype="1">
<core>RAM</core><StgValue><ssdm name="matriceB_V"/><MemPortTyVec>1 3 </MemPortTyVec>
</StgValue>
</port>
<port id="72" name="matriceC_V" dir="1" iftype="1">
<core>RAM</core><StgValue><ssdm name="matriceC_V"/><MemPortTyVec>0 3 </MemPortTyVec>
</StgValue>
</port>
</ports>


<dataflows>
<dataflow id="74" from="StgValue_73" to="i_0" fromId="73" toId="7">
<condition id="-1">
<or_exp><and_exp></and_exp></or_exp>
</condition>
</dataflow>
<dataflow id="75" from="br_ln10" to="i_0" fromId="6" toId="7">
</dataflow>
<dataflow id="76" from="i" to="i_0" fromId="10" toId="7">
<BackEdge/>
<condition id="-1">
<or_exp><and_exp><literal name="icmp_ln12" val="1"/>
</and_exp></or_exp>
</condition>
</dataflow>
<dataflow id="77" from="br_ln10" to="i_0" fromId="34" toId="7">
<BackEdge/>
</dataflow>
<dataflow id="78" from="i_0" to="icmp_ln10" fromId="7" toId="8">
</dataflow>
<dataflow id="80" from="StgValue_79" to="icmp_ln10" fromId="79" toId="8">
</dataflow>
<dataflow id="82" from="_ssdm_op_SpecLoopTripCount" to="empty" fromId="81" toId="9">
</dataflow>
<dataflow id="84" from="StgValue_83" to="empty" fromId="83" toId="9">
</dataflow>
<dataflow id="85" from="StgValue_83" to="empty" fromId="83" toId="9">
</dataflow>
<dataflow id="86" from="StgValue_83" to="empty" fromId="83" toId="9">
</dataflow>
<dataflow id="87" from="i_0" to="i" fromId="7" toId="10">
</dataflow>
<dataflow id="89" from="StgValue_88" to="i" fromId="88" toId="10">
</dataflow>
<dataflow id="90" from="icmp_ln10" to="br_ln10" fromId="8" toId="11">
</dataflow>
<dataflow id="92" from="_ssdm_op_SpecLoopName" to="specloopname_ln11" fromId="91" toId="12">
</dataflow>
<dataflow id="94" from="p_str" to="specloopname_ln11" fromId="93" toId="12">
</dataflow>
<dataflow id="96" from="_ssdm_op_SpecRegionBegin" to="tmp" fromId="95" toId="13">
</dataflow>
<dataflow id="97" from="p_str" to="tmp" fromId="93" toId="13">
</dataflow>
<dataflow id="99" from="_ssdm_op_BitConcatenate.i14.i6.i8" to="tmp_5" fromId="98" toId="14">
</dataflow>
<dataflow id="100" from="i_0" to="tmp_5" fromId="7" toId="14">
</dataflow>
<dataflow id="102" from="StgValue_101" to="tmp_5" fromId="101" toId="14">
</dataflow>
<dataflow id="103" from="tmp_5" to="zext_ln321" fromId="14" toId="15">
</dataflow>
<dataflow id="105" from="_ssdm_op_BitConcatenate.i11.i6.i5" to="tmp_6" fromId="104" toId="16">
</dataflow>
<dataflow id="106" from="i_0" to="tmp_6" fromId="7" toId="16">
</dataflow>
<dataflow id="108" from="StgValue_107" to="tmp_6" fromId="107" toId="16">
</dataflow>
<dataflow id="109" from="tmp_6" to="zext_ln12" fromId="16" toId="17">
</dataflow>
<dataflow id="110" from="StgValue_73" to="j_0" fromId="73" toId="20">
<condition id="-1">
<or_exp><and_exp><literal name="icmp_ln10" val="0"/>
</and_exp></or_exp>
</condition>
</dataflow>
<dataflow id="111" from="br_ln12" to="j_0" fromId="18" toId="20">
</dataflow>
<dataflow id="112" from="j" to="j_0" fromId="23" toId="20">
<BackEdge/>
<condition id="-1">
<or_exp><and_exp><literal name="icmp_ln15" val="1"/>
</and_exp></or_exp>
</condition>
</dataflow>
<dataflow id="113" from="br_ln12" to="j_0" fromId="54" toId="20">
<BackEdge/>
</dataflow>
<dataflow id="114" from="j_0" to="icmp_ln12" fromId="20" toId="21">
</dataflow>
<dataflow id="115" from="StgValue_79" to="icmp_ln12" fromId="79" toId="21">
</dataflow>
<dataflow id="116" from="_ssdm_op_SpecLoopTripCount" to="empty_12" fromId="81" toId="22">
</dataflow>
<dataflow id="117" from="StgValue_83" to="empty_12" fromId="83" toId="22">
</dataflow>
<dataflow id="118" from="StgValue_83" to="empty_12" fromId="83" toId="22">
</dataflow>
<dataflow id="119" from="StgValue_83" to="empty_12" fromId="83" toId="22">
</dataflow>
<dataflow id="120" from="j_0" to="j" fromId="20" toId="23">
</dataflow>
<dataflow id="121" from="StgValue_88" to="j" fromId="88" toId="23">
</dataflow>
<dataflow id="122" from="icmp_ln12" to="br_ln12" fromId="21" toId="24">
</dataflow>
<dataflow id="123" from="_ssdm_op_SpecLoopName" to="specloopname_ln13" fromId="91" toId="25">
</dataflow>
<dataflow id="125" from="p_str1" to="specloopname_ln13" fromId="124" toId="25">
</dataflow>
<dataflow id="126" from="_ssdm_op_SpecRegionBegin" to="tmp_2" fromId="95" toId="26">
</dataflow>
<dataflow id="127" from="p_str1" to="tmp_2" fromId="124" toId="26">
</dataflow>
<dataflow id="128" from="j_0" to="zext_ln321_6" fromId="20" toId="27">
</dataflow>
<dataflow id="129" from="j_0" to="zext_ln321_7" fromId="20" toId="28">
</dataflow>
<dataflow id="130" from="zext_ln12" to="add_ln321" fromId="17" toId="29">
</dataflow>
<dataflow id="131" from="zext_ln321_7" to="add_ln321" fromId="28" toId="29">
</dataflow>
<dataflow id="132" from="add_ln321" to="zext_ln321_8" fromId="29" toId="30">
</dataflow>
<dataflow id="133" from="matriceC_V" to="matriceC_V_addr" fromId="72" toId="31">
</dataflow>
<dataflow id="135" from="StgValue_134" to="matriceC_V_addr" fromId="134" toId="31">
</dataflow>
<dataflow id="136" from="zext_ln321_8" to="matriceC_V_addr" fromId="30" toId="31">
</dataflow>
<dataflow id="138" from="_ssdm_op_SpecRegionEnd" to="empty_15" fromId="137" toId="33">
</dataflow>
<dataflow id="139" from="p_str" to="empty_15" fromId="93" toId="33">
</dataflow>
<dataflow id="140" from="tmp" to="empty_15" fromId="13" toId="33">
</dataflow>
<dataflow id="142" from="StgValue_141" to="matriceC_V_load" fromId="141" toId="35">
<condition id="-1">
<or_exp><and_exp><literal name="icmp_ln12" val="0"/>
</and_exp></or_exp>
</condition>
</dataflow>
<dataflow id="143" from="br_ln15" to="matriceC_V_load" fromId="32" toId="35">
</dataflow>
<dataflow id="144" from="add_ln700" to="matriceC_V_load" fromId="60" toId="35">
<BackEdge/>
<condition id="-1">
<or_exp><and_exp></and_exp></or_exp>
</condition>
</dataflow>
<dataflow id="145" from="br_ln15" to="matriceC_V_load" fromId="61" toId="35">
<BackEdge/>
</dataflow>
<dataflow id="146" from="StgValue_141" to="k_0" fromId="141" toId="36">
<condition id="-1">
<or_exp><and_exp><literal name="icmp_ln12" val="0"/>
</and_exp></or_exp>
</condition>
</dataflow>
<dataflow id="147" from="br_ln15" to="k_0" fromId="32" toId="36">
</dataflow>
<dataflow id="148" from="k" to="k_0" fromId="40" toId="36">
<BackEdge/>
<condition id="-1">
<or_exp><and_exp></and_exp></or_exp>
</condition>
</dataflow>
<dataflow id="149" from="br_ln15" to="k_0" fromId="61" toId="36">
<BackEdge/>
</dataflow>
<dataflow id="150" from="matriceC_V_load" to="store_ln18" fromId="35" toId="37">
</dataflow>
<dataflow id="151" from="matriceC_V_addr" to="store_ln18" fromId="31" toId="37">
</dataflow>
<dataflow id="152" from="k_0" to="icmp_ln15" fromId="36" toId="38">
</dataflow>
<dataflow id="154" from="StgValue_153" to="icmp_ln15" fromId="153" toId="38">
</dataflow>
<dataflow id="155" from="_ssdm_op_SpecLoopTripCount" to="empty_13" fromId="81" toId="39">
</dataflow>
<dataflow id="157" from="StgValue_156" to="empty_13" fromId="156" toId="39">
</dataflow>
<dataflow id="158" from="StgValue_156" to="empty_13" fromId="156" toId="39">
</dataflow>
<dataflow id="159" from="StgValue_156" to="empty_13" fromId="156" toId="39">
</dataflow>
<dataflow id="160" from="k_0" to="k" fromId="36" toId="40">
</dataflow>
<dataflow id="162" from="StgValue_161" to="k" fromId="161" toId="40">
</dataflow>
<dataflow id="163" from="icmp_ln15" to="br_ln15" fromId="38" toId="41">
</dataflow>
<dataflow id="164" from="k_0" to="zext_ln1355" fromId="36" toId="42">
</dataflow>
<dataflow id="165" from="zext_ln1355" to="add_ln1355" fromId="42" toId="43">
</dataflow>
<dataflow id="166" from="zext_ln321" to="add_ln1355" fromId="15" toId="43">
</dataflow>
<dataflow id="167" from="add_ln1355" to="zext_ln1355_2" fromId="43" toId="44">
</dataflow>
<dataflow id="168" from="matriceA_V" to="matriceA_V_addr" fromId="70" toId="45">
</dataflow>
<dataflow id="169" from="StgValue_134" to="matriceA_V_addr" fromId="134" toId="45">
</dataflow>
<dataflow id="170" from="zext_ln1355_2" to="matriceA_V_addr" fromId="44" toId="45">
</dataflow>
<dataflow id="172" from="_ssdm_op_BitConcatenate.i14.i9.i5" to="tmp_7" fromId="171" toId="46">
</dataflow>
<dataflow id="173" from="k_0" to="tmp_7" fromId="36" toId="46">
</dataflow>
<dataflow id="174" from="StgValue_107" to="tmp_7" fromId="107" toId="46">
</dataflow>
<dataflow id="175" from="tmp_7" to="zext_ln1355_3" fromId="46" toId="47">
</dataflow>
<dataflow id="176" from="zext_ln321_6" to="add_ln1355_1" fromId="27" toId="48">
</dataflow>
<dataflow id="177" from="zext_ln1355_3" to="add_ln1355_1" fromId="47" toId="48">
</dataflow>
<dataflow id="178" from="add_ln1355_1" to="zext_ln1355_4" fromId="48" toId="49">
</dataflow>
<dataflow id="179" from="matriceB_V" to="matriceB_V_addr" fromId="71" toId="50">
</dataflow>
<dataflow id="180" from="StgValue_134" to="matriceB_V_addr" fromId="134" toId="50">
</dataflow>
<dataflow id="181" from="zext_ln1355_4" to="matriceB_V_addr" fromId="49" toId="50">
</dataflow>
<dataflow id="182" from="matriceA_V_addr" to="lhs_V" fromId="45" toId="51">
</dataflow>
<dataflow id="183" from="matriceB_V_addr" to="rhs_V" fromId="50" toId="52">
</dataflow>
<dataflow id="184" from="_ssdm_op_SpecRegionEnd" to="empty_14" fromId="137" toId="53">
</dataflow>
<dataflow id="185" from="p_str1" to="empty_14" fromId="124" toId="53">
</dataflow>
<dataflow id="186" from="tmp_2" to="empty_14" fromId="26" toId="53">
</dataflow>
<dataflow id="187" from="_ssdm_op_SpecLoopName" to="specloopname_ln16" fromId="91" toId="55">
</dataflow>
<dataflow id="189" from="p_str2" to="specloopname_ln16" fromId="188" toId="55">
</dataflow>
<dataflow id="190" from="matriceA_V_addr" to="lhs_V" fromId="45" toId="56">
</dataflow>
<dataflow id="191" from="matriceB_V_addr" to="rhs_V" fromId="50" toId="57">
</dataflow>
<dataflow id="192" from="lhs_V" to="ret_V" fromId="56" toId="58">
</dataflow>
<dataflow id="193" from="rhs_V" to="ret_V" fromId="57" toId="58">
</dataflow>
<dataflow id="194" from="ret_V" to="Entree_V" fromId="58" toId="59">
</dataflow>
<dataflow id="195" from="matriceC_V_load" to="add_ln700" fromId="35" toId="60">
</dataflow>
<dataflow id="196" from="Entree_V" to="add_ln700" fromId="59" toId="60">
</dataflow>
<dataflow id="197" from="icmp_ln10" to="StgValue_2" fromId="8" toId="2">
</dataflow>
<dataflow id="198" from="icmp_ln12" to="StgValue_3" fromId="21" toId="3">
</dataflow>
<dataflow id="199" from="icmp_ln15" to="StgValue_4" fromId="38" toId="4">
</dataflow>
</dataflows>


</stg>
