<profile>

<section name = "Vivado HLS Report for 'multmat2'" level="0">
<item name = "Date">Thu Dec 19 10:27:27 2024
</item>
<item name = "Version">2019.2 (Build 2704478 on Wed Nov 06 22:10:23 MST 2019)</item>
<item name = "Project">Matrice_binaire</item>
<item name = "Solution">solution1</item>
<item name = "Product family">artix7</item>
<item name = "Target device">xc7a200t-sbv484-1</item>
</section>

<section name = "Performance Estimates" level="0">
<item name = "Timing">
<section name = "" level="1">
<item name = "Summary"><table name="" hasTotal="0">
<keys size="4">Clock, Target, Estimated, Uncertainty</keys>
<column name="ap_clk">10.00 ns, 5.395 ns, 1.25 ns</column>
</table>
</item>
</section>
</item>
<item name = "Latency">
<section name = "" level="1">
<item name = "Summary"><table name="" hasTotal="0">
<keys size="8">, min, max, min, max, min, max, Type</keys>
<column name="">67649, 67649, 0.676 ms, 0.676 ms, 67649, 67649, none</column>
</table>
</item>
<item name = "Detail">
<section name = "" level="1">
<item name = "Instance"><table name="" hasTotal="0">
<keys size="9">Instance, Module, min, max, min, max, min, max, Type</keys>
</table>
</item>
<item name = "Loop"><table name="" hasTotal="0">
<keys size="8">Loop Name, min, max, Latency, achieved, target, Count, Pipelined</keys>
<column name="- multiplierMatrices_label6">67648, 67648, 2114, -, -, 32, no</column>
<column name=" + multiplierMatrices_label7">2112, 2112, 66, -, -, 32, no</column>
<column name="  ++ multmat_label0">64, 64, 2, -, -, 32, no</column>
</table>
</item>
</section>
</item>
</section>
</item>
</section>

<section name = "Utilization Estimates" level="0">
<item name = "Summary"><table name="" hasTotal="1">
<keys size="6">Name, BRAM_18K, DSP48E, FF, LUT, URAM</keys>
<column name="DSP">-, -, -, -, -</column>
<column name="Expression">-, -, 0, 158, -</column>
<column name="FIFO">-, -, -, -, -</column>
<column name="Instance">-, -, -, -, -</column>
<column name="Memory">-, -, -, -, -</column>
<column name="Multiplexer">-, -, -, 69, -</column>
<column name="Register">-, -, 79, -, -</column>
<specialColumn name="Available">730, 740, 269200, 134600, 0</specialColumn>
<specialColumn name="Utilization (%)">0, 0, ~0, ~0, 0</specialColumn>
</table>
</item>
<item name = "Detail">
<section name = "" level="1">
<item name = "Instance"><table name="" hasTotal="1">
<keys size="7">Instance, Module, BRAM_18K, DSP48E, FF, LUT, URAM</keys>
</table>
</item>
<item name = "DSP48E"><table name="" hasTotal="0">
<keys size="3">Instance, Module, Expression</keys>
</table>
</item>
<item name = "Memory"><table name="" hasTotal="1">
<keys size="10">Memory, Module, BRAM_18K, FF, LUT, URAM, Words, Bits, Banks, W*Bits*Banks</keys>
</table>
</item>
<item name = "FIFO"><table name="" hasTotal="1">
<keys size="8">Name, BRAM_18K, FF, LUT, URAM, Depth, Bits, Size:D*B</keys>
</table>
</item>
<item name = "Expression"><table name="" hasTotal="1">
<keys size="7">Variable Name, Operation, DSP48E, FF, LUT, Bitwidth P0, Bitwidth P1</keys>
<column name="add_ln1355_fu_186_p2">+, 0, 0, 19, 12, 12</column>
<column name="add_ln215_fu_208_p2">+, 0, 0, 19, 12, 12</column>
<column name="add_ln321_fu_160_p2">+, 0, 0, 19, 12, 12</column>
<column name="add_ln700_fu_232_p2">+, 0, 0, 21, 14, 14</column>
<column name="i_fu_126_p2">+, 0, 0, 15, 6, 1</column>
<column name="j_fu_150_p2">+, 0, 0, 15, 6, 1</column>
<column name="k_fu_176_p2">+, 0, 0, 15, 6, 1</column>
<column name="ret_V_fu_222_p2">and, 0, 0, 2, 1, 1</column>
<column name="icmp_ln27_fu_120_p2">icmp, 0, 0, 11, 6, 7</column>
<column name="icmp_ln29_fu_144_p2">icmp, 0, 0, 11, 6, 7</column>
<column name="icmp_ln32_fu_170_p2">icmp, 0, 0, 11, 6, 7</column>
</table>
</item>
<item name = "Multiplexer"><table name="" hasTotal="1">
<keys size="5">Name, LUT, Input Size, Bits, Total Bits</keys>
<column name="ap_NS_fsm">33, 6, 1, 6</column>
<column name="i_0_reg_74">9, 2, 6, 12</column>
<column name="j_0_reg_85">9, 2, 6, 12</column>
<column name="k_0_reg_109">9, 2, 6, 12</column>
<column name="matriceC_V_load_reg_96">9, 2, 14, 28</column>
</table>
</item>
<item name = "Register"><table name="" hasTotal="1">
<keys size="5">Name, FF, LUT, Bits, Const Bits</keys>
<column name="ap_CS_fsm">5, 0, 5, 0</column>
<column name="i_0_reg_74">6, 0, 6, 0</column>
<column name="i_reg_241">6, 0, 6, 0</column>
<column name="j_0_reg_85">6, 0, 6, 0</column>
<column name="j_reg_255">6, 0, 6, 0</column>
<column name="k_0_reg_109">6, 0, 6, 0</column>
<column name="k_reg_273">6, 0, 6, 0</column>
<column name="matriceC_V_addr_reg_265">12, 0, 13, 1</column>
<column name="matriceC_V_load_reg_96">14, 0, 14, 0</column>
<column name="zext_ln29_reg_246">6, 0, 12, 6</column>
<column name="zext_ln321_reg_260">6, 0, 12, 6</column>
</table>
</item>
</section>
</item>
</section>

<section name = "Interface" level="0">
<item name = "Summary"><table name="" hasTotal="0">
<keys size="6">RTL Ports, Dir, Bits, Protocol, Source Object, C Type</keys>
<column name="ap_clk">in, 1, ap_ctrl_hs, multmat2, return value</column>
<column name="ap_rst">in, 1, ap_ctrl_hs, multmat2, return value</column>
<column name="ap_start">in, 1, ap_ctrl_hs, multmat2, return value</column>
<column name="ap_done">out, 1, ap_ctrl_hs, multmat2, return value</column>
<column name="ap_idle">out, 1, ap_ctrl_hs, multmat2, return value</column>
<column name="ap_ready">out, 1, ap_ctrl_hs, multmat2, return value</column>
<column name="matriceA_V_address0">out, 10, ap_memory, matriceA_V, array</column>
<column name="matriceA_V_ce0">out, 1, ap_memory, matriceA_V, array</column>
<column name="matriceA_V_q0">in, 9, ap_memory, matriceA_V, array</column>
<column name="matriceB_V_address0">out, 13, ap_memory, matriceB_V, array</column>
<column name="matriceB_V_ce0">out, 1, ap_memory, matriceB_V, array</column>
<column name="matriceB_V_q0">in, 1, ap_memory, matriceB_V, array</column>
<column name="matriceC_V_address0">out, 13, ap_memory, matriceC_V, array</column>
<column name="matriceC_V_ce0">out, 1, ap_memory, matriceC_V, array</column>
<column name="matriceC_V_we0">out, 1, ap_memory, matriceC_V, array</column>
<column name="matriceC_V_d0">out, 14, ap_memory, matriceC_V, array</column>
</table>
</item>
</section>
</profile>
