<stg><name>multmat2</name>


<trans_list>

<trans id="60" from="1" to="2">
<condition id="-1">
<or_exp><and_exp></and_exp></or_exp>
</condition>
</trans>

<trans id="61" from="2" to="3">
<condition id="-1">
<or_exp><and_exp><literal name="icmp_ln27" val="0"/>
</and_exp></or_exp>
</condition>
</trans>

<trans id="62" from="3" to="4">
<condition id="-1">
<or_exp><and_exp><literal name="icmp_ln29" val="0"/>
</and_exp></or_exp>
</condition>
</trans>

<trans id="67" from="3" to="2">
<condition id="-1">
<or_exp><and_exp><literal name="icmp_ln29" val="1"/>
</and_exp></or_exp>
</condition>
</trans>

<trans id="63" from="4" to="5">
<condition id="-1">
<or_exp><and_exp><literal name="icmp_ln32" val="0"/>
</and_exp></or_exp>
</condition>
</trans>

<trans id="66" from="4" to="3">
<condition id="-1">
<or_exp><and_exp><literal name="icmp_ln32" val="1"/>
</and_exp></or_exp>
</condition>
</trans>

<trans id="65" from="5" to="4">
<condition id="-1">
<or_exp><and_exp></and_exp></or_exp>
</condition>
</trans>
</trans_list>



<state_list>

<state id="1" st_id="1">

<operation id="6" st_id="1" stage="1" lat="1">
<core>NULL</core>
<MemPortIdVec></MemPortIdVec>
<condition id="-1">
<or_exp><and_exp></and_exp></or_exp>
</condition>

<Node id="4" bw="0" op_0_bw="0">
<![CDATA[
:0  br label %1

]]></Node>
<StgValue><ssdm name="br_ln27"/></StgValue>
</operation>
</state>

<state id="2" st_id="2">

<operation id="7" st_id="2" stage="1" lat="1">
<core>NULL</core>
<MemPortIdVec></MemPortIdVec>
<condition id="-1">
<or_exp><and_exp></and_exp></or_exp>
</condition>

<Node id="6" bw="6" op_0_bw="6" op_1_bw="0" op_2_bw="6" op_3_bw="0">
<![CDATA[
:0  %i_0 = phi i6 [ 0, %0 ], [ %i, %multiplierMatrices_label6_end ]

]]></Node>
<StgValue><ssdm name="i_0"/></StgValue>
</operation>

<operation id="8" st_id="2" stage="1" lat="1">
<core>Cmp</core>
<MemPortIdVec></MemPortIdVec>
<condition id="-1">
<or_exp><and_exp></and_exp></or_exp>
</condition>

<Node id="7" bw="1" op_0_bw="6" op_1_bw="6">
<![CDATA[
:1  %icmp_ln27 = icmp eq i6 %i_0, -32

]]></Node>
<StgValue><ssdm name="icmp_ln27"/></StgValue>
</operation>

<operation id="9" st_id="2" stage="1" lat="1">
<core>NULL</core>
<MemPortIdVec></MemPortIdVec>
<condition id="-1">
<or_exp><and_exp></and_exp></or_exp>
</condition>

<Node id="8" bw="32" op_0_bw="32" op_1_bw="64" op_2_bw="64" op_3_bw="64">
<![CDATA[
:2  %empty = call i32 (...)* @_ssdm_op_SpecLoopTripCount(i64 32, i64 32, i64 32)

]]></Node>
<StgValue><ssdm name="empty"/></StgValue>
</operation>

<operation id="10" st_id="2" stage="1" lat="1">
<core>AddSub</core>
<MemPortIdVec></MemPortIdVec>
<condition id="-1">
<or_exp><and_exp></and_exp></or_exp>
</condition>

<Node id="9" bw="6" op_0_bw="6" op_1_bw="6">
<![CDATA[
:3  %i = add i6 %i_0, 1

]]></Node>
<StgValue><ssdm name="i"/></StgValue>
</operation>

<operation id="11" st_id="2" stage="1" lat="1">
<core>NULL</core>
<MemPortIdVec></MemPortIdVec>
<condition id="-1">
<or_exp><and_exp></and_exp></or_exp>
</condition>

<Node id="10" bw="0" op_0_bw="1" op_1_bw="0" op_2_bw="0">
<![CDATA[
:4  br i1 %icmp_ln27, label %5, label %multiplierMatrices_label6_begin

]]></Node>
<StgValue><ssdm name="br_ln27"/></StgValue>
</operation>

<operation id="12" st_id="2" stage="1" lat="1">
<core>NULL</core>
<MemPortIdVec></MemPortIdVec>
<condition id="-1">
<or_exp><and_exp><literal name="icmp_ln27" val="0"/>
</and_exp></or_exp>
</condition>

<Node id="12" bw="0" op_0_bw="0" op_1_bw="0">
<![CDATA[
multiplierMatrices_label6_begin:0  call void (...)* @_ssdm_op_SpecLoopName([26 x i8]* @p_str) nounwind

]]></Node>
<StgValue><ssdm name="specloopname_ln28"/></StgValue>
</operation>

<operation id="13" st_id="2" stage="1" lat="1">
<core>NULL</core>
<MemPortIdVec></MemPortIdVec>
<condition id="-1">
<or_exp><and_exp><literal name="icmp_ln27" val="0"/>
</and_exp></or_exp>
</condition>

<Node id="13" bw="32" op_0_bw="32" op_1_bw="0">
<![CDATA[
multiplierMatrices_label6_begin:1  %tmp = call i32 (...)* @_ssdm_op_SpecRegionBegin([26 x i8]* @p_str)

]]></Node>
<StgValue><ssdm name="tmp"/></StgValue>
</operation>

<operation id="14" st_id="2" stage="1" lat="1">
<core>NULL</core>
<MemPortIdVec></MemPortIdVec>
<condition id="-1">
<or_exp><and_exp><literal name="icmp_ln27" val="0"/>
</and_exp></or_exp>
</condition>

<Node id="14" bw="11" op_0_bw="11" op_1_bw="6" op_2_bw="5">
<![CDATA[
multiplierMatrices_label6_begin:2  %tmp_3 = call i11 @_ssdm_op_BitConcatenate.i11.i6.i5(i6 %i_0, i5 0)

]]></Node>
<StgValue><ssdm name="tmp_3"/></StgValue>
</operation>

<operation id="15" st_id="2" stage="1" lat="1">
<core>NULL</core>
<MemPortIdVec></MemPortIdVec>
<condition id="-1">
<or_exp><and_exp><literal name="icmp_ln27" val="0"/>
</and_exp></or_exp>
</condition>

<Node id="15" bw="12" op_0_bw="11">
<![CDATA[
multiplierMatrices_label6_begin:3  %zext_ln29 = zext i11 %tmp_3 to i12

]]></Node>
<StgValue><ssdm name="zext_ln29"/></StgValue>
</operation>

<operation id="16" st_id="2" stage="1" lat="1">
<core>NULL</core>
<MemPortIdVec></MemPortIdVec>
<condition id="-1">
<or_exp><and_exp><literal name="icmp_ln27" val="0"/>
</and_exp></or_exp>
</condition>

<Node id="16" bw="0" op_0_bw="0">
<![CDATA[
multiplierMatrices_label6_begin:4  br label %2

]]></Node>
<StgValue><ssdm name="br_ln29"/></StgValue>
</operation>

<operation id="17" st_id="2" stage="1" lat="1">
<core>NULL</core>
<MemPortIdVec></MemPortIdVec>
<condition id="-1">
<or_exp><and_exp><literal name="icmp_ln27" val="1"/>
</and_exp></or_exp>
</condition>

<Node id="64" bw="0">
<![CDATA[
:0  ret void

]]></Node>
<StgValue><ssdm name="ret_ln39"/></StgValue>
</operation>
</state>

<state id="3" st_id="3">

<operation id="18" st_id="3" stage="1" lat="1">
<core>NULL</core>
<MemPortIdVec></MemPortIdVec>
<condition id="-1">
<or_exp><and_exp></and_exp></or_exp>
</condition>

<Node id="18" bw="6" op_0_bw="6" op_1_bw="0" op_2_bw="6" op_3_bw="0">
<![CDATA[
:0  %j_0 = phi i6 [ 0, %multiplierMatrices_label6_begin ], [ %j, %multiplierMatrices_label7_end ]

]]></Node>
<StgValue><ssdm name="j_0"/></StgValue>
</operation>

<operation id="19" st_id="3" stage="1" lat="1">
<core>Cmp</core>
<MemPortIdVec></MemPortIdVec>
<condition id="-1">
<or_exp><and_exp></and_exp></or_exp>
</condition>

<Node id="19" bw="1" op_0_bw="6" op_1_bw="6">
<![CDATA[
:1  %icmp_ln29 = icmp eq i6 %j_0, -32

]]></Node>
<StgValue><ssdm name="icmp_ln29"/></StgValue>
</operation>

<operation id="20" st_id="3" stage="1" lat="1">
<core>NULL</core>
<MemPortIdVec></MemPortIdVec>
<condition id="-1">
<or_exp><and_exp></and_exp></or_exp>
</condition>

<Node id="20" bw="32" op_0_bw="32" op_1_bw="64" op_2_bw="64" op_3_bw="64">
<![CDATA[
:2  %empty_8 = call i32 (...)* @_ssdm_op_SpecLoopTripCount(i64 32, i64 32, i64 32)

]]></Node>
<StgValue><ssdm name="empty_8"/></StgValue>
</operation>

<operation id="21" st_id="3" stage="1" lat="1">
<core>AddSub</core>
<MemPortIdVec></MemPortIdVec>
<condition id="-1">
<or_exp><and_exp></and_exp></or_exp>
</condition>

<Node id="21" bw="6" op_0_bw="6" op_1_bw="6">
<![CDATA[
:3  %j = add i6 %j_0, 1

]]></Node>
<StgValue><ssdm name="j"/></StgValue>
</operation>

<operation id="22" st_id="3" stage="1" lat="1">
<core>NULL</core>
<MemPortIdVec></MemPortIdVec>
<condition id="-1">
<or_exp><and_exp></and_exp></or_exp>
</condition>

<Node id="22" bw="0" op_0_bw="1" op_1_bw="0" op_2_bw="0">
<![CDATA[
:4  br i1 %icmp_ln29, label %multiplierMatrices_label6_end, label %multiplierMatrices_label7_begin

]]></Node>
<StgValue><ssdm name="br_ln29"/></StgValue>
</operation>

<operation id="23" st_id="3" stage="1" lat="1">
<core>NULL</core>
<MemPortIdVec></MemPortIdVec>
<condition id="-1">
<or_exp><and_exp><literal name="icmp_ln29" val="0"/>
</and_exp></or_exp>
</condition>

<Node id="24" bw="0" op_0_bw="0" op_1_bw="0">
<![CDATA[
multiplierMatrices_label7_begin:0  call void (...)* @_ssdm_op_SpecLoopName([26 x i8]* @p_str1) nounwind

]]></Node>
<StgValue><ssdm name="specloopname_ln30"/></StgValue>
</operation>

<operation id="24" st_id="3" stage="1" lat="1">
<core>NULL</core>
<MemPortIdVec></MemPortIdVec>
<condition id="-1">
<or_exp><and_exp><literal name="icmp_ln29" val="0"/>
</and_exp></or_exp>
</condition>

<Node id="25" bw="32" op_0_bw="32" op_1_bw="0">
<![CDATA[
multiplierMatrices_label7_begin:1  %tmp_1 = call i32 (...)* @_ssdm_op_SpecRegionBegin([26 x i8]* @p_str1)

]]></Node>
<StgValue><ssdm name="tmp_1"/></StgValue>
</operation>

<operation id="25" st_id="3" stage="1" lat="1">
<core>NULL</core>
<MemPortIdVec></MemPortIdVec>
<condition id="-1">
<or_exp><and_exp><literal name="icmp_ln29" val="0"/>
</and_exp></or_exp>
</condition>

<Node id="26" bw="12" op_0_bw="6">
<![CDATA[
multiplierMatrices_label7_begin:2  %zext_ln321 = zext i6 %j_0 to i12

]]></Node>
<StgValue><ssdm name="zext_ln321"/></StgValue>
</operation>

<operation id="26" st_id="3" stage="1" lat="1">
<core>AddSub</core>
<MemPortIdVec></MemPortIdVec>
<condition id="-1">
<or_exp><and_exp><literal name="icmp_ln29" val="0"/>
</and_exp></or_exp>
</condition>

<Node id="27" bw="12" op_0_bw="12" op_1_bw="12">
<![CDATA[
multiplierMatrices_label7_begin:3  %add_ln321 = add i12 %zext_ln29, %zext_ln321

]]></Node>
<StgValue><ssdm name="add_ln321"/></StgValue>
</operation>

<operation id="27" st_id="3" stage="1" lat="1">
<core>NULL</core>
<MemPortIdVec></MemPortIdVec>
<condition id="-1">
<or_exp><and_exp><literal name="icmp_ln29" val="0"/>
</and_exp></or_exp>
</condition>

<Node id="28" bw="64" op_0_bw="12">
<![CDATA[
multiplierMatrices_label7_begin:4  %zext_ln321_5 = zext i12 %add_ln321 to i64

]]></Node>
<StgValue><ssdm name="zext_ln321_5"/></StgValue>
</operation>

<operation id="28" st_id="3" stage="1" lat="1">
<core>NULL</core>
<MemPortIdVec></MemPortIdVec>
<condition id="-1">
<or_exp><and_exp><literal name="icmp_ln29" val="0"/>
</and_exp></or_exp>
</condition>

<Node id="29" bw="13" op_0_bw="14" op_1_bw="64" op_2_bw="64">
<![CDATA[
multiplierMatrices_label7_begin:5  %matriceC_V_addr = getelementptr [8192 x i14]* %matriceC_V, i64 0, i64 %zext_ln321_5

]]></Node>
<StgValue><ssdm name="matriceC_V_addr"/></StgValue>
</operation>

<operation id="29" st_id="3" stage="1" lat="1">
<core>NULL</core>
<MemPortIdVec></MemPortIdVec>
<condition id="-1">
<or_exp><and_exp><literal name="icmp_ln29" val="0"/>
</and_exp></or_exp>
</condition>

<Node id="30" bw="0" op_0_bw="0">
<![CDATA[
multiplierMatrices_label7_begin:6  br label %3

]]></Node>
<StgValue><ssdm name="br_ln32"/></StgValue>
</operation>

<operation id="30" st_id="3" stage="1" lat="1">
<core>NULL</core>
<MemPortIdVec></MemPortIdVec>
<condition id="-1">
<or_exp><and_exp><literal name="icmp_ln29" val="1"/>
</and_exp></or_exp>
</condition>

<Node id="61" bw="32" op_0_bw="32" op_1_bw="0" op_2_bw="32">
<![CDATA[
multiplierMatrices_label6_end:0  %empty_11 = call i32 (...)* @_ssdm_op_SpecRegionEnd([26 x i8]* @p_str, i32 %tmp)

]]></Node>
<StgValue><ssdm name="empty_11"/></StgValue>
</operation>

<operation id="31" st_id="3" stage="1" lat="1">
<core>NULL</core>
<MemPortIdVec></MemPortIdVec>
<condition id="-1">
<or_exp><and_exp><literal name="icmp_ln29" val="1"/>
</and_exp></or_exp>
</condition>

<Node id="62" bw="0" op_0_bw="0">
<![CDATA[
multiplierMatrices_label6_end:1  br label %1

]]></Node>
<StgValue><ssdm name="br_ln27"/></StgValue>
</operation>
</state>

<state id="4" st_id="4">

<operation id="32" st_id="4" stage="1" lat="1">
<core>NULL</core>
<MemPortIdVec></MemPortIdVec>
<condition id="-1">
<or_exp><and_exp></and_exp></or_exp>
</condition>

<Node id="32" bw="14" op_0_bw="14" op_1_bw="0" op_2_bw="14" op_3_bw="0">
<![CDATA[
:0  %matriceC_V_load = phi i14 [ 0, %multiplierMatrices_label7_begin ], [ %add_ln700, %4 ]

]]></Node>
<StgValue><ssdm name="matriceC_V_load"/></StgValue>
</operation>

<operation id="33" st_id="4" stage="1" lat="1">
<core>NULL</core>
<MemPortIdVec></MemPortIdVec>
<condition id="-1">
<or_exp><and_exp></and_exp></or_exp>
</condition>

<Node id="33" bw="6" op_0_bw="6" op_1_bw="0" op_2_bw="6" op_3_bw="0">
<![CDATA[
:1  %k_0 = phi i6 [ 0, %multiplierMatrices_label7_begin ], [ %k, %4 ]

]]></Node>
<StgValue><ssdm name="k_0"/></StgValue>
</operation>

<operation id="34" st_id="4" stage="1" lat="1">
<core>RAM</core>
<MemPortIdVec>0 </MemPortIdVec>
<condition id="-1">
<or_exp><and_exp></and_exp></or_exp>
</condition>

<Node id="34" bw="0" op_0_bw="14" op_1_bw="13">
<![CDATA[
:2  store i14 %matriceC_V_load, i14* %matriceC_V_addr, align 2

]]></Node>
<StgValue><ssdm name="store_ln35"/></StgValue>
</operation>

<operation id="35" st_id="4" stage="1" lat="1">
<core>Cmp</core>
<MemPortIdVec></MemPortIdVec>
<condition id="-1">
<or_exp><and_exp></and_exp></or_exp>
</condition>

<Node id="35" bw="1" op_0_bw="6" op_1_bw="6">
<![CDATA[
:3  %icmp_ln32 = icmp eq i6 %k_0, -32

]]></Node>
<StgValue><ssdm name="icmp_ln32"/></StgValue>
</operation>

<operation id="36" st_id="4" stage="1" lat="1">
<core>NULL</core>
<MemPortIdVec></MemPortIdVec>
<condition id="-1">
<or_exp><and_exp></and_exp></or_exp>
</condition>

<Node id="36" bw="32" op_0_bw="32" op_1_bw="64" op_2_bw="64" op_3_bw="64">
<![CDATA[
:4  %empty_9 = call i32 (...)* @_ssdm_op_SpecLoopTripCount(i64 32, i64 32, i64 32)

]]></Node>
<StgValue><ssdm name="empty_9"/></StgValue>
</operation>

<operation id="37" st_id="4" stage="1" lat="1">
<core>AddSub</core>
<MemPortIdVec></MemPortIdVec>
<condition id="-1">
<or_exp><and_exp></and_exp></or_exp>
</condition>

<Node id="37" bw="6" op_0_bw="6" op_1_bw="6">
<![CDATA[
:5  %k = add i6 %k_0, 1

]]></Node>
<StgValue><ssdm name="k"/></StgValue>
</operation>

<operation id="38" st_id="4" stage="1" lat="1">
<core>NULL</core>
<MemPortIdVec></MemPortIdVec>
<condition id="-1">
<or_exp><and_exp></and_exp></or_exp>
</condition>

<Node id="38" bw="0" op_0_bw="1" op_1_bw="0" op_2_bw="0">
<![CDATA[
:6  br i1 %icmp_ln32, label %multiplierMatrices_label7_end, label %4

]]></Node>
<StgValue><ssdm name="br_ln32"/></StgValue>
</operation>

<operation id="39" st_id="4" stage="1" lat="1">
<core>NULL</core>
<MemPortIdVec></MemPortIdVec>
<condition id="-1">
<or_exp><and_exp><literal name="icmp_ln32" val="0"/>
</and_exp></or_exp>
</condition>

<Node id="41" bw="12" op_0_bw="6">
<![CDATA[
:1  %zext_ln1355 = zext i6 %k_0 to i12

]]></Node>
<StgValue><ssdm name="zext_ln1355"/></StgValue>
</operation>

<operation id="40" st_id="4" stage="1" lat="1">
<core>AddSub</core>
<MemPortIdVec></MemPortIdVec>
<condition id="-1">
<or_exp><and_exp><literal name="icmp_ln32" val="0"/>
</and_exp></or_exp>
</condition>

<Node id="42" bw="12" op_0_bw="12" op_1_bw="12">
<![CDATA[
:2  %add_ln1355 = add i12 %zext_ln29, %zext_ln1355

]]></Node>
<StgValue><ssdm name="add_ln1355"/></StgValue>
</operation>

<operation id="41" st_id="4" stage="1" lat="1">
<core>NULL</core>
<MemPortIdVec></MemPortIdVec>
<condition id="-1">
<or_exp><and_exp><literal name="icmp_ln32" val="0"/>
</and_exp></or_exp>
</condition>

<Node id="43" bw="64" op_0_bw="12">
<![CDATA[
:3  %zext_ln1355_1 = zext i12 %add_ln1355 to i64

]]></Node>
<StgValue><ssdm name="zext_ln1355_1"/></StgValue>
</operation>

<operation id="42" st_id="4" stage="1" lat="1">
<core>NULL</core>
<MemPortIdVec></MemPortIdVec>
<condition id="-1">
<or_exp><and_exp><literal name="icmp_ln32" val="0"/>
</and_exp></or_exp>
</condition>

<Node id="44" bw="10" op_0_bw="9" op_1_bw="64" op_2_bw="64">
<![CDATA[
:4  %matriceA_V_addr = getelementptr [1024 x i9]* %matriceA_V, i64 0, i64 %zext_ln1355_1

]]></Node>
<StgValue><ssdm name="matriceA_V_addr"/></StgValue>
</operation>

<operation id="43" st_id="4" stage="1" lat="1">
<core>NULL</core>
<MemPortIdVec></MemPortIdVec>
<condition id="-1">
<or_exp><and_exp><literal name="icmp_ln32" val="0"/>
</and_exp></or_exp>
</condition>

<Node id="45" bw="11" op_0_bw="11" op_1_bw="6" op_2_bw="5">
<![CDATA[
:5  %tmp_4 = call i11 @_ssdm_op_BitConcatenate.i11.i6.i5(i6 %k_0, i5 0)

]]></Node>
<StgValue><ssdm name="tmp_4"/></StgValue>
</operation>

<operation id="44" st_id="4" stage="1" lat="1">
<core>NULL</core>
<MemPortIdVec></MemPortIdVec>
<condition id="-1">
<or_exp><and_exp><literal name="icmp_ln32" val="0"/>
</and_exp></or_exp>
</condition>

<Node id="46" bw="12" op_0_bw="11">
<![CDATA[
:6  %zext_ln215 = zext i11 %tmp_4 to i12

]]></Node>
<StgValue><ssdm name="zext_ln215"/></StgValue>
</operation>

<operation id="45" st_id="4" stage="1" lat="1">
<core>AddSub</core>
<MemPortIdVec></MemPortIdVec>
<condition id="-1">
<or_exp><and_exp><literal name="icmp_ln32" val="0"/>
</and_exp></or_exp>
</condition>

<Node id="47" bw="12" op_0_bw="12" op_1_bw="12">
<![CDATA[
:7  %add_ln215 = add i12 %zext_ln215, %zext_ln321

]]></Node>
<StgValue><ssdm name="add_ln215"/></StgValue>
</operation>

<operation id="46" st_id="4" stage="1" lat="1">
<core>NULL</core>
<MemPortIdVec></MemPortIdVec>
<condition id="-1">
<or_exp><and_exp><literal name="icmp_ln32" val="0"/>
</and_exp></or_exp>
</condition>

<Node id="48" bw="64" op_0_bw="12">
<![CDATA[
:8  %zext_ln215_1 = zext i12 %add_ln215 to i64

]]></Node>
<StgValue><ssdm name="zext_ln215_1"/></StgValue>
</operation>

<operation id="47" st_id="4" stage="1" lat="1">
<core>NULL</core>
<MemPortIdVec></MemPortIdVec>
<condition id="-1">
<or_exp><and_exp><literal name="icmp_ln32" val="0"/>
</and_exp></or_exp>
</condition>

<Node id="49" bw="13" op_0_bw="1" op_1_bw="64" op_2_bw="64">
<![CDATA[
:9  %matriceB_V_addr = getelementptr [8192 x i1]* %matriceB_V, i64 0, i64 %zext_ln215_1

]]></Node>
<StgValue><ssdm name="matriceB_V_addr"/></StgValue>
</operation>

<operation id="48" st_id="4" stage="2" lat="2">
<core>RAM</core>
<MemPortIdVec>0 </MemPortIdVec>
<condition id="-1">
<or_exp><and_exp><literal name="icmp_ln32" val="0"/>
</and_exp></or_exp>
</condition>

<Node id="50" bw="9" op_0_bw="10">
<![CDATA[
:10  %lhs_V = load i9* %matriceA_V_addr, align 2

]]></Node>
<StgValue><ssdm name="lhs_V"/></StgValue>
</operation>

<operation id="49" st_id="4" stage="2" lat="2">
<core>RAM</core>
<MemPortIdVec>0 </MemPortIdVec>
<condition id="-1">
<or_exp><and_exp><literal name="icmp_ln32" val="0"/>
</and_exp></or_exp>
</condition>

<Node id="52" bw="1" op_0_bw="13">
<![CDATA[
:12  %matriceB_V_load = load i1* %matriceB_V_addr, align 1

]]></Node>
<StgValue><ssdm name="matriceB_V_load"/></StgValue>
</operation>

<operation id="50" st_id="4" stage="1" lat="1">
<core>NULL</core>
<MemPortIdVec></MemPortIdVec>
<condition id="-1">
<or_exp><and_exp><literal name="icmp_ln32" val="1"/>
</and_exp></or_exp>
</condition>

<Node id="58" bw="32" op_0_bw="32" op_1_bw="0" op_2_bw="32">
<![CDATA[
multiplierMatrices_label7_end:0  %empty_10 = call i32 (...)* @_ssdm_op_SpecRegionEnd([26 x i8]* @p_str1, i32 %tmp_1)

]]></Node>
<StgValue><ssdm name="empty_10"/></StgValue>
</operation>

<operation id="51" st_id="4" stage="1" lat="1">
<core>NULL</core>
<MemPortIdVec></MemPortIdVec>
<condition id="-1">
<or_exp><and_exp><literal name="icmp_ln32" val="1"/>
</and_exp></or_exp>
</condition>

<Node id="59" bw="0" op_0_bw="0">
<![CDATA[
multiplierMatrices_label7_end:1  br label %2

]]></Node>
<StgValue><ssdm name="br_ln29"/></StgValue>
</operation>
</state>

<state id="5" st_id="5">

<operation id="52" st_id="5" stage="1" lat="1">
<core>NULL</core>
<MemPortIdVec></MemPortIdVec>
<condition id="-1">
<or_exp><and_exp></and_exp></or_exp>
</condition>

<Node id="40" bw="0" op_0_bw="0" op_1_bw="0">
<![CDATA[
:0  call void (...)* @_ssdm_op_SpecLoopName([15 x i8]* @p_str2) nounwind

]]></Node>
<StgValue><ssdm name="specloopname_ln33"/></StgValue>
</operation>

<operation id="53" st_id="5" stage="1" lat="2">
<core>RAM</core>
<MemPortIdVec>0 </MemPortIdVec>
<condition id="-1">
<or_exp><and_exp></and_exp></or_exp>
</condition>

<Node id="50" bw="9" op_0_bw="10">
<![CDATA[
:10  %lhs_V = load i9* %matriceA_V_addr, align 2

]]></Node>
<StgValue><ssdm name="lhs_V"/></StgValue>
</operation>

<operation id="54" st_id="5" stage="1" lat="1">
<core>NULL</core>
<MemPortIdVec></MemPortIdVec>
<condition id="-1">
<or_exp><and_exp></and_exp></or_exp>
</condition>

<Node id="51" bw="1" op_0_bw="9">
<![CDATA[
:11  %trunc_ln1355 = trunc i9 %lhs_V to i1

]]></Node>
<StgValue><ssdm name="trunc_ln1355"/></StgValue>
</operation>

<operation id="55" st_id="5" stage="1" lat="2">
<core>RAM</core>
<MemPortIdVec>0 </MemPortIdVec>
<condition id="-1">
<or_exp><and_exp></and_exp></or_exp>
</condition>

<Node id="52" bw="1" op_0_bw="13">
<![CDATA[
:12  %matriceB_V_load = load i1* %matriceB_V_addr, align 1

]]></Node>
<StgValue><ssdm name="matriceB_V_load"/></StgValue>
</operation>

<operation id="56" st_id="5" stage="1" lat="1">
<core>LogicGate</core>
<MemPortIdVec></MemPortIdVec>
<condition id="-1">
<or_exp><and_exp></and_exp></or_exp>
</condition>

<Node id="53" bw="1" op_0_bw="1" op_1_bw="1">
<![CDATA[
:13  %ret_V = and i1 %trunc_ln1355, %matriceB_V_load

]]></Node>
<StgValue><ssdm name="ret_V"/></StgValue>
</operation>

<operation id="57" st_id="5" stage="1" lat="1">
<core>NULL</core>
<MemPortIdVec></MemPortIdVec>
<condition id="-1">
<or_exp><and_exp></and_exp></or_exp>
</condition>

<Node id="54" bw="14" op_0_bw="1">
<![CDATA[
:14  %Entree_V = zext i1 %ret_V to i14

]]></Node>
<StgValue><ssdm name="Entree_V"/></StgValue>
</operation>

<operation id="58" st_id="5" stage="1" lat="1">
<core>AddSub</core>
<MemPortIdVec></MemPortIdVec>
<condition id="-1">
<or_exp><and_exp></and_exp></or_exp>
</condition>

<Node id="55" bw="14" op_0_bw="14" op_1_bw="14">
<![CDATA[
:15  %add_ln700 = add i14 %Entree_V, %matriceC_V_load

]]></Node>
<StgValue><ssdm name="add_ln700"/></StgValue>
</operation>

<operation id="59" st_id="5" stage="1" lat="1">
<core>NULL</core>
<MemPortIdVec></MemPortIdVec>
<condition id="-1">
<or_exp><and_exp></and_exp></or_exp>
</condition>

<Node id="56" bw="0" op_0_bw="0">
<![CDATA[
:16  br label %3

]]></Node>
<StgValue><ssdm name="br_ln32"/></StgValue>
</operation>
</state>
</state_list>


<ports>
<port id="68" name="matriceA_V" dir="0" iftype="1">
<core>RAM</core><StgValue><ssdm name="matriceA_V"/><MemPortTyVec>1 3 </MemPortTyVec>
</StgValue>
</port>
<port id="69" name="matriceB_V" dir="0" iftype="1">
<core>RAM</core><StgValue><ssdm name="matriceB_V"/><MemPortTyVec>1 3 </MemPortTyVec>
</StgValue>
</port>
<port id="70" name="matriceC_V" dir="1" iftype="1">
<core>RAM</core><StgValue><ssdm name="matriceC_V"/><MemPortTyVec>0 3 </MemPortTyVec>
</StgValue>
</port>
</ports>


<dataflows>
<dataflow id="72" from="StgValue_71" to="i_0" fromId="71" toId="7">
<condition id="-1">
<or_exp><and_exp></and_exp></or_exp>
</condition>
</dataflow>
<dataflow id="73" from="br_ln27" to="i_0" fromId="6" toId="7">
</dataflow>
<dataflow id="74" from="i" to="i_0" fromId="10" toId="7">
<BackEdge/>
<condition id="-1">
<or_exp><and_exp><literal name="icmp_ln29" val="1"/>
</and_exp></or_exp>
</condition>
</dataflow>
<dataflow id="75" from="br_ln27" to="i_0" fromId="31" toId="7">
<BackEdge/>
</dataflow>
<dataflow id="76" from="i_0" to="icmp_ln27" fromId="7" toId="8">
</dataflow>
<dataflow id="78" from="StgValue_77" to="icmp_ln27" fromId="77" toId="8">
</dataflow>
<dataflow id="80" from="_ssdm_op_SpecLoopTripCount" to="empty" fromId="79" toId="9">
</dataflow>
<dataflow id="82" from="StgValue_81" to="empty" fromId="81" toId="9">
</dataflow>
<dataflow id="83" from="StgValue_81" to="empty" fromId="81" toId="9">
</dataflow>
<dataflow id="84" from="StgValue_81" to="empty" fromId="81" toId="9">
</dataflow>
<dataflow id="85" from="i_0" to="i" fromId="7" toId="10">
</dataflow>
<dataflow id="87" from="StgValue_86" to="i" fromId="86" toId="10">
</dataflow>
<dataflow id="88" from="icmp_ln27" to="br_ln27" fromId="8" toId="11">
</dataflow>
<dataflow id="90" from="_ssdm_op_SpecLoopName" to="specloopname_ln28" fromId="89" toId="12">
</dataflow>
<dataflow id="92" from="p_str" to="specloopname_ln28" fromId="91" toId="12">
</dataflow>
<dataflow id="94" from="_ssdm_op_SpecRegionBegin" to="tmp" fromId="93" toId="13">
</dataflow>
<dataflow id="95" from="p_str" to="tmp" fromId="91" toId="13">
</dataflow>
<dataflow id="97" from="_ssdm_op_BitConcatenate.i11.i6.i5" to="tmp_3" fromId="96" toId="14">
</dataflow>
<dataflow id="98" from="i_0" to="tmp_3" fromId="7" toId="14">
</dataflow>
<dataflow id="100" from="StgValue_99" to="tmp_3" fromId="99" toId="14">
</dataflow>
<dataflow id="101" from="tmp_3" to="zext_ln29" fromId="14" toId="15">
</dataflow>
<dataflow id="102" from="StgValue_71" to="j_0" fromId="71" toId="18">
<condition id="-1">
<or_exp><and_exp><literal name="icmp_ln27" val="0"/>
</and_exp></or_exp>
</condition>
</dataflow>
<dataflow id="103" from="br_ln29" to="j_0" fromId="16" toId="18">
</dataflow>
<dataflow id="104" from="j" to="j_0" fromId="21" toId="18">
<BackEdge/>
<condition id="-1">
<or_exp><and_exp><literal name="icmp_ln32" val="1"/>
</and_exp></or_exp>
</condition>
</dataflow>
<dataflow id="105" from="br_ln29" to="j_0" fromId="51" toId="18">
<BackEdge/>
</dataflow>
<dataflow id="106" from="j_0" to="icmp_ln29" fromId="18" toId="19">
</dataflow>
<dataflow id="107" from="StgValue_77" to="icmp_ln29" fromId="77" toId="19">
</dataflow>
<dataflow id="108" from="_ssdm_op_SpecLoopTripCount" to="empty_8" fromId="79" toId="20">
</dataflow>
<dataflow id="109" from="StgValue_81" to="empty_8" fromId="81" toId="20">
</dataflow>
<dataflow id="110" from="StgValue_81" to="empty_8" fromId="81" toId="20">
</dataflow>
<dataflow id="111" from="StgValue_81" to="empty_8" fromId="81" toId="20">
</dataflow>
<dataflow id="112" from="j_0" to="j" fromId="18" toId="21">
</dataflow>
<dataflow id="113" from="StgValue_86" to="j" fromId="86" toId="21">
</dataflow>
<dataflow id="114" from="icmp_ln29" to="br_ln29" fromId="19" toId="22">
</dataflow>
<dataflow id="115" from="_ssdm_op_SpecLoopName" to="specloopname_ln30" fromId="89" toId="23">
</dataflow>
<dataflow id="117" from="p_str1" to="specloopname_ln30" fromId="116" toId="23">
</dataflow>
<dataflow id="118" from="_ssdm_op_SpecRegionBegin" to="tmp_1" fromId="93" toId="24">
</dataflow>
<dataflow id="119" from="p_str1" to="tmp_1" fromId="116" toId="24">
</dataflow>
<dataflow id="120" from="j_0" to="zext_ln321" fromId="18" toId="25">
</dataflow>
<dataflow id="121" from="zext_ln29" to="add_ln321" fromId="15" toId="26">
</dataflow>
<dataflow id="122" from="zext_ln321" to="add_ln321" fromId="25" toId="26">
</dataflow>
<dataflow id="123" from="add_ln321" to="zext_ln321_5" fromId="26" toId="27">
</dataflow>
<dataflow id="124" from="matriceC_V" to="matriceC_V_addr" fromId="70" toId="28">
</dataflow>
<dataflow id="126" from="StgValue_125" to="matriceC_V_addr" fromId="125" toId="28">
</dataflow>
<dataflow id="127" from="zext_ln321_5" to="matriceC_V_addr" fromId="27" toId="28">
</dataflow>
<dataflow id="129" from="_ssdm_op_SpecRegionEnd" to="empty_11" fromId="128" toId="30">
</dataflow>
<dataflow id="130" from="p_str" to="empty_11" fromId="91" toId="30">
</dataflow>
<dataflow id="131" from="tmp" to="empty_11" fromId="13" toId="30">
</dataflow>
<dataflow id="133" from="StgValue_132" to="matriceC_V_load" fromId="132" toId="32">
<condition id="-1">
<or_exp><and_exp><literal name="icmp_ln29" val="0"/>
</and_exp></or_exp>
</condition>
</dataflow>
<dataflow id="134" from="br_ln32" to="matriceC_V_load" fromId="29" toId="32">
</dataflow>
<dataflow id="135" from="add_ln700" to="matriceC_V_load" fromId="58" toId="32">
<BackEdge/>
<condition id="-1">
<or_exp><and_exp></and_exp></or_exp>
</condition>
</dataflow>
<dataflow id="136" from="br_ln32" to="matriceC_V_load" fromId="59" toId="32">
<BackEdge/>
</dataflow>
<dataflow id="137" from="StgValue_71" to="k_0" fromId="71" toId="33">
<condition id="-1">
<or_exp><and_exp><literal name="icmp_ln29" val="0"/>
</and_exp></or_exp>
</condition>
</dataflow>
<dataflow id="138" from="br_ln32" to="k_0" fromId="29" toId="33">
</dataflow>
<dataflow id="139" from="k" to="k_0" fromId="37" toId="33">
<BackEdge/>
<condition id="-1">
<or_exp><and_exp></and_exp></or_exp>
</condition>
</dataflow>
<dataflow id="140" from="br_ln32" to="k_0" fromId="59" toId="33">
<BackEdge/>
</dataflow>
<dataflow id="141" from="matriceC_V_load" to="store_ln35" fromId="32" toId="34">
</dataflow>
<dataflow id="142" from="matriceC_V_addr" to="store_ln35" fromId="28" toId="34">
</dataflow>
<dataflow id="143" from="k_0" to="icmp_ln32" fromId="33" toId="35">
</dataflow>
<dataflow id="144" from="StgValue_77" to="icmp_ln32" fromId="77" toId="35">
</dataflow>
<dataflow id="145" from="_ssdm_op_SpecLoopTripCount" to="empty_9" fromId="79" toId="36">
</dataflow>
<dataflow id="146" from="StgValue_81" to="empty_9" fromId="81" toId="36">
</dataflow>
<dataflow id="147" from="StgValue_81" to="empty_9" fromId="81" toId="36">
</dataflow>
<dataflow id="148" from="StgValue_81" to="empty_9" fromId="81" toId="36">
</dataflow>
<dataflow id="149" from="k_0" to="k" fromId="33" toId="37">
</dataflow>
<dataflow id="150" from="StgValue_86" to="k" fromId="86" toId="37">
</dataflow>
<dataflow id="151" from="icmp_ln32" to="br_ln32" fromId="35" toId="38">
</dataflow>
<dataflow id="152" from="k_0" to="zext_ln1355" fromId="33" toId="39">
</dataflow>
<dataflow id="153" from="zext_ln29" to="add_ln1355" fromId="15" toId="40">
</dataflow>
<dataflow id="154" from="zext_ln1355" to="add_ln1355" fromId="39" toId="40">
</dataflow>
<dataflow id="155" from="add_ln1355" to="zext_ln1355_1" fromId="40" toId="41">
</dataflow>
<dataflow id="156" from="matriceA_V" to="matriceA_V_addr" fromId="68" toId="42">
</dataflow>
<dataflow id="157" from="StgValue_125" to="matriceA_V_addr" fromId="125" toId="42">
</dataflow>
<dataflow id="158" from="zext_ln1355_1" to="matriceA_V_addr" fromId="41" toId="42">
</dataflow>
<dataflow id="159" from="_ssdm_op_BitConcatenate.i11.i6.i5" to="tmp_4" fromId="96" toId="43">
</dataflow>
<dataflow id="160" from="k_0" to="tmp_4" fromId="33" toId="43">
</dataflow>
<dataflow id="161" from="StgValue_99" to="tmp_4" fromId="99" toId="43">
</dataflow>
<dataflow id="162" from="tmp_4" to="zext_ln215" fromId="43" toId="44">
</dataflow>
<dataflow id="163" from="zext_ln215" to="add_ln215" fromId="44" toId="45">
</dataflow>
<dataflow id="164" from="zext_ln321" to="add_ln215" fromId="25" toId="45">
</dataflow>
<dataflow id="165" from="add_ln215" to="zext_ln215_1" fromId="45" toId="46">
</dataflow>
<dataflow id="166" from="matriceB_V" to="matriceB_V_addr" fromId="69" toId="47">
</dataflow>
<dataflow id="167" from="StgValue_125" to="matriceB_V_addr" fromId="125" toId="47">
</dataflow>
<dataflow id="168" from="zext_ln215_1" to="matriceB_V_addr" fromId="46" toId="47">
</dataflow>
<dataflow id="169" from="matriceA_V_addr" to="lhs_V" fromId="42" toId="48">
</dataflow>
<dataflow id="170" from="matriceB_V_addr" to="matriceB_V_load" fromId="47" toId="49">
</dataflow>
<dataflow id="171" from="_ssdm_op_SpecRegionEnd" to="empty_10" fromId="128" toId="50">
</dataflow>
<dataflow id="172" from="p_str1" to="empty_10" fromId="116" toId="50">
</dataflow>
<dataflow id="173" from="tmp_1" to="empty_10" fromId="24" toId="50">
</dataflow>
<dataflow id="174" from="_ssdm_op_SpecLoopName" to="specloopname_ln33" fromId="89" toId="52">
</dataflow>
<dataflow id="176" from="p_str2" to="specloopname_ln33" fromId="175" toId="52">
</dataflow>
<dataflow id="177" from="matriceA_V_addr" to="lhs_V" fromId="42" toId="53">
</dataflow>
<dataflow id="178" from="lhs_V" to="trunc_ln1355" fromId="53" toId="54">
</dataflow>
<dataflow id="179" from="matriceB_V_addr" to="matriceB_V_load" fromId="47" toId="55">
</dataflow>
<dataflow id="180" from="trunc_ln1355" to="ret_V" fromId="54" toId="56">
</dataflow>
<dataflow id="181" from="matriceB_V_load" to="ret_V" fromId="55" toId="56">
</dataflow>
<dataflow id="182" from="ret_V" to="Entree_V" fromId="56" toId="57">
</dataflow>
<dataflow id="183" from="Entree_V" to="add_ln700" fromId="57" toId="58">
</dataflow>
<dataflow id="184" from="matriceC_V_load" to="add_ln700" fromId="32" toId="58">
</dataflow>
<dataflow id="185" from="icmp_ln27" to="StgValue_2" fromId="8" toId="2">
</dataflow>
<dataflow id="186" from="icmp_ln29" to="StgValue_3" fromId="19" toId="3">
</dataflow>
<dataflow id="187" from="icmp_ln32" to="StgValue_4" fromId="35" toId="4">
</dataflow>
</dataflows>


</stg>
