<stg><name>multmat</name>


<trans_list>

<trans id="62" from="1" to="2">
<condition id="-1">
<or_exp><and_exp></and_exp></or_exp>
</condition>
</trans>

<trans id="63" from="2" to="3">
<condition id="-1">
<or_exp><and_exp><literal name="icmp_ln10" val="0"/>
</and_exp></or_exp>
</condition>
</trans>

<trans id="64" from="3" to="4">
<condition id="-1">
<or_exp><and_exp><literal name="icmp_ln12" val="0"/>
</and_exp></or_exp>
</condition>
</trans>

<trans id="69" from="3" to="2">
<condition id="-1">
<or_exp><and_exp><literal name="icmp_ln12" val="1"/>
</and_exp></or_exp>
</condition>
</trans>

<trans id="65" from="4" to="5">
<condition id="-1">
<or_exp><and_exp><literal name="icmp_ln15" val="0"/>
</and_exp></or_exp>
</condition>
</trans>

<trans id="68" from="4" to="3">
<condition id="-1">
<or_exp><and_exp><literal name="icmp_ln15" val="1"/>
</and_exp></or_exp>
</condition>
</trans>

<trans id="67" from="5" to="4">
<condition id="-1">
<or_exp><and_exp></and_exp></or_exp>
</condition>
</trans>
</trans_list>



<state_list>

<state id="1" st_id="1">

<operation id="6" st_id="1" stage="1" lat="1">
<core>NULL</core>
<MemPortIdVec></MemPortIdVec>
<condition id="-1">
<or_exp><and_exp></and_exp></or_exp>
</condition>

<Node id="4" bw="0" op_0_bw="0">
<![CDATA[
:0  br label %1

]]></Node>
<StgValue><ssdm name="br_ln10"/></StgValue>
</operation>
</state>

<state id="2" st_id="2">

<operation id="7" st_id="2" stage="1" lat="1">
<core>NULL</core>
<MemPortIdVec></MemPortIdVec>
<condition id="-1">
<or_exp><and_exp></and_exp></or_exp>
</condition>

<Node id="6" bw="6" op_0_bw="6" op_1_bw="0" op_2_bw="6" op_3_bw="0">
<![CDATA[
:0  %i_0 = phi i6 [ 0, %0 ], [ %i, %multiplierMatrices_label6_end ]

]]></Node>
<StgValue><ssdm name="i_0"/></StgValue>
</operation>

<operation id="8" st_id="2" stage="1" lat="1">
<core>Cmp</core>
<MemPortIdVec></MemPortIdVec>
<condition id="-1">
<or_exp><and_exp></and_exp></or_exp>
</condition>

<Node id="7" bw="1" op_0_bw="6" op_1_bw="6">
<![CDATA[
:1  %icmp_ln10 = icmp eq i6 %i_0, -32

]]></Node>
<StgValue><ssdm name="icmp_ln10"/></StgValue>
</operation>

<operation id="9" st_id="2" stage="1" lat="1">
<core>NULL</core>
<MemPortIdVec></MemPortIdVec>
<condition id="-1">
<or_exp><and_exp></and_exp></or_exp>
</condition>

<Node id="8" bw="32" op_0_bw="32" op_1_bw="64" op_2_bw="64" op_3_bw="64">
<![CDATA[
:2  %empty = call i32 (...)* @_ssdm_op_SpecLoopTripCount(i64 32, i64 32, i64 32)

]]></Node>
<StgValue><ssdm name="empty"/></StgValue>
</operation>

<operation id="10" st_id="2" stage="1" lat="1">
<core>AddSub</core>
<MemPortIdVec></MemPortIdVec>
<condition id="-1">
<or_exp><and_exp></and_exp></or_exp>
</condition>

<Node id="9" bw="6" op_0_bw="6" op_1_bw="6">
<![CDATA[
:3  %i = add i6 %i_0, 1

]]></Node>
<StgValue><ssdm name="i"/></StgValue>
</operation>

<operation id="11" st_id="2" stage="1" lat="1">
<core>NULL</core>
<MemPortIdVec></MemPortIdVec>
<condition id="-1">
<or_exp><and_exp></and_exp></or_exp>
</condition>

<Node id="10" bw="0" op_0_bw="1" op_1_bw="0" op_2_bw="0">
<![CDATA[
:4  br i1 %icmp_ln10, label %5, label %multiplierMatrices_label6_begin

]]></Node>
<StgValue><ssdm name="br_ln10"/></StgValue>
</operation>

<operation id="12" st_id="2" stage="1" lat="1">
<core>NULL</core>
<MemPortIdVec></MemPortIdVec>
<condition id="-1">
<or_exp><and_exp><literal name="icmp_ln10" val="0"/>
</and_exp></or_exp>
</condition>

<Node id="12" bw="0" op_0_bw="0" op_1_bw="0">
<![CDATA[
multiplierMatrices_label6_begin:0  call void (...)* @_ssdm_op_SpecLoopName([26 x i8]* @p_str) nounwind

]]></Node>
<StgValue><ssdm name="specloopname_ln11"/></StgValue>
</operation>

<operation id="13" st_id="2" stage="1" lat="1">
<core>NULL</core>
<MemPortIdVec></MemPortIdVec>
<condition id="-1">
<or_exp><and_exp><literal name="icmp_ln10" val="0"/>
</and_exp></or_exp>
</condition>

<Node id="13" bw="32" op_0_bw="32" op_1_bw="0">
<![CDATA[
multiplierMatrices_label6_begin:1  %tmp = call i32 (...)* @_ssdm_op_SpecRegionBegin([26 x i8]* @p_str)

]]></Node>
<StgValue><ssdm name="tmp"/></StgValue>
</operation>

<operation id="14" st_id="2" stage="1" lat="1">
<core>NULL</core>
<MemPortIdVec></MemPortIdVec>
<condition id="-1">
<or_exp><and_exp><literal name="icmp_ln10" val="0"/>
</and_exp></or_exp>
</condition>

<Node id="14" bw="14" op_0_bw="14" op_1_bw="6" op_2_bw="8">
<![CDATA[
multiplierMatrices_label6_begin:2  %tmp_5 = call i14 @_ssdm_op_BitConcatenate.i14.i6.i8(i6 %i_0, i8 0)

]]></Node>
<StgValue><ssdm name="tmp_5"/></StgValue>
</operation>

<operation id="15" st_id="2" stage="1" lat="1">
<core>NULL</core>
<MemPortIdVec></MemPortIdVec>
<condition id="-1">
<or_exp><and_exp><literal name="icmp_ln10" val="0"/>
</and_exp></or_exp>
</condition>

<Node id="15" bw="15" op_0_bw="14">
<![CDATA[
multiplierMatrices_label6_begin:3  %zext_ln321 = zext i14 %tmp_5 to i15

]]></Node>
<StgValue><ssdm name="zext_ln321"/></StgValue>
</operation>

<operation id="16" st_id="2" stage="1" lat="1">
<core>NULL</core>
<MemPortIdVec></MemPortIdVec>
<condition id="-1">
<or_exp><and_exp><literal name="icmp_ln10" val="0"/>
</and_exp></or_exp>
</condition>

<Node id="16" bw="11" op_0_bw="11" op_1_bw="6" op_2_bw="5">
<![CDATA[
multiplierMatrices_label6_begin:4  %tmp_6 = call i11 @_ssdm_op_BitConcatenate.i11.i6.i5(i6 %i_0, i5 0)

]]></Node>
<StgValue><ssdm name="tmp_6"/></StgValue>
</operation>

<operation id="17" st_id="2" stage="1" lat="1">
<core>NULL</core>
<MemPortIdVec></MemPortIdVec>
<condition id="-1">
<or_exp><and_exp><literal name="icmp_ln10" val="0"/>
</and_exp></or_exp>
</condition>

<Node id="17" bw="12" op_0_bw="11">
<![CDATA[
multiplierMatrices_label6_begin:5  %zext_ln12 = zext i11 %tmp_6 to i12

]]></Node>
<StgValue><ssdm name="zext_ln12"/></StgValue>
</operation>

<operation id="18" st_id="2" stage="1" lat="1">
<core>NULL</core>
<MemPortIdVec></MemPortIdVec>
<condition id="-1">
<or_exp><and_exp><literal name="icmp_ln10" val="0"/>
</and_exp></or_exp>
</condition>

<Node id="18" bw="0" op_0_bw="0">
<![CDATA[
multiplierMatrices_label6_begin:6  br label %2

]]></Node>
<StgValue><ssdm name="br_ln12"/></StgValue>
</operation>

<operation id="19" st_id="2" stage="1" lat="1">
<core>NULL</core>
<MemPortIdVec></MemPortIdVec>
<condition id="-1">
<or_exp><and_exp><literal name="icmp_ln10" val="1"/>
</and_exp></or_exp>
</condition>

<Node id="66" bw="0">
<![CDATA[
:0  ret void

]]></Node>
<StgValue><ssdm name="ret_ln22"/></StgValue>
</operation>
</state>

<state id="3" st_id="3">

<operation id="20" st_id="3" stage="1" lat="1">
<core>NULL</core>
<MemPortIdVec></MemPortIdVec>
<condition id="-1">
<or_exp><and_exp></and_exp></or_exp>
</condition>

<Node id="20" bw="6" op_0_bw="6" op_1_bw="0" op_2_bw="6" op_3_bw="0">
<![CDATA[
:0  %j_0 = phi i6 [ 0, %multiplierMatrices_label6_begin ], [ %j, %multiplierMatrices_label7_end ]

]]></Node>
<StgValue><ssdm name="j_0"/></StgValue>
</operation>

<operation id="21" st_id="3" stage="1" lat="1">
<core>Cmp</core>
<MemPortIdVec></MemPortIdVec>
<condition id="-1">
<or_exp><and_exp></and_exp></or_exp>
</condition>

<Node id="21" bw="1" op_0_bw="6" op_1_bw="6">
<![CDATA[
:1  %icmp_ln12 = icmp eq i6 %j_0, -32

]]></Node>
<StgValue><ssdm name="icmp_ln12"/></StgValue>
</operation>

<operation id="22" st_id="3" stage="1" lat="1">
<core>NULL</core>
<MemPortIdVec></MemPortIdVec>
<condition id="-1">
<or_exp><and_exp></and_exp></or_exp>
</condition>

<Node id="22" bw="32" op_0_bw="32" op_1_bw="64" op_2_bw="64" op_3_bw="64">
<![CDATA[
:2  %empty_12 = call i32 (...)* @_ssdm_op_SpecLoopTripCount(i64 32, i64 32, i64 32)

]]></Node>
<StgValue><ssdm name="empty_12"/></StgValue>
</operation>

<operation id="23" st_id="3" stage="1" lat="1">
<core>AddSub</core>
<MemPortIdVec></MemPortIdVec>
<condition id="-1">
<or_exp><and_exp></and_exp></or_exp>
</condition>

<Node id="23" bw="6" op_0_bw="6" op_1_bw="6">
<![CDATA[
:3  %j = add i6 %j_0, 1

]]></Node>
<StgValue><ssdm name="j"/></StgValue>
</operation>

<operation id="24" st_id="3" stage="1" lat="1">
<core>NULL</core>
<MemPortIdVec></MemPortIdVec>
<condition id="-1">
<or_exp><and_exp></and_exp></or_exp>
</condition>

<Node id="24" bw="0" op_0_bw="1" op_1_bw="0" op_2_bw="0">
<![CDATA[
:4  br i1 %icmp_ln12, label %multiplierMatrices_label6_end, label %multiplierMatrices_label7_begin

]]></Node>
<StgValue><ssdm name="br_ln12"/></StgValue>
</operation>

<operation id="25" st_id="3" stage="1" lat="1">
<core>NULL</core>
<MemPortIdVec></MemPortIdVec>
<condition id="-1">
<or_exp><and_exp><literal name="icmp_ln12" val="0"/>
</and_exp></or_exp>
</condition>

<Node id="26" bw="0" op_0_bw="0" op_1_bw="0">
<![CDATA[
multiplierMatrices_label7_begin:0  call void (...)* @_ssdm_op_SpecLoopName([26 x i8]* @p_str1) nounwind

]]></Node>
<StgValue><ssdm name="specloopname_ln13"/></StgValue>
</operation>

<operation id="26" st_id="3" stage="1" lat="1">
<core>NULL</core>
<MemPortIdVec></MemPortIdVec>
<condition id="-1">
<or_exp><and_exp><literal name="icmp_ln12" val="0"/>
</and_exp></or_exp>
</condition>

<Node id="27" bw="32" op_0_bw="32" op_1_bw="0">
<![CDATA[
multiplierMatrices_label7_begin:1  %tmp_2 = call i32 (...)* @_ssdm_op_SpecRegionBegin([26 x i8]* @p_str1)

]]></Node>
<StgValue><ssdm name="tmp_2"/></StgValue>
</operation>

<operation id="27" st_id="3" stage="1" lat="1">
<core>NULL</core>
<MemPortIdVec></MemPortIdVec>
<condition id="-1">
<or_exp><and_exp><literal name="icmp_ln12" val="0"/>
</and_exp></or_exp>
</condition>

<Node id="28" bw="15" op_0_bw="6">
<![CDATA[
multiplierMatrices_label7_begin:2  %zext_ln321_6 = zext i6 %j_0 to i15

]]></Node>
<StgValue><ssdm name="zext_ln321_6"/></StgValue>
</operation>

<operation id="28" st_id="3" stage="1" lat="1">
<core>NULL</core>
<MemPortIdVec></MemPortIdVec>
<condition id="-1">
<or_exp><and_exp><literal name="icmp_ln12" val="0"/>
</and_exp></or_exp>
</condition>

<Node id="29" bw="12" op_0_bw="6">
<![CDATA[
multiplierMatrices_label7_begin:3  %zext_ln321_7 = zext i6 %j_0 to i12

]]></Node>
<StgValue><ssdm name="zext_ln321_7"/></StgValue>
</operation>

<operation id="29" st_id="3" stage="1" lat="1">
<core>AddSub</core>
<MemPortIdVec></MemPortIdVec>
<condition id="-1">
<or_exp><and_exp><literal name="icmp_ln12" val="0"/>
</and_exp></or_exp>
</condition>

<Node id="30" bw="12" op_0_bw="12" op_1_bw="12">
<![CDATA[
multiplierMatrices_label7_begin:4  %add_ln321 = add i12 %zext_ln12, %zext_ln321_7

]]></Node>
<StgValue><ssdm name="add_ln321"/></StgValue>
</operation>

<operation id="30" st_id="3" stage="1" lat="1">
<core>NULL</core>
<MemPortIdVec></MemPortIdVec>
<condition id="-1">
<or_exp><and_exp><literal name="icmp_ln12" val="0"/>
</and_exp></or_exp>
</condition>

<Node id="31" bw="64" op_0_bw="12">
<![CDATA[
multiplierMatrices_label7_begin:5  %zext_ln321_8 = zext i12 %add_ln321 to i64

]]></Node>
<StgValue><ssdm name="zext_ln321_8"/></StgValue>
</operation>

<operation id="31" st_id="3" stage="1" lat="1">
<core>NULL</core>
<MemPortIdVec></MemPortIdVec>
<condition id="-1">
<or_exp><and_exp><literal name="icmp_ln12" val="0"/>
</and_exp></or_exp>
</condition>

<Node id="32" bw="10" op_0_bw="9" op_1_bw="64" op_2_bw="64">
<![CDATA[
multiplierMatrices_label7_begin:6  %matriceC_V_addr = getelementptr [1024 x i9]* %matriceC_V, i64 0, i64 %zext_ln321_8

]]></Node>
<StgValue><ssdm name="matriceC_V_addr"/></StgValue>
</operation>

<operation id="32" st_id="3" stage="1" lat="1">
<core>NULL</core>
<MemPortIdVec></MemPortIdVec>
<condition id="-1">
<or_exp><and_exp><literal name="icmp_ln12" val="0"/>
</and_exp></or_exp>
</condition>

<Node id="33" bw="0" op_0_bw="0">
<![CDATA[
multiplierMatrices_label7_begin:7  br label %3

]]></Node>
<StgValue><ssdm name="br_ln15"/></StgValue>
</operation>

<operation id="33" st_id="3" stage="1" lat="1">
<core>NULL</core>
<MemPortIdVec></MemPortIdVec>
<condition id="-1">
<or_exp><and_exp><literal name="icmp_ln12" val="1"/>
</and_exp></or_exp>
</condition>

<Node id="63" bw="32" op_0_bw="32" op_1_bw="0" op_2_bw="32">
<![CDATA[
multiplierMatrices_label6_end:0  %empty_15 = call i32 (...)* @_ssdm_op_SpecRegionEnd([26 x i8]* @p_str, i32 %tmp)

]]></Node>
<StgValue><ssdm name="empty_15"/></StgValue>
</operation>

<operation id="34" st_id="3" stage="1" lat="1">
<core>NULL</core>
<MemPortIdVec></MemPortIdVec>
<condition id="-1">
<or_exp><and_exp><literal name="icmp_ln12" val="1"/>
</and_exp></or_exp>
</condition>

<Node id="64" bw="0" op_0_bw="0">
<![CDATA[
multiplierMatrices_label6_end:1  br label %1

]]></Node>
<StgValue><ssdm name="br_ln10"/></StgValue>
</operation>
</state>

<state id="4" st_id="4">

<operation id="35" st_id="4" stage="1" lat="1">
<core>NULL</core>
<MemPortIdVec></MemPortIdVec>
<condition id="-1">
<or_exp><and_exp></and_exp></or_exp>
</condition>

<Node id="35" bw="9" op_0_bw="9" op_1_bw="0" op_2_bw="9" op_3_bw="0">
<![CDATA[
:0  %matriceC_V_load = phi i9 [ 0, %multiplierMatrices_label7_begin ], [ %add_ln700, %4 ]

]]></Node>
<StgValue><ssdm name="matriceC_V_load"/></StgValue>
</operation>

<operation id="36" st_id="4" stage="1" lat="1">
<core>NULL</core>
<MemPortIdVec></MemPortIdVec>
<condition id="-1">
<or_exp><and_exp></and_exp></or_exp>
</condition>

<Node id="36" bw="9" op_0_bw="9" op_1_bw="0" op_2_bw="9" op_3_bw="0">
<![CDATA[
:1  %k_0 = phi i9 [ 0, %multiplierMatrices_label7_begin ], [ %k, %4 ]

]]></Node>
<StgValue><ssdm name="k_0"/></StgValue>
</operation>

<operation id="37" st_id="4" stage="1" lat="1">
<core>RAM</core>
<MemPortIdVec></MemPortIdVec>
<condition id="-1">
<or_exp><and_exp></and_exp></or_exp>
</condition>

<Node id="37" bw="0" op_0_bw="9" op_1_bw="10">
<![CDATA[
:2  store i9 %matriceC_V_load, i9* %matriceC_V_addr, align 2

]]></Node>
<StgValue><ssdm name="store_ln18"/></StgValue>
</operation>

<operation id="38" st_id="4" stage="1" lat="1">
<core>Cmp</core>
<MemPortIdVec></MemPortIdVec>
<condition id="-1">
<or_exp><and_exp></and_exp></or_exp>
</condition>

<Node id="38" bw="1" op_0_bw="9" op_1_bw="9">
<![CDATA[
:3  %icmp_ln15 = icmp eq i9 %k_0, -256

]]></Node>
<StgValue><ssdm name="icmp_ln15"/></StgValue>
</operation>

<operation id="39" st_id="4" stage="1" lat="1">
<core>NULL</core>
<MemPortIdVec></MemPortIdVec>
<condition id="-1">
<or_exp><and_exp></and_exp></or_exp>
</condition>

<Node id="39" bw="32" op_0_bw="32" op_1_bw="64" op_2_bw="64" op_3_bw="64">
<![CDATA[
:4  %empty_13 = call i32 (...)* @_ssdm_op_SpecLoopTripCount(i64 256, i64 256, i64 256)

]]></Node>
<StgValue><ssdm name="empty_13"/></StgValue>
</operation>

<operation id="40" st_id="4" stage="1" lat="1">
<core>AddSub</core>
<MemPortIdVec></MemPortIdVec>
<condition id="-1">
<or_exp><and_exp></and_exp></or_exp>
</condition>

<Node id="40" bw="9" op_0_bw="9" op_1_bw="9">
<![CDATA[
:5  %k = add i9 %k_0, 1

]]></Node>
<StgValue><ssdm name="k"/></StgValue>
</operation>

<operation id="41" st_id="4" stage="1" lat="1">
<core>NULL</core>
<MemPortIdVec></MemPortIdVec>
<condition id="-1">
<or_exp><and_exp></and_exp></or_exp>
</condition>

<Node id="41" bw="0" op_0_bw="1" op_1_bw="0" op_2_bw="0">
<![CDATA[
:6  br i1 %icmp_ln15, label %multiplierMatrices_label7_end, label %4

]]></Node>
<StgValue><ssdm name="br_ln15"/></StgValue>
</operation>

<operation id="42" st_id="4" stage="1" lat="1">
<core>NULL</core>
<MemPortIdVec></MemPortIdVec>
<condition id="-1">
<or_exp><and_exp><literal name="icmp_ln15" val="0"/>
</and_exp></or_exp>
</condition>

<Node id="44" bw="15" op_0_bw="9">
<![CDATA[
:1  %zext_ln1355 = zext i9 %k_0 to i15

]]></Node>
<StgValue><ssdm name="zext_ln1355"/></StgValue>
</operation>

<operation id="43" st_id="4" stage="1" lat="1">
<core>AddSub</core>
<MemPortIdVec></MemPortIdVec>
<condition id="-1">
<or_exp><and_exp><literal name="icmp_ln15" val="0"/>
</and_exp></or_exp>
</condition>

<Node id="45" bw="15" op_0_bw="15" op_1_bw="15">
<![CDATA[
:2  %add_ln1355 = add i15 %zext_ln1355, %zext_ln321

]]></Node>
<StgValue><ssdm name="add_ln1355"/></StgValue>
</operation>

<operation id="44" st_id="4" stage="1" lat="1">
<core>NULL</core>
<MemPortIdVec></MemPortIdVec>
<condition id="-1">
<or_exp><and_exp><literal name="icmp_ln15" val="0"/>
</and_exp></or_exp>
</condition>

<Node id="46" bw="64" op_0_bw="15">
<![CDATA[
:3  %zext_ln1355_2 = zext i15 %add_ln1355 to i64

]]></Node>
<StgValue><ssdm name="zext_ln1355_2"/></StgValue>
</operation>

<operation id="45" st_id="4" stage="1" lat="1">
<core>NULL</core>
<MemPortIdVec></MemPortIdVec>
<condition id="-1">
<or_exp><and_exp><literal name="icmp_ln15" val="0"/>
</and_exp></or_exp>
</condition>

<Node id="47" bw="13" op_0_bw="1" op_1_bw="64" op_2_bw="64">
<![CDATA[
:4  %matriceA_V_addr = getelementptr [8192 x i1]* %matriceA_V, i64 0, i64 %zext_ln1355_2

]]></Node>
<StgValue><ssdm name="matriceA_V_addr"/></StgValue>
</operation>

<operation id="46" st_id="4" stage="1" lat="1">
<core>NULL</core>
<MemPortIdVec></MemPortIdVec>
<condition id="-1">
<or_exp><and_exp><literal name="icmp_ln15" val="0"/>
</and_exp></or_exp>
</condition>

<Node id="48" bw="14" op_0_bw="14" op_1_bw="9" op_2_bw="5">
<![CDATA[
:5  %tmp_7 = call i14 @_ssdm_op_BitConcatenate.i14.i9.i5(i9 %k_0, i5 0)

]]></Node>
<StgValue><ssdm name="tmp_7"/></StgValue>
</operation>

<operation id="47" st_id="4" stage="1" lat="1">
<core>NULL</core>
<MemPortIdVec></MemPortIdVec>
<condition id="-1">
<or_exp><and_exp><literal name="icmp_ln15" val="0"/>
</and_exp></or_exp>
</condition>

<Node id="49" bw="15" op_0_bw="14">
<![CDATA[
:6  %zext_ln1355_3 = zext i14 %tmp_7 to i15

]]></Node>
<StgValue><ssdm name="zext_ln1355_3"/></StgValue>
</operation>

<operation id="48" st_id="4" stage="1" lat="1">
<core>AddSub</core>
<MemPortIdVec></MemPortIdVec>
<condition id="-1">
<or_exp><and_exp><literal name="icmp_ln15" val="0"/>
</and_exp></or_exp>
</condition>

<Node id="50" bw="15" op_0_bw="15" op_1_bw="15">
<![CDATA[
:7  %add_ln1355_1 = add i15 %zext_ln321_6, %zext_ln1355_3

]]></Node>
<StgValue><ssdm name="add_ln1355_1"/></StgValue>
</operation>

<operation id="49" st_id="4" stage="1" lat="1">
<core>NULL</core>
<MemPortIdVec></MemPortIdVec>
<condition id="-1">
<or_exp><and_exp><literal name="icmp_ln15" val="0"/>
</and_exp></or_exp>
</condition>

<Node id="51" bw="64" op_0_bw="15">
<![CDATA[
:8  %zext_ln1355_4 = zext i15 %add_ln1355_1 to i64

]]></Node>
<StgValue><ssdm name="zext_ln1355_4"/></StgValue>
</operation>

<operation id="50" st_id="4" stage="1" lat="1">
<core>NULL</core>
<MemPortIdVec></MemPortIdVec>
<condition id="-1">
<or_exp><and_exp><literal name="icmp_ln15" val="0"/>
</and_exp></or_exp>
</condition>

<Node id="52" bw="13" op_0_bw="1" op_1_bw="64" op_2_bw="64">
<![CDATA[
:9  %matriceB_V_addr = getelementptr [8192 x i1]* %matriceB_V, i64 0, i64 %zext_ln1355_4

]]></Node>
<StgValue><ssdm name="matriceB_V_addr"/></StgValue>
</operation>

<operation id="51" st_id="4" stage="2" lat="2">
<core>RAM</core>
<MemPortIdVec></MemPortIdVec>
<condition id="-1">
<or_exp><and_exp><literal name="icmp_ln15" val="0"/>
</and_exp></or_exp>
</condition>

<Node id="53" bw="1" op_0_bw="13">
<![CDATA[
:10  %lhs_V = load i1* %matriceA_V_addr, align 1

]]></Node>
<StgValue><ssdm name="lhs_V"/></StgValue>
</operation>

<operation id="52" st_id="4" stage="2" lat="2">
<core>RAM</core>
<MemPortIdVec></MemPortIdVec>
<condition id="-1">
<or_exp><and_exp><literal name="icmp_ln15" val="0"/>
</and_exp></or_exp>
</condition>

<Node id="54" bw="1" op_0_bw="13">
<![CDATA[
:11  %rhs_V = load i1* %matriceB_V_addr, align 1

]]></Node>
<StgValue><ssdm name="rhs_V"/></StgValue>
</operation>

<operation id="53" st_id="4" stage="1" lat="1">
<core>NULL</core>
<MemPortIdVec></MemPortIdVec>
<condition id="-1">
<or_exp><and_exp><literal name="icmp_ln15" val="1"/>
</and_exp></or_exp>
</condition>

<Node id="60" bw="32" op_0_bw="32" op_1_bw="0" op_2_bw="32">
<![CDATA[
multiplierMatrices_label7_end:0  %empty_14 = call i32 (...)* @_ssdm_op_SpecRegionEnd([26 x i8]* @p_str1, i32 %tmp_2)

]]></Node>
<StgValue><ssdm name="empty_14"/></StgValue>
</operation>

<operation id="54" st_id="4" stage="1" lat="1">
<core>NULL</core>
<MemPortIdVec></MemPortIdVec>
<condition id="-1">
<or_exp><and_exp><literal name="icmp_ln15" val="1"/>
</and_exp></or_exp>
</condition>

<Node id="61" bw="0" op_0_bw="0">
<![CDATA[
multiplierMatrices_label7_end:1  br label %2

]]></Node>
<StgValue><ssdm name="br_ln12"/></StgValue>
</operation>
</state>

<state id="5" st_id="5">

<operation id="55" st_id="5" stage="1" lat="1">
<core>NULL</core>
<MemPortIdVec></MemPortIdVec>
<condition id="-1">
<or_exp><and_exp></and_exp></or_exp>
</condition>

<Node id="43" bw="0" op_0_bw="0" op_1_bw="0">
<![CDATA[
:0  call void (...)* @_ssdm_op_SpecLoopName([15 x i8]* @p_str2) nounwind

]]></Node>
<StgValue><ssdm name="specloopname_ln16"/></StgValue>
</operation>

<operation id="56" st_id="5" stage="1" lat="2">
<core>RAM</core>
<MemPortIdVec></MemPortIdVec>
<condition id="-1">
<or_exp><and_exp></and_exp></or_exp>
</condition>

<Node id="53" bw="1" op_0_bw="13">
<![CDATA[
:10  %lhs_V = load i1* %matriceA_V_addr, align 1

]]></Node>
<StgValue><ssdm name="lhs_V"/></StgValue>
</operation>

<operation id="57" st_id="5" stage="1" lat="2">
<core>RAM</core>
<MemPortIdVec></MemPortIdVec>
<condition id="-1">
<or_exp><and_exp></and_exp></or_exp>
</condition>

<Node id="54" bw="1" op_0_bw="13">
<![CDATA[
:11  %rhs_V = load i1* %matriceB_V_addr, align 1

]]></Node>
<StgValue><ssdm name="rhs_V"/></StgValue>
</operation>

<operation id="58" st_id="5" stage="1" lat="1">
<core>LogicGate</core>
<MemPortIdVec></MemPortIdVec>
<condition id="-1">
<or_exp><and_exp></and_exp></or_exp>
</condition>

<Node id="55" bw="1" op_0_bw="1" op_1_bw="1">
<![CDATA[
:12  %ret_V = and i1 %lhs_V, %rhs_V

]]></Node>
<StgValue><ssdm name="ret_V"/></StgValue>
</operation>

<operation id="59" st_id="5" stage="1" lat="1">
<core>NULL</core>
<MemPortIdVec></MemPortIdVec>
<condition id="-1">
<or_exp><and_exp></and_exp></or_exp>
</condition>

<Node id="56" bw="9" op_0_bw="1">
<![CDATA[
:13  %Entree_V = zext i1 %ret_V to i9

]]></Node>
<StgValue><ssdm name="Entree_V"/></StgValue>
</operation>

<operation id="60" st_id="5" stage="1" lat="1">
<core>AddSub</core>
<MemPortIdVec></MemPortIdVec>
<condition id="-1">
<or_exp><and_exp></and_exp></or_exp>
</condition>

<Node id="57" bw="9" op_0_bw="9" op_1_bw="9">
<![CDATA[
:14  %add_ln700 = add i9 %matriceC_V_load, %Entree_V

]]></Node>
<StgValue><ssdm name="add_ln700"/></StgValue>
</operation>

<operation id="61" st_id="5" stage="1" lat="1">
<core>NULL</core>
<MemPortIdVec></MemPortIdVec>
<condition id="-1">
<or_exp><and_exp></and_exp></or_exp>
</condition>

<Node id="58" bw="0" op_0_bw="0">
<![CDATA[
:15  br label %3

]]></Node>
<StgValue><ssdm name="br_ln15"/></StgValue>
</operation>
</state>
</state_list>


<ports>
</ports>


<dataflows>
</dataflows>


</stg>
