<stg><name>scale</name>


<trans_list>

<trans id="30" from="1" to="2">
<condition id="-1">
<or_exp><and_exp></and_exp></or_exp>
</condition>
</trans>

<trans id="31" from="2" to="3">
<condition id="-1">
<or_exp><and_exp><literal name="icmp_ln43" val="0"/>
</and_exp></or_exp>
</condition>
</trans>

<trans id="32" from="3" to="3">
<condition id="-1">
<or_exp><and_exp><literal name="icmp_ln45" val="0"/>
</and_exp></or_exp>
</condition>
</trans>

<trans id="33" from="3" to="2">
<condition id="-1">
<or_exp><and_exp><literal name="icmp_ln45" val="1"/>
</and_exp></or_exp>
</condition>
</trans>
</trans_list>



<state_list>

<state id="1" st_id="1">

<operation id="4" st_id="1" stage="1" lat="1">
<core>NULL</core>
<MemPortIdVec></MemPortIdVec>
<condition id="-1">
<or_exp><and_exp></and_exp></or_exp>
</condition>

<Node id="2" bw="0" op_0_bw="0">
<![CDATA[
:0  br label %1

]]></Node>
<StgValue><ssdm name="br_ln43"/></StgValue>
</operation>
</state>

<state id="2" st_id="2">

<operation id="5" st_id="2" stage="1" lat="1">
<core>NULL</core>
<MemPortIdVec></MemPortIdVec>
<condition id="-1">
<or_exp><and_exp></and_exp></or_exp>
</condition>

<Node id="4" bw="9" op_0_bw="9" op_1_bw="0" op_2_bw="9" op_3_bw="0">
<![CDATA[
:0  %i_0 = phi i9 [ 0, %0 ], [ %i, %multiplierMatrices_label6_end ]

]]></Node>
<StgValue><ssdm name="i_0"/></StgValue>
</operation>

<operation id="6" st_id="2" stage="1" lat="1">
<core>Cmp</core>
<MemPortIdVec></MemPortIdVec>
<condition id="-1">
<or_exp><and_exp></and_exp></or_exp>
</condition>

<Node id="5" bw="1" op_0_bw="9" op_1_bw="9">
<![CDATA[
:1  %icmp_ln43 = icmp eq i9 %i_0, -256

]]></Node>
<StgValue><ssdm name="icmp_ln43"/></StgValue>
</operation>

<operation id="7" st_id="2" stage="1" lat="1">
<core>NULL</core>
<MemPortIdVec></MemPortIdVec>
<condition id="-1">
<or_exp><and_exp></and_exp></or_exp>
</condition>

<Node id="6" bw="32" op_0_bw="32" op_1_bw="64" op_2_bw="64" op_3_bw="64">
<![CDATA[
:2  %empty = call i32 (...)* @_ssdm_op_SpecLoopTripCount(i64 256, i64 256, i64 256)

]]></Node>
<StgValue><ssdm name="empty"/></StgValue>
</operation>

<operation id="8" st_id="2" stage="1" lat="1">
<core>AddSub</core>
<MemPortIdVec></MemPortIdVec>
<condition id="-1">
<or_exp><and_exp></and_exp></or_exp>
</condition>

<Node id="7" bw="9" op_0_bw="9" op_1_bw="9">
<![CDATA[
:3  %i = add i9 %i_0, 1

]]></Node>
<StgValue><ssdm name="i"/></StgValue>
</operation>

<operation id="9" st_id="2" stage="1" lat="1">
<core>NULL</core>
<MemPortIdVec></MemPortIdVec>
<condition id="-1">
<or_exp><and_exp></and_exp></or_exp>
</condition>

<Node id="8" bw="0" op_0_bw="1" op_1_bw="0" op_2_bw="0">
<![CDATA[
:4  br i1 %icmp_ln43, label %3, label %multiplierMatrices_label6_begin

]]></Node>
<StgValue><ssdm name="br_ln43"/></StgValue>
</operation>

<operation id="10" st_id="2" stage="1" lat="1">
<core>NULL</core>
<MemPortIdVec></MemPortIdVec>
<condition id="-1">
<or_exp><and_exp><literal name="icmp_ln43" val="0"/>
</and_exp></or_exp>
</condition>

<Node id="10" bw="0" op_0_bw="0" op_1_bw="0">
<![CDATA[
multiplierMatrices_label6_begin:0  call void (...)* @_ssdm_op_SpecLoopName([26 x i8]* @p_str) nounwind

]]></Node>
<StgValue><ssdm name="specloopname_ln44"/></StgValue>
</operation>

<operation id="11" st_id="2" stage="1" lat="1">
<core>NULL</core>
<MemPortIdVec></MemPortIdVec>
<condition id="-1">
<or_exp><and_exp><literal name="icmp_ln43" val="0"/>
</and_exp></or_exp>
</condition>

<Node id="11" bw="32" op_0_bw="32" op_1_bw="0">
<![CDATA[
multiplierMatrices_label6_begin:1  %tmp = call i32 (...)* @_ssdm_op_SpecRegionBegin([26 x i8]* @p_str)

]]></Node>
<StgValue><ssdm name="tmp"/></StgValue>
</operation>

<operation id="12" st_id="2" stage="1" lat="1">
<core>NULL</core>
<MemPortIdVec></MemPortIdVec>
<condition id="-1">
<or_exp><and_exp><literal name="icmp_ln43" val="0"/>
</and_exp></or_exp>
</condition>

<Node id="12" bw="14" op_0_bw="14" op_1_bw="9" op_2_bw="5">
<![CDATA[
multiplierMatrices_label6_begin:2  %tmp_2 = call i14 @_ssdm_op_BitConcatenate.i14.i9.i5(i9 %i_0, i5 0)

]]></Node>
<StgValue><ssdm name="tmp_2"/></StgValue>
</operation>

<operation id="13" st_id="2" stage="1" lat="1">
<core>NULL</core>
<MemPortIdVec></MemPortIdVec>
<condition id="-1">
<or_exp><and_exp><literal name="icmp_ln43" val="0"/>
</and_exp></or_exp>
</condition>

<Node id="13" bw="15" op_0_bw="14">
<![CDATA[
multiplierMatrices_label6_begin:3  %zext_ln45 = zext i14 %tmp_2 to i15

]]></Node>
<StgValue><ssdm name="zext_ln45"/></StgValue>
</operation>

<operation id="14" st_id="2" stage="1" lat="1">
<core>NULL</core>
<MemPortIdVec></MemPortIdVec>
<condition id="-1">
<or_exp><and_exp><literal name="icmp_ln43" val="0"/>
</and_exp></or_exp>
</condition>

<Node id="14" bw="0" op_0_bw="0">
<![CDATA[
multiplierMatrices_label6_begin:4  br label %2

]]></Node>
<StgValue><ssdm name="br_ln45"/></StgValue>
</operation>

<operation id="15" st_id="2" stage="1" lat="1">
<core>NULL</core>
<MemPortIdVec></MemPortIdVec>
<condition id="-1">
<or_exp><and_exp><literal name="icmp_ln43" val="1"/>
</and_exp></or_exp>
</condition>

<Node id="33" bw="0">
<![CDATA[
:0  ret void

]]></Node>
<StgValue><ssdm name="ret_ln50"/></StgValue>
</operation>
</state>

<state id="3" st_id="3">

<operation id="16" st_id="3" stage="1" lat="1">
<core>NULL</core>
<MemPortIdVec></MemPortIdVec>
<condition id="-1">
<or_exp><and_exp></and_exp></or_exp>
</condition>

<Node id="16" bw="6" op_0_bw="6" op_1_bw="0" op_2_bw="6" op_3_bw="0">
<![CDATA[
:0  %j_0 = phi i6 [ 0, %multiplierMatrices_label6_begin ], [ %j, %_ZN8ap_fixedILi14ELi0EL9ap_q_mode5EL9ap_o_mode3ELi0EEC1ILi15ELb1EEERK11ap_int_baseIXT_EXT0_EE.exit ]

]]></Node>
<StgValue><ssdm name="j_0"/></StgValue>
</operation>

<operation id="17" st_id="3" stage="1" lat="1">
<core>Cmp</core>
<MemPortIdVec></MemPortIdVec>
<condition id="-1">
<or_exp><and_exp></and_exp></or_exp>
</condition>

<Node id="17" bw="1" op_0_bw="6" op_1_bw="6">
<![CDATA[
:1  %icmp_ln45 = icmp eq i6 %j_0, -32

]]></Node>
<StgValue><ssdm name="icmp_ln45"/></StgValue>
</operation>

<operation id="18" st_id="3" stage="1" lat="1">
<core>NULL</core>
<MemPortIdVec></MemPortIdVec>
<condition id="-1">
<or_exp><and_exp></and_exp></or_exp>
</condition>

<Node id="18" bw="32" op_0_bw="32" op_1_bw="64" op_2_bw="64" op_3_bw="64">
<![CDATA[
:2  %empty_6 = call i32 (...)* @_ssdm_op_SpecLoopTripCount(i64 32, i64 32, i64 32)

]]></Node>
<StgValue><ssdm name="empty_6"/></StgValue>
</operation>

<operation id="19" st_id="3" stage="1" lat="1">
<core>AddSub</core>
<MemPortIdVec></MemPortIdVec>
<condition id="-1">
<or_exp><and_exp></and_exp></or_exp>
</condition>

<Node id="19" bw="6" op_0_bw="6" op_1_bw="6">
<![CDATA[
:3  %j = add i6 %j_0, 1

]]></Node>
<StgValue><ssdm name="j"/></StgValue>
</operation>

<operation id="20" st_id="3" stage="1" lat="1">
<core>NULL</core>
<MemPortIdVec></MemPortIdVec>
<condition id="-1">
<or_exp><and_exp></and_exp></or_exp>
</condition>

<Node id="20" bw="0" op_0_bw="1" op_1_bw="0" op_2_bw="0">
<![CDATA[
:4  br i1 %icmp_ln45, label %multiplierMatrices_label6_end, label %_ZN8ap_fixedILi14ELi0EL9ap_q_mode5EL9ap_o_mode3ELi0EEC1ILi15ELb1EEERK11ap_int_baseIXT_EXT0_EE.exit

]]></Node>
<StgValue><ssdm name="br_ln45"/></StgValue>
</operation>

<operation id="21" st_id="3" stage="1" lat="1">
<core>NULL</core>
<MemPortIdVec></MemPortIdVec>
<condition id="-1">
<or_exp><and_exp><literal name="icmp_ln45" val="0"/>
</and_exp></or_exp>
</condition>

<Node id="22" bw="0" op_0_bw="0" op_1_bw="0">
<![CDATA[
_ZN8ap_fixedILi14ELi0EL9ap_q_mode5EL9ap_o_mode3ELi0EEC1ILi15ELb1EEERK11ap_int_baseIXT_EXT0_EE.exit:0  call void (...)* @_ssdm_op_SpecLoopName([26 x i8]* @p_str1) nounwind

]]></Node>
<StgValue><ssdm name="specloopname_ln46"/></StgValue>
</operation>

<operation id="22" st_id="3" stage="1" lat="1">
<core>NULL</core>
<MemPortIdVec></MemPortIdVec>
<condition id="-1">
<or_exp><and_exp><literal name="icmp_ln45" val="0"/>
</and_exp></or_exp>
</condition>

<Node id="23" bw="15" op_0_bw="6">
<![CDATA[
_ZN8ap_fixedILi14ELi0EL9ap_q_mode5EL9ap_o_mode3ELi0EEC1ILi15ELb1EEERK11ap_int_baseIXT_EXT0_EE.exit:1  %zext_ln203 = zext i6 %j_0 to i15

]]></Node>
<StgValue><ssdm name="zext_ln203"/></StgValue>
</operation>

<operation id="23" st_id="3" stage="1" lat="1">
<core>AddSub</core>
<MemPortIdVec></MemPortIdVec>
<condition id="-1">
<or_exp><and_exp><literal name="icmp_ln45" val="0"/>
</and_exp></or_exp>
</condition>

<Node id="24" bw="15" op_0_bw="15" op_1_bw="15">
<![CDATA[
_ZN8ap_fixedILi14ELi0EL9ap_q_mode5EL9ap_o_mode3ELi0EEC1ILi15ELb1EEERK11ap_int_baseIXT_EXT0_EE.exit:2  %add_ln203 = add i15 %zext_ln45, %zext_ln203

]]></Node>
<StgValue><ssdm name="add_ln203"/></StgValue>
</operation>

<operation id="24" st_id="3" stage="1" lat="1">
<core>NULL</core>
<MemPortIdVec></MemPortIdVec>
<condition id="-1">
<or_exp><and_exp><literal name="icmp_ln45" val="0"/>
</and_exp></or_exp>
</condition>

<Node id="25" bw="64" op_0_bw="15">
<![CDATA[
_ZN8ap_fixedILi14ELi0EL9ap_q_mode5EL9ap_o_mode3ELi0EEC1ILi15ELb1EEERK11ap_int_baseIXT_EXT0_EE.exit:3  %zext_ln203_1 = zext i15 %add_ln203 to i64

]]></Node>
<StgValue><ssdm name="zext_ln203_1"/></StgValue>
</operation>

<operation id="25" st_id="3" stage="1" lat="1">
<core>NULL</core>
<MemPortIdVec></MemPortIdVec>
<condition id="-1">
<or_exp><and_exp><literal name="icmp_ln45" val="0"/>
</and_exp></or_exp>
</condition>

<Node id="26" bw="13" op_0_bw="1" op_1_bw="64" op_2_bw="64">
<![CDATA[
_ZN8ap_fixedILi14ELi0EL9ap_q_mode5EL9ap_o_mode3ELi0EEC1ILi15ELb1EEERK11ap_int_baseIXT_EXT0_EE.exit:4  %matriceOUT_V_addr = getelementptr [8192 x i1]* %matriceOUT_V, i64 0, i64 %zext_ln203_1

]]></Node>
<StgValue><ssdm name="matriceOUT_V_addr"/></StgValue>
</operation>

<operation id="26" st_id="3" stage="1" lat="1">
<core>RAM</core>
<MemPortIdVec>0 </MemPortIdVec>
<condition id="-1">
<or_exp><and_exp><literal name="icmp_ln45" val="0"/>
</and_exp></or_exp>
</condition>

<Node id="27" bw="0" op_0_bw="1" op_1_bw="13">
<![CDATA[
_ZN8ap_fixedILi14ELi0EL9ap_q_mode5EL9ap_o_mode3ELi0EEC1ILi15ELb1EEERK11ap_int_baseIXT_EXT0_EE.exit:5  store i1 false, i1* %matriceOUT_V_addr, align 1

]]></Node>
<StgValue><ssdm name="store_ln47"/></StgValue>
</operation>

<operation id="27" st_id="3" stage="1" lat="1">
<core>NULL</core>
<MemPortIdVec></MemPortIdVec>
<condition id="-1">
<or_exp><and_exp><literal name="icmp_ln45" val="0"/>
</and_exp></or_exp>
</condition>

<Node id="28" bw="0" op_0_bw="0">
<![CDATA[
_ZN8ap_fixedILi14ELi0EL9ap_q_mode5EL9ap_o_mode3ELi0EEC1ILi15ELb1EEERK11ap_int_baseIXT_EXT0_EE.exit:6  br label %2

]]></Node>
<StgValue><ssdm name="br_ln45"/></StgValue>
</operation>

<operation id="28" st_id="3" stage="1" lat="1">
<core>NULL</core>
<MemPortIdVec></MemPortIdVec>
<condition id="-1">
<or_exp><and_exp><literal name="icmp_ln45" val="1"/>
</and_exp></or_exp>
</condition>

<Node id="30" bw="32" op_0_bw="32" op_1_bw="0" op_2_bw="32">
<![CDATA[
multiplierMatrices_label6_end:0  %empty_7 = call i32 (...)* @_ssdm_op_SpecRegionEnd([26 x i8]* @p_str, i32 %tmp)

]]></Node>
<StgValue><ssdm name="empty_7"/></StgValue>
</operation>

<operation id="29" st_id="3" stage="1" lat="1">
<core>NULL</core>
<MemPortIdVec></MemPortIdVec>
<condition id="-1">
<or_exp><and_exp><literal name="icmp_ln45" val="1"/>
</and_exp></or_exp>
</condition>

<Node id="31" bw="0" op_0_bw="0">
<![CDATA[
multiplierMatrices_label6_end:1  br label %1

]]></Node>
<StgValue><ssdm name="br_ln43"/></StgValue>
</operation>
</state>
</state_list>


<ports>
<port id="34" name="matriceOUT_V" dir="1" iftype="1">
<core>RAM</core><StgValue><ssdm name="matriceOUT_V"/><MemPortTyVec>0 3 </MemPortTyVec>
</StgValue>
</port>
</ports>


<dataflows>
<dataflow id="36" from="StgValue_35" to="i_0" fromId="35" toId="5">
<condition id="-1">
<or_exp><and_exp></and_exp></or_exp>
</condition>
</dataflow>
<dataflow id="37" from="br_ln43" to="i_0" fromId="4" toId="5">
</dataflow>
<dataflow id="38" from="i" to="i_0" fromId="8" toId="5">
<BackEdge/>
<condition id="-1">
<or_exp><and_exp><literal name="icmp_ln45" val="1"/>
</and_exp></or_exp>
</condition>
</dataflow>
<dataflow id="39" from="br_ln43" to="i_0" fromId="29" toId="5">
<BackEdge/>
</dataflow>
<dataflow id="40" from="i_0" to="icmp_ln43" fromId="5" toId="6">
</dataflow>
<dataflow id="42" from="StgValue_41" to="icmp_ln43" fromId="41" toId="6">
</dataflow>
<dataflow id="44" from="_ssdm_op_SpecLoopTripCount" to="empty" fromId="43" toId="7">
</dataflow>
<dataflow id="46" from="StgValue_45" to="empty" fromId="45" toId="7">
</dataflow>
<dataflow id="47" from="StgValue_45" to="empty" fromId="45" toId="7">
</dataflow>
<dataflow id="48" from="StgValue_45" to="empty" fromId="45" toId="7">
</dataflow>
<dataflow id="49" from="i_0" to="i" fromId="5" toId="8">
</dataflow>
<dataflow id="51" from="StgValue_50" to="i" fromId="50" toId="8">
</dataflow>
<dataflow id="52" from="icmp_ln43" to="br_ln43" fromId="6" toId="9">
</dataflow>
<dataflow id="54" from="_ssdm_op_SpecLoopName" to="specloopname_ln44" fromId="53" toId="10">
</dataflow>
<dataflow id="56" from="p_str" to="specloopname_ln44" fromId="55" toId="10">
</dataflow>
<dataflow id="58" from="_ssdm_op_SpecRegionBegin" to="tmp" fromId="57" toId="11">
</dataflow>
<dataflow id="59" from="p_str" to="tmp" fromId="55" toId="11">
</dataflow>
<dataflow id="61" from="_ssdm_op_BitConcatenate.i14.i9.i5" to="tmp_2" fromId="60" toId="12">
</dataflow>
<dataflow id="62" from="i_0" to="tmp_2" fromId="5" toId="12">
</dataflow>
<dataflow id="64" from="StgValue_63" to="tmp_2" fromId="63" toId="12">
</dataflow>
<dataflow id="65" from="tmp_2" to="zext_ln45" fromId="12" toId="13">
</dataflow>
<dataflow id="67" from="StgValue_66" to="j_0" fromId="66" toId="16">
<condition id="-1">
<or_exp><and_exp><literal name="icmp_ln43" val="0"/>
</and_exp></or_exp>
</condition>
</dataflow>
<dataflow id="68" from="br_ln45" to="j_0" fromId="14" toId="16">
</dataflow>
<dataflow id="69" from="j" to="j_0" fromId="19" toId="16">
<BackEdge/>
<condition id="-1">
<or_exp><and_exp><literal name="icmp_ln45" val="0"/>
</and_exp></or_exp>
</condition>
</dataflow>
<dataflow id="70" from="br_ln45" to="j_0" fromId="27" toId="16">
<BackEdge/>
</dataflow>
<dataflow id="71" from="j_0" to="icmp_ln45" fromId="16" toId="17">
</dataflow>
<dataflow id="73" from="StgValue_72" to="icmp_ln45" fromId="72" toId="17">
</dataflow>
<dataflow id="74" from="_ssdm_op_SpecLoopTripCount" to="empty_6" fromId="43" toId="18">
</dataflow>
<dataflow id="76" from="StgValue_75" to="empty_6" fromId="75" toId="18">
</dataflow>
<dataflow id="77" from="StgValue_75" to="empty_6" fromId="75" toId="18">
</dataflow>
<dataflow id="78" from="StgValue_75" to="empty_6" fromId="75" toId="18">
</dataflow>
<dataflow id="79" from="j_0" to="j" fromId="16" toId="19">
</dataflow>
<dataflow id="81" from="StgValue_80" to="j" fromId="80" toId="19">
</dataflow>
<dataflow id="82" from="icmp_ln45" to="br_ln45" fromId="17" toId="20">
</dataflow>
<dataflow id="83" from="_ssdm_op_SpecLoopName" to="specloopname_ln46" fromId="53" toId="21">
</dataflow>
<dataflow id="85" from="p_str1" to="specloopname_ln46" fromId="84" toId="21">
</dataflow>
<dataflow id="86" from="j_0" to="zext_ln203" fromId="16" toId="22">
</dataflow>
<dataflow id="87" from="zext_ln45" to="add_ln203" fromId="13" toId="23">
</dataflow>
<dataflow id="88" from="zext_ln203" to="add_ln203" fromId="22" toId="23">
</dataflow>
<dataflow id="89" from="add_ln203" to="zext_ln203_1" fromId="23" toId="24">
</dataflow>
<dataflow id="90" from="matriceOUT_V" to="matriceOUT_V_addr" fromId="34" toId="25">
</dataflow>
<dataflow id="92" from="StgValue_91" to="matriceOUT_V_addr" fromId="91" toId="25">
</dataflow>
<dataflow id="93" from="zext_ln203_1" to="matriceOUT_V_addr" fromId="24" toId="25">
</dataflow>
<dataflow id="95" from="StgValue_94" to="store_ln47" fromId="94" toId="26">
</dataflow>
<dataflow id="96" from="matriceOUT_V_addr" to="store_ln47" fromId="25" toId="26">
</dataflow>
<dataflow id="98" from="_ssdm_op_SpecRegionEnd" to="empty_7" fromId="97" toId="28">
</dataflow>
<dataflow id="99" from="p_str" to="empty_7" fromId="55" toId="28">
</dataflow>
<dataflow id="100" from="tmp" to="empty_7" fromId="11" toId="28">
</dataflow>
<dataflow id="101" from="icmp_ln43" to="StgValue_2" fromId="6" toId="2">
</dataflow>
<dataflow id="102" from="icmp_ln45" to="StgValue_3" fromId="17" toId="3">
</dataflow>
</dataflows>


</stg>
