<profile>

<section name = "Vivado HLS Report for 'scale'" level="0">
<item name = "Date">Thu Dec 19 10:27:28 2024
</item>
<item name = "Version">2019.2 (Build 2704478 on Wed Nov 06 22:10:23 MST 2019)</item>
<item name = "Project">Matrice_binaire</item>
<item name = "Solution">solution1</item>
<item name = "Product family">artix7</item>
<item name = "Target device">xc7a200t-sbv484-1</item>
</section>

<section name = "Performance Estimates" level="0">
<item name = "Timing">
<section name = "" level="1">
<item name = "Summary"><table name="" hasTotal="0">
<keys size="4">Clock, Target, Estimated, Uncertainty</keys>
<column name="ap_clk">10.00 ns, 5.395 ns, 1.25 ns</column>
</table>
</item>
</section>
</item>
<item name = "Latency">
<section name = "" level="1">
<item name = "Summary"><table name="" hasTotal="0">
<keys size="8">, min, max, min, max, min, max, Type</keys>
<column name="">8705, 8705, 87.050 us, 87.050 us, 8705, 8705, none</column>
</table>
</item>
<item name = "Detail">
<section name = "" level="1">
<item name = "Instance"><table name="" hasTotal="0">
<keys size="9">Instance, Module, min, max, min, max, min, max, Type</keys>
</table>
</item>
<item name = "Loop"><table name="" hasTotal="0">
<keys size="8">Loop Name, min, max, Latency, achieved, target, Count, Pipelined</keys>
<column name="- multiplierMatrices_label6">8704, 8704, 34, -, -, 256, no</column>
<column name=" + multiplierMatrices_label7">32, 32, 1, -, -, 32, no</column>
</table>
</item>
</section>
</item>
</section>
</item>
</section>

<section name = "Utilization Estimates" level="0">
<item name = "Summary"><table name="" hasTotal="1">
<keys size="6">Name, BRAM_18K, DSP48E, FF, LUT, URAM</keys>
<column name="DSP">-, -, -, -, -</column>
<column name="Expression">-, -, 0, 77, -</column>
<column name="FIFO">-, -, -, -, -</column>
<column name="Instance">-, -, -, -, -</column>
<column name="Memory">-, -, -, -, -</column>
<column name="Multiplexer">-, -, -, 39, -</column>
<column name="Register">-, -, 36, -, -</column>
<specialColumn name="Available">730, 740, 269200, 134600, 0</specialColumn>
<specialColumn name="Utilization (%)">0, 0, ~0, ~0, 0</specialColumn>
</table>
</item>
<item name = "Detail">
<section name = "" level="1">
<item name = "Instance"><table name="" hasTotal="1">
<keys size="7">Instance, Module, BRAM_18K, DSP48E, FF, LUT, URAM</keys>
</table>
</item>
<item name = "DSP48E"><table name="" hasTotal="0">
<keys size="3">Instance, Module, Expression</keys>
</table>
</item>
<item name = "Memory"><table name="" hasTotal="1">
<keys size="10">Memory, Module, BRAM_18K, FF, LUT, URAM, Words, Bits, Banks, W*Bits*Banks</keys>
</table>
</item>
<item name = "FIFO"><table name="" hasTotal="1">
<keys size="8">Name, BRAM_18K, FF, LUT, URAM, Depth, Bits, Size:D*B</keys>
</table>
</item>
<item name = "Expression"><table name="" hasTotal="1">
<keys size="7">Variable Name, Operation, DSP48E, FF, LUT, Bitwidth P0, Bitwidth P1</keys>
<column name="add_ln203_fu_114_p2">+, 0, 0, 22, 15, 15</column>
<column name="i_fu_80_p2">+, 0, 0, 16, 9, 1</column>
<column name="j_fu_104_p2">+, 0, 0, 15, 6, 1</column>
<column name="icmp_ln43_fu_74_p2">icmp, 0, 0, 13, 9, 10</column>
<column name="icmp_ln45_fu_98_p2">icmp, 0, 0, 11, 6, 7</column>
</table>
</item>
<item name = "Multiplexer"><table name="" hasTotal="1">
<keys size="5">Name, LUT, Input Size, Bits, Total Bits</keys>
<column name="ap_NS_fsm">21, 4, 1, 4</column>
<column name="i_0_reg_52">9, 2, 9, 18</column>
<column name="j_0_reg_63">9, 2, 6, 12</column>
</table>
</item>
<item name = "Register"><table name="" hasTotal="1">
<keys size="5">Name, FF, LUT, Bits, Const Bits</keys>
<column name="ap_CS_fsm">3, 0, 3, 0</column>
<column name="i_0_reg_52">9, 0, 9, 0</column>
<column name="i_reg_127">9, 0, 9, 0</column>
<column name="j_0_reg_63">6, 0, 6, 0</column>
<column name="zext_ln45_reg_132">9, 0, 15, 6</column>
</table>
</item>
</section>
</item>
</section>

<section name = "Interface" level="0">
<item name = "Summary"><table name="" hasTotal="0">
<keys size="6">RTL Ports, Dir, Bits, Protocol, Source Object, C Type</keys>
<column name="ap_clk">in, 1, ap_ctrl_hs, scale, return value</column>
<column name="ap_rst">in, 1, ap_ctrl_hs, scale, return value</column>
<column name="ap_start">in, 1, ap_ctrl_hs, scale, return value</column>
<column name="ap_done">out, 1, ap_ctrl_hs, scale, return value</column>
<column name="ap_idle">out, 1, ap_ctrl_hs, scale, return value</column>
<column name="ap_ready">out, 1, ap_ctrl_hs, scale, return value</column>
<column name="matriceOUT_V_address0">out, 13, ap_memory, matriceOUT_V, array</column>
<column name="matriceOUT_V_ce0">out, 1, ap_memory, matriceOUT_V, array</column>
<column name="matriceOUT_V_we0">out, 1, ap_memory, matriceOUT_V, array</column>
<column name="matriceOUT_V_d0">out, 1, ap_memory, matriceOUT_V, array</column>
</table>
</item>
</section>
</profile>
