<stg><name>transposeMatrix</name>


<trans_list>

<trans id="36" from="1" to="2">
<condition id="-1">
<or_exp><and_exp></and_exp></or_exp>
</condition>
</trans>

<trans id="37" from="2" to="3">
<condition id="-1">
<or_exp><and_exp><literal name="icmp_ln137" val="0"/>
</and_exp></or_exp>
</condition>
</trans>

<trans id="38" from="3" to="4">
<condition id="-1">
<or_exp><and_exp><literal name="icmp_ln139" val="0"/>
</and_exp></or_exp>
</condition>
</trans>

<trans id="41" from="3" to="2">
<condition id="-1">
<or_exp><and_exp><literal name="icmp_ln139" val="1"/>
</and_exp></or_exp>
</condition>
</trans>

<trans id="40" from="4" to="3">
<condition id="-1">
<or_exp><and_exp></and_exp></or_exp>
</condition>
</trans>
</trans_list>



<state_list>

<state id="1" st_id="1">

<operation id="5" st_id="1" stage="1" lat="1">
<core>NULL</core>
<MemPortIdVec></MemPortIdVec>
<condition id="-1">
<or_exp><and_exp></and_exp></or_exp>
</condition>

<Node id="3" bw="0" op_0_bw="0">
<![CDATA[
:0  br label %.loopexit

]]></Node>
<StgValue><ssdm name="br_ln137"/></StgValue>
</operation>
</state>

<state id="2" st_id="2">

<operation id="6" st_id="2" stage="1" lat="1">
<core>NULL</core>
<MemPortIdVec></MemPortIdVec>
<condition id="-1">
<or_exp><and_exp></and_exp></or_exp>
</condition>

<Node id="5" bw="9" op_0_bw="9" op_1_bw="0" op_2_bw="9" op_3_bw="0">
<![CDATA[
.loopexit:0  %i_0 = phi i9 [ 0, %0 ], [ %i, %.loopexit.loopexit ]

]]></Node>
<StgValue><ssdm name="i_0"/></StgValue>
</operation>

<operation id="7" st_id="2" stage="1" lat="1">
<core>Cmp</core>
<MemPortIdVec></MemPortIdVec>
<condition id="-1">
<or_exp><and_exp></and_exp></or_exp>
</condition>

<Node id="6" bw="1" op_0_bw="9" op_1_bw="9">
<![CDATA[
.loopexit:1  %icmp_ln137 = icmp eq i9 %i_0, -256

]]></Node>
<StgValue><ssdm name="icmp_ln137"/></StgValue>
</operation>

<operation id="8" st_id="2" stage="1" lat="1">
<core>NULL</core>
<MemPortIdVec></MemPortIdVec>
<condition id="-1">
<or_exp><and_exp></and_exp></or_exp>
</condition>

<Node id="7" bw="32" op_0_bw="32" op_1_bw="64" op_2_bw="64" op_3_bw="64">
<![CDATA[
.loopexit:2  %empty = call i32 (...)* @_ssdm_op_SpecLoopTripCount(i64 256, i64 256, i64 256)

]]></Node>
<StgValue><ssdm name="empty"/></StgValue>
</operation>

<operation id="9" st_id="2" stage="1" lat="1">
<core>AddSub</core>
<MemPortIdVec></MemPortIdVec>
<condition id="-1">
<or_exp><and_exp></and_exp></or_exp>
</condition>

<Node id="8" bw="9" op_0_bw="9" op_1_bw="9">
<![CDATA[
.loopexit:3  %i = add i9 %i_0, 1

]]></Node>
<StgValue><ssdm name="i"/></StgValue>
</operation>

<operation id="10" st_id="2" stage="1" lat="1">
<core>NULL</core>
<MemPortIdVec></MemPortIdVec>
<condition id="-1">
<or_exp><and_exp></and_exp></or_exp>
</condition>

<Node id="9" bw="0" op_0_bw="1" op_1_bw="0" op_2_bw="0">
<![CDATA[
.loopexit:4  br i1 %icmp_ln137, label %2, label %.preheader.preheader

]]></Node>
<StgValue><ssdm name="br_ln137"/></StgValue>
</operation>

<operation id="11" st_id="2" stage="1" lat="1">
<core>NULL</core>
<MemPortIdVec></MemPortIdVec>
<condition id="-1">
<or_exp><and_exp><literal name="icmp_ln137" val="0"/>
</and_exp></or_exp>
</condition>

<Node id="11" bw="15" op_0_bw="9">
<![CDATA[
.preheader.preheader:0  %zext_ln321 = zext i9 %i_0 to i15

]]></Node>
<StgValue><ssdm name="zext_ln321"/></StgValue>
</operation>

<operation id="12" st_id="2" stage="1" lat="1">
<core>NULL</core>
<MemPortIdVec></MemPortIdVec>
<condition id="-1">
<or_exp><and_exp><literal name="icmp_ln137" val="0"/>
</and_exp></or_exp>
</condition>

<Node id="12" bw="14" op_0_bw="14" op_1_bw="9" op_2_bw="5">
<![CDATA[
.preheader.preheader:1  %tmp = call i14 @_ssdm_op_BitConcatenate.i14.i9.i5(i9 %i_0, i5 0)

]]></Node>
<StgValue><ssdm name="tmp"/></StgValue>
</operation>

<operation id="13" st_id="2" stage="1" lat="1">
<core>NULL</core>
<MemPortIdVec></MemPortIdVec>
<condition id="-1">
<or_exp><and_exp><literal name="icmp_ln137" val="0"/>
</and_exp></or_exp>
</condition>

<Node id="13" bw="15" op_0_bw="14">
<![CDATA[
.preheader.preheader:2  %zext_ln139 = zext i14 %tmp to i15

]]></Node>
<StgValue><ssdm name="zext_ln139"/></StgValue>
</operation>

<operation id="14" st_id="2" stage="1" lat="1">
<core>NULL</core>
<MemPortIdVec></MemPortIdVec>
<condition id="-1">
<or_exp><and_exp><literal name="icmp_ln137" val="0"/>
</and_exp></or_exp>
</condition>

<Node id="14" bw="0" op_0_bw="0">
<![CDATA[
.preheader.preheader:3  br label %.preheader

]]></Node>
<StgValue><ssdm name="br_ln139"/></StgValue>
</operation>

<operation id="15" st_id="2" stage="1" lat="1">
<core>NULL</core>
<MemPortIdVec></MemPortIdVec>
<condition id="-1">
<or_exp><and_exp><literal name="icmp_ln137" val="1"/>
</and_exp></or_exp>
</condition>

<Node id="38" bw="0">
<![CDATA[
:0  ret void

]]></Node>
<StgValue><ssdm name="ret_ln144"/></StgValue>
</operation>
</state>

<state id="3" st_id="3">

<operation id="16" st_id="3" stage="1" lat="1">
<core>NULL</core>
<MemPortIdVec></MemPortIdVec>
<condition id="-1">
<or_exp><and_exp></and_exp></or_exp>
</condition>

<Node id="16" bw="6" op_0_bw="6" op_1_bw="0" op_2_bw="6" op_3_bw="0">
<![CDATA[
.preheader:0  %j_0 = phi i6 [ %j, %1 ], [ 0, %.preheader.preheader ]

]]></Node>
<StgValue><ssdm name="j_0"/></StgValue>
</operation>

<operation id="17" st_id="3" stage="1" lat="1">
<core>Cmp</core>
<MemPortIdVec></MemPortIdVec>
<condition id="-1">
<or_exp><and_exp></and_exp></or_exp>
</condition>

<Node id="17" bw="1" op_0_bw="6" op_1_bw="6">
<![CDATA[
.preheader:1  %icmp_ln139 = icmp eq i6 %j_0, -32

]]></Node>
<StgValue><ssdm name="icmp_ln139"/></StgValue>
</operation>

<operation id="18" st_id="3" stage="1" lat="1">
<core>NULL</core>
<MemPortIdVec></MemPortIdVec>
<condition id="-1">
<or_exp><and_exp></and_exp></or_exp>
</condition>

<Node id="18" bw="32" op_0_bw="32" op_1_bw="64" op_2_bw="64" op_3_bw="64">
<![CDATA[
.preheader:2  %empty_5 = call i32 (...)* @_ssdm_op_SpecLoopTripCount(i64 32, i64 32, i64 32)

]]></Node>
<StgValue><ssdm name="empty_5"/></StgValue>
</operation>

<operation id="19" st_id="3" stage="1" lat="1">
<core>AddSub</core>
<MemPortIdVec></MemPortIdVec>
<condition id="-1">
<or_exp><and_exp></and_exp></or_exp>
</condition>

<Node id="19" bw="6" op_0_bw="6" op_1_bw="6">
<![CDATA[
.preheader:3  %j = add i6 %j_0, 1

]]></Node>
<StgValue><ssdm name="j"/></StgValue>
</operation>

<operation id="20" st_id="3" stage="1" lat="1">
<core>NULL</core>
<MemPortIdVec></MemPortIdVec>
<condition id="-1">
<or_exp><and_exp></and_exp></or_exp>
</condition>

<Node id="20" bw="0" op_0_bw="1" op_1_bw="0" op_2_bw="0">
<![CDATA[
.preheader:4  br i1 %icmp_ln139, label %.loopexit.loopexit, label %1

]]></Node>
<StgValue><ssdm name="br_ln139"/></StgValue>
</operation>

<operation id="21" st_id="3" stage="1" lat="1">
<core>NULL</core>
<MemPortIdVec></MemPortIdVec>
<condition id="-1">
<or_exp><and_exp><literal name="icmp_ln139" val="0"/>
</and_exp></or_exp>
</condition>

<Node id="23" bw="15" op_0_bw="6">
<![CDATA[
:1  %zext_ln321_1 = zext i6 %j_0 to i15

]]></Node>
<StgValue><ssdm name="zext_ln321_1"/></StgValue>
</operation>

<operation id="22" st_id="3" stage="1" lat="1">
<core>AddSub</core>
<MemPortIdVec></MemPortIdVec>
<condition id="-1">
<or_exp><and_exp><literal name="icmp_ln139" val="0"/>
</and_exp></or_exp>
</condition>

<Node id="24" bw="15" op_0_bw="15" op_1_bw="15">
<![CDATA[
:2  %add_ln321 = add i15 %zext_ln321_1, %zext_ln139

]]></Node>
<StgValue><ssdm name="add_ln321"/></StgValue>
</operation>

<operation id="23" st_id="3" stage="1" lat="1">
<core>NULL</core>
<MemPortIdVec></MemPortIdVec>
<condition id="-1">
<or_exp><and_exp><literal name="icmp_ln139" val="0"/>
</and_exp></or_exp>
</condition>

<Node id="25" bw="64" op_0_bw="15">
<![CDATA[
:3  %zext_ln321_2 = zext i15 %add_ln321 to i64

]]></Node>
<StgValue><ssdm name="zext_ln321_2"/></StgValue>
</operation>

<operation id="24" st_id="3" stage="1" lat="1">
<core>NULL</core>
<MemPortIdVec></MemPortIdVec>
<condition id="-1">
<or_exp><and_exp><literal name="icmp_ln139" val="0"/>
</and_exp></or_exp>
</condition>

<Node id="26" bw="13" op_0_bw="1" op_1_bw="64" op_2_bw="64">
<![CDATA[
:4  %input_V_addr = getelementptr [8192 x i1]* %input_V, i64 0, i64 %zext_ln321_2

]]></Node>
<StgValue><ssdm name="input_V_addr"/></StgValue>
</operation>

<operation id="25" st_id="3" stage="1" lat="1">
<core>NULL</core>
<MemPortIdVec></MemPortIdVec>
<condition id="-1">
<or_exp><and_exp><literal name="icmp_ln139" val="0"/>
</and_exp></or_exp>
</condition>

<Node id="27" bw="14" op_0_bw="14" op_1_bw="6" op_2_bw="8">
<![CDATA[
:5  %tmp_1 = call i14 @_ssdm_op_BitConcatenate.i14.i6.i8(i6 %j_0, i8 0)

]]></Node>
<StgValue><ssdm name="tmp_1"/></StgValue>
</operation>

<operation id="26" st_id="3" stage="1" lat="1">
<core>NULL</core>
<MemPortIdVec></MemPortIdVec>
<condition id="-1">
<or_exp><and_exp><literal name="icmp_ln139" val="0"/>
</and_exp></or_exp>
</condition>

<Node id="28" bw="15" op_0_bw="14">
<![CDATA[
:6  %zext_ln321_3 = zext i14 %tmp_1 to i15

]]></Node>
<StgValue><ssdm name="zext_ln321_3"/></StgValue>
</operation>

<operation id="27" st_id="3" stage="1" lat="1">
<core>AddSub</core>
<MemPortIdVec></MemPortIdVec>
<condition id="-1">
<or_exp><and_exp><literal name="icmp_ln139" val="0"/>
</and_exp></or_exp>
</condition>

<Node id="29" bw="15" op_0_bw="15" op_1_bw="15">
<![CDATA[
:7  %add_ln321_1 = add i15 %zext_ln321, %zext_ln321_3

]]></Node>
<StgValue><ssdm name="add_ln321_1"/></StgValue>
</operation>

<operation id="28" st_id="3" stage="2" lat="2">
<core>RAM</core>
<MemPortIdVec>0 </MemPortIdVec>
<condition id="-1">
<or_exp><and_exp><literal name="icmp_ln139" val="0"/>
</and_exp></or_exp>
</condition>

<Node id="32" bw="1" op_0_bw="13">
<![CDATA[
:10  %input_V_load = load i1* %input_V_addr, align 1

]]></Node>
<StgValue><ssdm name="input_V_load"/></StgValue>
</operation>

<operation id="29" st_id="3" stage="1" lat="1">
<core>NULL</core>
<MemPortIdVec></MemPortIdVec>
<condition id="-1">
<or_exp><and_exp><literal name="icmp_ln139" val="1"/>
</and_exp></or_exp>
</condition>

<Node id="36" bw="0" op_0_bw="0">
<![CDATA[
.loopexit.loopexit:0  br label %.loopexit

]]></Node>
<StgValue><ssdm name="br_ln0"/></StgValue>
</operation>
</state>

<state id="4" st_id="4">

<operation id="30" st_id="4" stage="1" lat="1">
<core>NULL</core>
<MemPortIdVec></MemPortIdVec>
<condition id="-1">
<or_exp><and_exp></and_exp></or_exp>
</condition>

<Node id="22" bw="0" op_0_bw="0" op_1_bw="0">
<![CDATA[
:0  call void (...)* @_ssdm_op_SpecLoopName([23 x i8]* @p_str5) nounwind

]]></Node>
<StgValue><ssdm name="specloopname_ln140"/></StgValue>
</operation>

<operation id="31" st_id="4" stage="1" lat="1">
<core>NULL</core>
<MemPortIdVec></MemPortIdVec>
<condition id="-1">
<or_exp><and_exp></and_exp></or_exp>
</condition>

<Node id="30" bw="64" op_0_bw="15">
<![CDATA[
:8  %zext_ln321_4 = zext i15 %add_ln321_1 to i64

]]></Node>
<StgValue><ssdm name="zext_ln321_4"/></StgValue>
</operation>

<operation id="32" st_id="4" stage="1" lat="1">
<core>NULL</core>
<MemPortIdVec></MemPortIdVec>
<condition id="-1">
<or_exp><and_exp></and_exp></or_exp>
</condition>

<Node id="31" bw="13" op_0_bw="1" op_1_bw="64" op_2_bw="64">
<![CDATA[
:9  %output_V_addr = getelementptr [8192 x i1]* %output_V, i64 0, i64 %zext_ln321_4

]]></Node>
<StgValue><ssdm name="output_V_addr"/></StgValue>
</operation>

<operation id="33" st_id="4" stage="1" lat="2">
<core>RAM</core>
<MemPortIdVec>0 </MemPortIdVec>
<condition id="-1">
<or_exp><and_exp></and_exp></or_exp>
</condition>

<Node id="32" bw="1" op_0_bw="13">
<![CDATA[
:10  %input_V_load = load i1* %input_V_addr, align 1

]]></Node>
<StgValue><ssdm name="input_V_load"/></StgValue>
</operation>

<operation id="34" st_id="4" stage="1" lat="1">
<core>RAM</core>
<MemPortIdVec>0 </MemPortIdVec>
<condition id="-1">
<or_exp><and_exp></and_exp></or_exp>
</condition>

<Node id="33" bw="0" op_0_bw="1" op_1_bw="13">
<![CDATA[
:11  store i1 %input_V_load, i1* %output_V_addr, align 1

]]></Node>
<StgValue><ssdm name="store_ln141"/></StgValue>
</operation>

<operation id="35" st_id="4" stage="1" lat="1">
<core>NULL</core>
<MemPortIdVec></MemPortIdVec>
<condition id="-1">
<or_exp><and_exp></and_exp></or_exp>
</condition>

<Node id="34" bw="0" op_0_bw="0">
<![CDATA[
:12  br label %.preheader

]]></Node>
<StgValue><ssdm name="br_ln139"/></StgValue>
</operation>
</state>
</state_list>


<ports>
<port id="42" name="input_V" dir="0" iftype="1">
<core>RAM</core><StgValue><ssdm name="input_V"/><MemPortTyVec>1 3 </MemPortTyVec>
</StgValue>
</port>
<port id="43" name="output_V" dir="1" iftype="1">
<core>RAM</core><StgValue><ssdm name="output_V"/><MemPortTyVec>0 3 </MemPortTyVec>
</StgValue>
</port>
</ports>


<dataflows>
<dataflow id="45" from="StgValue_44" to="i_0" fromId="44" toId="6">
<condition id="-1">
<or_exp><and_exp></and_exp></or_exp>
</condition>
</dataflow>
<dataflow id="46" from="br_ln137" to="i_0" fromId="5" toId="6">
</dataflow>
<dataflow id="47" from="i" to="i_0" fromId="9" toId="6">
<BackEdge/>
<condition id="-1">
<or_exp><and_exp><literal name="icmp_ln139" val="1"/>
</and_exp></or_exp>
</condition>
</dataflow>
<dataflow id="48" from="br_ln0" to="i_0" fromId="29" toId="6">
<BackEdge/>
</dataflow>
<dataflow id="49" from="i_0" to="icmp_ln137" fromId="6" toId="7">
</dataflow>
<dataflow id="51" from="StgValue_50" to="icmp_ln137" fromId="50" toId="7">
</dataflow>
<dataflow id="53" from="_ssdm_op_SpecLoopTripCount" to="empty" fromId="52" toId="8">
</dataflow>
<dataflow id="55" from="StgValue_54" to="empty" fromId="54" toId="8">
</dataflow>
<dataflow id="56" from="StgValue_54" to="empty" fromId="54" toId="8">
</dataflow>
<dataflow id="57" from="StgValue_54" to="empty" fromId="54" toId="8">
</dataflow>
<dataflow id="58" from="i_0" to="i" fromId="6" toId="9">
</dataflow>
<dataflow id="60" from="StgValue_59" to="i" fromId="59" toId="9">
</dataflow>
<dataflow id="61" from="icmp_ln137" to="br_ln137" fromId="7" toId="10">
</dataflow>
<dataflow id="62" from="i_0" to="zext_ln321" fromId="6" toId="11">
</dataflow>
<dataflow id="64" from="_ssdm_op_BitConcatenate.i14.i9.i5" to="tmp" fromId="63" toId="12">
</dataflow>
<dataflow id="65" from="i_0" to="tmp" fromId="6" toId="12">
</dataflow>
<dataflow id="67" from="StgValue_66" to="tmp" fromId="66" toId="12">
</dataflow>
<dataflow id="68" from="tmp" to="zext_ln139" fromId="12" toId="13">
</dataflow>
<dataflow id="69" from="j" to="j_0" fromId="19" toId="16">
<BackEdge/>
<condition id="-1">
<or_exp><and_exp></and_exp></or_exp>
</condition>
</dataflow>
<dataflow id="70" from="br_ln139" to="j_0" fromId="35" toId="16">
<BackEdge/>
</dataflow>
<dataflow id="72" from="StgValue_71" to="j_0" fromId="71" toId="16">
<condition id="-1">
<or_exp><and_exp><literal name="icmp_ln137" val="0"/>
</and_exp></or_exp>
</condition>
</dataflow>
<dataflow id="73" from="br_ln139" to="j_0" fromId="14" toId="16">
</dataflow>
<dataflow id="74" from="j_0" to="icmp_ln139" fromId="16" toId="17">
</dataflow>
<dataflow id="76" from="StgValue_75" to="icmp_ln139" fromId="75" toId="17">
</dataflow>
<dataflow id="77" from="_ssdm_op_SpecLoopTripCount" to="empty_5" fromId="52" toId="18">
</dataflow>
<dataflow id="79" from="StgValue_78" to="empty_5" fromId="78" toId="18">
</dataflow>
<dataflow id="80" from="StgValue_78" to="empty_5" fromId="78" toId="18">
</dataflow>
<dataflow id="81" from="StgValue_78" to="empty_5" fromId="78" toId="18">
</dataflow>
<dataflow id="82" from="j_0" to="j" fromId="16" toId="19">
</dataflow>
<dataflow id="84" from="StgValue_83" to="j" fromId="83" toId="19">
</dataflow>
<dataflow id="85" from="icmp_ln139" to="br_ln139" fromId="17" toId="20">
</dataflow>
<dataflow id="86" from="j_0" to="zext_ln321_1" fromId="16" toId="21">
</dataflow>
<dataflow id="87" from="zext_ln321_1" to="add_ln321" fromId="21" toId="22">
</dataflow>
<dataflow id="88" from="zext_ln139" to="add_ln321" fromId="13" toId="22">
</dataflow>
<dataflow id="89" from="add_ln321" to="zext_ln321_2" fromId="22" toId="23">
</dataflow>
<dataflow id="90" from="input_V" to="input_V_addr" fromId="42" toId="24">
</dataflow>
<dataflow id="92" from="StgValue_91" to="input_V_addr" fromId="91" toId="24">
</dataflow>
<dataflow id="93" from="zext_ln321_2" to="input_V_addr" fromId="23" toId="24">
</dataflow>
<dataflow id="95" from="_ssdm_op_BitConcatenate.i14.i6.i8" to="tmp_1" fromId="94" toId="25">
</dataflow>
<dataflow id="96" from="j_0" to="tmp_1" fromId="16" toId="25">
</dataflow>
<dataflow id="98" from="StgValue_97" to="tmp_1" fromId="97" toId="25">
</dataflow>
<dataflow id="99" from="tmp_1" to="zext_ln321_3" fromId="25" toId="26">
</dataflow>
<dataflow id="100" from="zext_ln321" to="add_ln321_1" fromId="11" toId="27">
</dataflow>
<dataflow id="101" from="zext_ln321_3" to="add_ln321_1" fromId="26" toId="27">
</dataflow>
<dataflow id="102" from="input_V_addr" to="input_V_load" fromId="24" toId="28">
</dataflow>
<dataflow id="104" from="_ssdm_op_SpecLoopName" to="specloopname_ln140" fromId="103" toId="30">
</dataflow>
<dataflow id="106" from="p_str5" to="specloopname_ln140" fromId="105" toId="30">
</dataflow>
<dataflow id="107" from="add_ln321_1" to="zext_ln321_4" fromId="27" toId="31">
</dataflow>
<dataflow id="108" from="output_V" to="output_V_addr" fromId="43" toId="32">
</dataflow>
<dataflow id="109" from="StgValue_91" to="output_V_addr" fromId="91" toId="32">
</dataflow>
<dataflow id="110" from="zext_ln321_4" to="output_V_addr" fromId="31" toId="32">
</dataflow>
<dataflow id="111" from="input_V_addr" to="input_V_load" fromId="24" toId="33">
</dataflow>
<dataflow id="112" from="input_V_load" to="store_ln141" fromId="33" toId="34">
</dataflow>
<dataflow id="113" from="output_V_addr" to="store_ln141" fromId="32" toId="34">
</dataflow>
<dataflow id="114" from="icmp_ln137" to="StgValue_2" fromId="7" toId="2">
</dataflow>
<dataflow id="115" from="icmp_ln139" to="StgValue_3" fromId="17" toId="3">
</dataflow>
</dataflows>


</stg>
