<stg><name>transposeMatrix</name>


<trans_list>

<trans id="36" from="1" to="2">
<condition id="-1">
<or_exp><and_exp></and_exp></or_exp>
</condition>
</trans>

<trans id="37" from="2" to="3">
<condition id="-1">
<or_exp><and_exp><literal name="icmp_ln137" val="0"/>
</and_exp></or_exp>
</condition>
</trans>

<trans id="38" from="3" to="4">
<condition id="-1">
<or_exp><and_exp><literal name="icmp_ln139" val="0"/>
</and_exp></or_exp>
</condition>
</trans>

<trans id="41" from="3" to="2">
<condition id="-1">
<or_exp><and_exp><literal name="icmp_ln139" val="1"/>
</and_exp></or_exp>
</condition>
</trans>

<trans id="40" from="4" to="3">
<condition id="-1">
<or_exp><and_exp></and_exp></or_exp>
</condition>
</trans>
</trans_list>



<state_list>

<state id="1" st_id="1">

<operation id="5" st_id="1" stage="1" lat="1">
<core>NULL</core>
<MemPortIdVec></MemPortIdVec>
<condition id="-1">
<or_exp><and_exp></and_exp></or_exp>
</condition>

<Node id="3" bw="0" op_0_bw="0">
<![CDATA[
:0  br label %.loopexit

]]></Node>
<StgValue><ssdm name="br_ln137"/></StgValue>
</operation>
</state>

<state id="2" st_id="2">

<operation id="6" st_id="2" stage="1" lat="1">
<core>NULL</core>
<MemPortIdVec></MemPortIdVec>
<condition id="-1">
<or_exp><and_exp></and_exp></or_exp>
</condition>

<Node id="5" bw="9" op_0_bw="9" op_1_bw="0" op_2_bw="9" op_3_bw="0">
<![CDATA[
.loopexit:0  %i_0 = phi i9 [ 0, %0 ], [ %i, %.loopexit.loopexit ]

]]></Node>
<StgValue><ssdm name="i_0"/></StgValue>
</operation>

<operation id="7" st_id="2" stage="1" lat="1">
<core>Cmp</core>
<MemPortIdVec></MemPortIdVec>
<condition id="-1">
<or_exp><and_exp></and_exp></or_exp>
</condition>

<Node id="6" bw="1" op_0_bw="9" op_1_bw="9">
<![CDATA[
.loopexit:1  %icmp_ln137 = icmp eq i9 %i_0, -256

]]></Node>
<StgValue><ssdm name="icmp_ln137"/></StgValue>
</operation>

<operation id="8" st_id="2" stage="1" lat="1">
<core>NULL</core>
<MemPortIdVec></MemPortIdVec>
<condition id="-1">
<or_exp><and_exp></and_exp></or_exp>
</condition>

<Node id="7" bw="32" op_0_bw="32" op_1_bw="64" op_2_bw="64" op_3_bw="64">
<![CDATA[
.loopexit:2  %empty = call i32 (...)* @_ssdm_op_SpecLoopTripCount(i64 256, i64 256, i64 256)

]]></Node>
<StgValue><ssdm name="empty"/></StgValue>
</operation>

<operation id="9" st_id="2" stage="1" lat="1">
<core>AddSub</core>
<MemPortIdVec></MemPortIdVec>
<condition id="-1">
<or_exp><and_exp></and_exp></or_exp>
</condition>

<Node id="8" bw="9" op_0_bw="9" op_1_bw="9">
<![CDATA[
.loopexit:3  %i = add i9 %i_0, 1

]]></Node>
<StgValue><ssdm name="i"/></StgValue>
</operation>

<operation id="10" st_id="2" stage="1" lat="1">
<core>NULL</core>
<MemPortIdVec></MemPortIdVec>
<condition id="-1">
<or_exp><and_exp></and_exp></or_exp>
</condition>

<Node id="9" bw="0" op_0_bw="1" op_1_bw="0" op_2_bw="0">
<![CDATA[
.loopexit:4  br i1 %icmp_ln137, label %2, label %.preheader.preheader

]]></Node>
<StgValue><ssdm name="br_ln137"/></StgValue>
</operation>

<operation id="11" st_id="2" stage="1" lat="1">
<core>NULL</core>
<MemPortIdVec></MemPortIdVec>
<condition id="-1">
<or_exp><and_exp><literal name="icmp_ln137" val="0"/>
</and_exp></or_exp>
</condition>

<Node id="11" bw="15" op_0_bw="9">
<![CDATA[
.preheader.preheader:0  %zext_ln321 = zext i9 %i_0 to i15

]]></Node>
<StgValue><ssdm name="zext_ln321"/></StgValue>
</operation>

<operation id="12" st_id="2" stage="1" lat="1">
<core>NULL</core>
<MemPortIdVec></MemPortIdVec>
<condition id="-1">
<or_exp><and_exp><literal name="icmp_ln137" val="0"/>
</and_exp></or_exp>
</condition>

<Node id="12" bw="14" op_0_bw="14" op_1_bw="9" op_2_bw="5">
<![CDATA[
.preheader.preheader:1  %tmp = call i14 @_ssdm_op_BitConcatenate.i14.i9.i5(i9 %i_0, i5 0)

]]></Node>
<StgValue><ssdm name="tmp"/></StgValue>
</operation>

<operation id="13" st_id="2" stage="1" lat="1">
<core>NULL</core>
<MemPortIdVec></MemPortIdVec>
<condition id="-1">
<or_exp><and_exp><literal name="icmp_ln137" val="0"/>
</and_exp></or_exp>
</condition>

<Node id="13" bw="15" op_0_bw="14">
<![CDATA[
.preheader.preheader:2  %zext_ln139 = zext i14 %tmp to i15

]]></Node>
<StgValue><ssdm name="zext_ln139"/></StgValue>
</operation>

<operation id="14" st_id="2" stage="1" lat="1">
<core>NULL</core>
<MemPortIdVec></MemPortIdVec>
<condition id="-1">
<or_exp><and_exp><literal name="icmp_ln137" val="0"/>
</and_exp></or_exp>
</condition>

<Node id="14" bw="0" op_0_bw="0">
<![CDATA[
.preheader.preheader:3  br label %.preheader

]]></Node>
<StgValue><ssdm name="br_ln139"/></StgValue>
</operation>

<operation id="15" st_id="2" stage="1" lat="1">
<core>NULL</core>
<MemPortIdVec></MemPortIdVec>
<condition id="-1">
<or_exp><and_exp><literal name="icmp_ln137" val="1"/>
</and_exp></or_exp>
</condition>

<Node id="38" bw="0">
<![CDATA[
:0  ret void

]]></Node>
<StgValue><ssdm name="ret_ln144"/></StgValue>
</operation>
</state>

<state id="3" st_id="3">

<operation id="16" st_id="3" stage="1" lat="1">
<core>NULL</core>
<MemPortIdVec></MemPortIdVec>
<condition id="-1">
<or_exp><and_exp></and_exp></or_exp>
</condition>

<Node id="16" bw="6" op_0_bw="6" op_1_bw="0" op_2_bw="6" op_3_bw="0">
<![CDATA[
.preheader:0  %j_0 = phi i6 [ %j, %1 ], [ 0, %.preheader.preheader ]

]]></Node>
<StgValue><ssdm name="j_0"/></StgValue>
</operation>

<operation id="17" st_id="3" stage="1" lat="1">
<core>Cmp</core>
<MemPortIdVec></MemPortIdVec>
<condition id="-1">
<or_exp><and_exp></and_exp></or_exp>
</condition>

<Node id="17" bw="1" op_0_bw="6" op_1_bw="6">
<![CDATA[
.preheader:1  %icmp_ln139 = icmp eq i6 %j_0, -32

]]></Node>
<StgValue><ssdm name="icmp_ln139"/></StgValue>
</operation>

<operation id="18" st_id="3" stage="1" lat="1">
<core>NULL</core>
<MemPortIdVec></MemPortIdVec>
<condition id="-1">
<or_exp><and_exp></and_exp></or_exp>
</condition>

<Node id="18" bw="32" op_0_bw="32" op_1_bw="64" op_2_bw="64" op_3_bw="64">
<![CDATA[
.preheader:2  %empty_5 = call i32 (...)* @_ssdm_op_SpecLoopTripCount(i64 32, i64 32, i64 32)

]]></Node>
<StgValue><ssdm name="empty_5"/></StgValue>
</operation>

<operation id="19" st_id="3" stage="1" lat="1">
<core>AddSub</core>
<MemPortIdVec></MemPortIdVec>
<condition id="-1">
<or_exp><and_exp></and_exp></or_exp>
</condition>

<Node id="19" bw="6" op_0_bw="6" op_1_bw="6">
<![CDATA[
.preheader:3  %j = add i6 %j_0, 1

]]></Node>
<StgValue><ssdm name="j"/></StgValue>
</operation>

<operation id="20" st_id="3" stage="1" lat="1">
<core>NULL</core>
<MemPortIdVec></MemPortIdVec>
<condition id="-1">
<or_exp><and_exp></and_exp></or_exp>
</condition>

<Node id="20" bw="0" op_0_bw="1" op_1_bw="0" op_2_bw="0">
<![CDATA[
.preheader:4  br i1 %icmp_ln139, label %.loopexit.loopexit, label %1

]]></Node>
<StgValue><ssdm name="br_ln139"/></StgValue>
</operation>

<operation id="21" st_id="3" stage="1" lat="1">
<core>NULL</core>
<MemPortIdVec></MemPortIdVec>
<condition id="-1">
<or_exp><and_exp><literal name="icmp_ln139" val="0"/>
</and_exp></or_exp>
</condition>

<Node id="23" bw="15" op_0_bw="6">
<![CDATA[
:1  %zext_ln321_1 = zext i6 %j_0 to i15

]]></Node>
<StgValue><ssdm name="zext_ln321_1"/></StgValue>
</operation>

<operation id="22" st_id="3" stage="1" lat="1">
<core>AddSub</core>
<MemPortIdVec></MemPortIdVec>
<condition id="-1">
<or_exp><and_exp><literal name="icmp_ln139" val="0"/>
</and_exp></or_exp>
</condition>

<Node id="24" bw="15" op_0_bw="15" op_1_bw="15">
<![CDATA[
:2  %add_ln321 = add i15 %zext_ln321_1, %zext_ln139

]]></Node>
<StgValue><ssdm name="add_ln321"/></StgValue>
</operation>

<operation id="23" st_id="3" stage="1" lat="1">
<core>NULL</core>
<MemPortIdVec></MemPortIdVec>
<condition id="-1">
<or_exp><and_exp><literal name="icmp_ln139" val="0"/>
</and_exp></or_exp>
</condition>

<Node id="25" bw="64" op_0_bw="15">
<![CDATA[
:3  %zext_ln321_2 = zext i15 %add_ln321 to i64

]]></Node>
<StgValue><ssdm name="zext_ln321_2"/></StgValue>
</operation>

<operation id="24" st_id="3" stage="1" lat="1">
<core>NULL</core>
<MemPortIdVec></MemPortIdVec>
<condition id="-1">
<or_exp><and_exp><literal name="icmp_ln139" val="0"/>
</and_exp></or_exp>
</condition>

<Node id="26" bw="13" op_0_bw="1" op_1_bw="64" op_2_bw="64">
<![CDATA[
:4  %input_V_addr = getelementptr [8192 x i1]* %input_V, i64 0, i64 %zext_ln321_2

]]></Node>
<StgValue><ssdm name="input_V_addr"/></StgValue>
</operation>

<operation id="25" st_id="3" stage="1" lat="1">
<core>NULL</core>
<MemPortIdVec></MemPortIdVec>
<condition id="-1">
<or_exp><and_exp><literal name="icmp_ln139" val="0"/>
</and_exp></or_exp>
</condition>

<Node id="27" bw="14" op_0_bw="14" op_1_bw="6" op_2_bw="8">
<![CDATA[
:5  %tmp_1 = call i14 @_ssdm_op_BitConcatenate.i14.i6.i8(i6 %j_0, i8 0)

]]></Node>
<StgValue><ssdm name="tmp_1"/></StgValue>
</operation>

<operation id="26" st_id="3" stage="1" lat="1">
<core>NULL</core>
<MemPortIdVec></MemPortIdVec>
<condition id="-1">
<or_exp><and_exp><literal name="icmp_ln139" val="0"/>
</and_exp></or_exp>
</condition>

<Node id="28" bw="15" op_0_bw="14">
<![CDATA[
:6  %zext_ln321_3 = zext i14 %tmp_1 to i15

]]></Node>
<StgValue><ssdm name="zext_ln321_3"/></StgValue>
</operation>

<operation id="27" st_id="3" stage="1" lat="1">
<core>AddSub</core>
<MemPortIdVec></MemPortIdVec>
<condition id="-1">
<or_exp><and_exp><literal name="icmp_ln139" val="0"/>
</and_exp></or_exp>
</condition>

<Node id="29" bw="15" op_0_bw="15" op_1_bw="15">
<![CDATA[
:7  %add_ln321_1 = add i15 %zext_ln321, %zext_ln321_3

]]></Node>
<StgValue><ssdm name="add_ln321_1"/></StgValue>
</operation>

<operation id="28" st_id="3" stage="2" lat="2">
<core>RAM</core>
<MemPortIdVec></MemPortIdVec>
<condition id="-1">
<or_exp><and_exp><literal name="icmp_ln139" val="0"/>
</and_exp></or_exp>
</condition>

<Node id="32" bw="1" op_0_bw="13">
<![CDATA[
:10  %input_V_load = load i1* %input_V_addr, align 1

]]></Node>
<StgValue><ssdm name="input_V_load"/></StgValue>
</operation>

<operation id="29" st_id="3" stage="1" lat="1">
<core>NULL</core>
<MemPortIdVec></MemPortIdVec>
<condition id="-1">
<or_exp><and_exp><literal name="icmp_ln139" val="1"/>
</and_exp></or_exp>
</condition>

<Node id="36" bw="0" op_0_bw="0">
<![CDATA[
.loopexit.loopexit:0  br label %.loopexit

]]></Node>
<StgValue><ssdm name="br_ln0"/></StgValue>
</operation>
</state>

<state id="4" st_id="4">

<operation id="30" st_id="4" stage="1" lat="1">
<core>NULL</core>
<MemPortIdVec></MemPortIdVec>
<condition id="-1">
<or_exp><and_exp></and_exp></or_exp>
</condition>

<Node id="22" bw="0" op_0_bw="0" op_1_bw="0">
<![CDATA[
:0  call void (...)* @_ssdm_op_SpecLoopName([23 x i8]* @p_str5) nounwind

]]></Node>
<StgValue><ssdm name="specloopname_ln140"/></StgValue>
</operation>

<operation id="31" st_id="4" stage="1" lat="1">
<core>NULL</core>
<MemPortIdVec></MemPortIdVec>
<condition id="-1">
<or_exp><and_exp></and_exp></or_exp>
</condition>

<Node id="30" bw="64" op_0_bw="15">
<![CDATA[
:8  %zext_ln321_4 = zext i15 %add_ln321_1 to i64

]]></Node>
<StgValue><ssdm name="zext_ln321_4"/></StgValue>
</operation>

<operation id="32" st_id="4" stage="1" lat="1">
<core>NULL</core>
<MemPortIdVec></MemPortIdVec>
<condition id="-1">
<or_exp><and_exp></and_exp></or_exp>
</condition>

<Node id="31" bw="13" op_0_bw="1" op_1_bw="64" op_2_bw="64">
<![CDATA[
:9  %output_V_addr = getelementptr [8192 x i1]* %output_V, i64 0, i64 %zext_ln321_4

]]></Node>
<StgValue><ssdm name="output_V_addr"/></StgValue>
</operation>

<operation id="33" st_id="4" stage="1" lat="2">
<core>RAM</core>
<MemPortIdVec></MemPortIdVec>
<condition id="-1">
<or_exp><and_exp></and_exp></or_exp>
</condition>

<Node id="32" bw="1" op_0_bw="13">
<![CDATA[
:10  %input_V_load = load i1* %input_V_addr, align 1

]]></Node>
<StgValue><ssdm name="input_V_load"/></StgValue>
</operation>

<operation id="34" st_id="4" stage="1" lat="1">
<core>RAM</core>
<MemPortIdVec></MemPortIdVec>
<condition id="-1">
<or_exp><and_exp></and_exp></or_exp>
</condition>

<Node id="33" bw="0" op_0_bw="1" op_1_bw="13">
<![CDATA[
:11  store i1 %input_V_load, i1* %output_V_addr, align 1

]]></Node>
<StgValue><ssdm name="store_ln141"/></StgValue>
</operation>

<operation id="35" st_id="4" stage="1" lat="1">
<core>NULL</core>
<MemPortIdVec></MemPortIdVec>
<condition id="-1">
<or_exp><and_exp></and_exp></or_exp>
</condition>

<Node id="34" bw="0" op_0_bw="0">
<![CDATA[
:12  br label %.preheader

]]></Node>
<StgValue><ssdm name="br_ln139"/></StgValue>
</operation>
</state>
</state_list>


<ports>
</ports>


<dataflows>
</dataflows>


</stg>
