{
  "Top": "Elements",
  "RtlTop": "Elements",
  "RtlPrefix": "",
  "SourceLanguage": "cpp",
  "ResetStyle": "control",
  "GenerateBdFiles": "0",
  "HostMachineBits": "64",
  "Target": {
    "Family": "zynq",
    "Device": "xc7z020",
    "Package": "-clg484",
    "Speed": "-1"
  },
  "HlsSolution": {
    "DirectiveTcl": [
      "set_directive_unroll multmat\/multiplierMatrices_label5 ",
      "set_directive_unroll multmat\/multiplierMatrices_label0 ",
      "set_directive_unroll multmat\/multmat_label0 ",
      "set_directive_unroll BlocLinear\/multmat_label0 ",
      "set_directive_unroll transposeMatrix\/transposeMatrix_label0 ",
      "set_directive_unroll Lif\/Lif_label1 "
    ],
    "DirectiveInfo": [
      "unroll multmat\/multiplierMatrices_label5 {} {}",
      "unroll multmat\/multiplierMatrices_label0 {} {}",
      "unroll multmat\/multmat_label0 {} {}",
      "unroll BlocLinear\/multmat_label0 {} {}",
      "unroll transposeMatrix\/transposeMatrix_label0 {} {}",
      "unroll Lif\/Lif_label1 {} {}"
    ]
  },
  "Args": {
    "EntreeQ": {
      "index": "0",
      "type": {
        "kinds": ["array"],
        "dataType": "ap_uint",
        "dataWidth": "1",
        "arraySizes": [
          "256",
          "32"
        ],
        "multiInterfaceRef": [
          "EntreeQ_V_address0",
          "EntreeQ_V_address1",
          "EntreeQ_V_q0",
          "EntreeQ_V_q1"
        ]
      }
    },
    "poidsQ": {
      "index": "1",
      "type": {
        "kinds": ["array"],
        "dataType": "ap_fixed",
        "dataWidth": "16",
        "arraySizes": [
          "256",
          "256"
        ],
        "multiInterfaceRef": [
          "poidsQ_V_address0",
          "poidsQ_V_address1",
          "poidsQ_V_q0",
          "poidsQ_V_q1"
        ]
      }
    },
    "EntreeK": {
      "index": "2",
      "type": {
        "kinds": ["array"],
        "dataType": "ap_uint",
        "dataWidth": "1",
        "arraySizes": [
          "256",
          "32"
        ],
        "multiInterfaceRef": [
          "EntreeK_V_address0",
          "EntreeK_V_address1",
          "EntreeK_V_q0",
          "EntreeK_V_q1"
        ]
      }
    },
    "poidsK": {
      "index": "3",
      "type": {
        "kinds": ["array"],
        "dataType": "ap_fixed",
        "dataWidth": "16",
        "arraySizes": [
          "256",
          "256"
        ],
        "multiInterfaceRef": [
          "poidsK_V_address0",
          "poidsK_V_address1",
          "poidsK_V_q0",
          "poidsK_V_q1"
        ]
      }
    },
    "EntreeV": {
      "index": "4",
      "type": {
        "kinds": ["array"],
        "dataType": "ap_uint",
        "dataWidth": "1",
        "arraySizes": [
          "256",
          "32"
        ],
        "multiInterfaceRef": [
          "EntreeV_V_address0",
          "EntreeV_V_address1",
          "EntreeV_V_q0",
          "EntreeV_V_q1"
        ]
      }
    },
    "poidsV": {
      "index": "5",
      "type": {
        "kinds": ["array"],
        "dataType": "ap_fixed",
        "dataWidth": "16",
        "arraySizes": [
          "256",
          "256"
        ],
        "multiInterfaceRef": [
          "poidsV_V_address0",
          "poidsV_V_address1",
          "poidsV_V_q0",
          "poidsV_V_q1"
        ]
      }
    },
    "poids512": {
      "index": "6",
      "type": {
        "kinds": ["array"],
        "dataType": "ap_fixed",
        "dataWidth": "16",
        "arraySizes": [
          "512",
          "256"
        ],
        "multiInterfaceRef": [
          "poids512_V_address0",
          "poids512_V_q0"
        ]
      }
    },
    "poids256": {
      "index": "7",
      "type": {
        "kinds": ["array"],
        "dataType": "ap_fixed",
        "dataWidth": "16",
        "arraySizes": [
          "256",
          "256"
        ],
        "multiInterfaceRef": [
          "poids256_V_address0",
          "poids256_V_address1",
          "poids256_V_q0",
          "poids256_V_q1"
        ]
      }
    },
    "Sortie": {
      "index": "8",
      "type": {
        "kinds": ["array"],
        "dataType": "ap_uint",
        "dataWidth": "1",
        "arraySizes": [
          "256",
          "32"
        ],
        "multiInterfaceRef": [
          "Sortie_V_address0",
          "Sortie_V_address1",
          "Sortie_V_d0",
          "Sortie_V_d1"
        ]
      }
    }
  },
  "Return": {
    
  },
  "ClockInfo": {
    "ClockName": "ap_clk",
    "ClockPeriod": "10",
    "IsCombLogic": "0",
    "II": "x",
    "Latency": "71372689",
    "Uncertainty": "1.25"
  },
  "Xdc": {"OocClocks": ["create_clock -name ap_clk -period 10.000 [get_ports ap_clk]"]},
  "Ipx": {
    "Vendor": "xilinx.com",
    "Library": "hls",
    "Name": "Elements",
    "Version": "1.0",
    "DisplayName": "Elements",
    "Revision": "",
    "Description": "An IP generated by Vivado HLS",
    "Taxonomy": "\/VIVADO_HLS_IP",
    "AutoFamilySupport": ""
  },
  "Files": {
    "CSource": ["..\/..\/Matrice_bianire.cpp"],
    "Vhdl": [
      "impl\/vhdl\/BlocLinear.vhd",
      "impl\/vhdl\/BlocLinear512.vhd",
      "impl\/vhdl\/BlocLinear_1.vhd",
      "impl\/vhdl\/Elements_AttentiobJp.vhd",
      "impl\/vhdl\/Elements_Dense512_V.vhd",
      "impl\/vhdl\/Elements_Dense512bKp.vhd",
      "impl\/vhdl\/Elements_DenseQ_V.vhd",
      "impl\/vhdl\/Elements_DenseQt_bkb.vhd",
      "impl\/vhdl\/Elements_multmat1_V.vhd",
      "impl\/vhdl\/Elements_OUTScale_V.vhd",
      "impl\/vhdl\/Elements_spike512_V.vhd",
      "impl\/vhdl\/Elements_spikeQ_V.vhd",
      "impl\/vhdl\/Elements_spikeV_V.vhd",
      "impl\/vhdl\/Lif.vhd",
      "impl\/vhdl\/multmat.vhd",
      "impl\/vhdl\/multmat2.vhd",
      "impl\/vhdl\/transposeMatrix.vhd",
      "impl\/vhdl\/Elements.vhd"
    ],
    "Verilog": [
      "impl\/verilog\/BlocLinear.v",
      "impl\/verilog\/BlocLinear512.v",
      "impl\/verilog\/BlocLinear_1.v",
      "impl\/verilog\/Elements_AttentiobJp.v",
      "impl\/verilog\/Elements_Dense512_V.v",
      "impl\/verilog\/Elements_Dense512bKp.v",
      "impl\/verilog\/Elements_Dense512bKp_rom.dat",
      "impl\/verilog\/Elements_DenseQ_V.v",
      "impl\/verilog\/Elements_DenseQt_bkb.v",
      "impl\/verilog\/Elements_DenseQt_bkb_rom.dat",
      "impl\/verilog\/Elements_multmat1_V.v",
      "impl\/verilog\/Elements_OUTScale_V.v",
      "impl\/verilog\/Elements_spike512_V.v",
      "impl\/verilog\/Elements_spikeQ_V.v",
      "impl\/verilog\/Elements_spikeV_V.v",
      "impl\/verilog\/Lif.v",
      "impl\/verilog\/multmat.v",
      "impl\/verilog\/multmat2.v",
      "impl\/verilog\/transposeMatrix.v",
      "impl\/verilog\/Elements.v"
    ],
    "Misc": ["impl\/misc\/logo.png"],
    "DesignXml": "D:\/Vitis\/Vivado_hls_projects\/Matrice_binaire\/Matrice_binaire\/solution2\/.autopilot\/db\/Elements.design.xml",
    "DebugDir": "D:\/Vitis\/Vivado_hls_projects\/Matrice_binaire\/Matrice_binaire\/solution2\/.debug",
    "ProtoInst": [
      "D:\/Vitis\/Vivado_hls_projects\/Matrice_binaire\/Matrice_binaire\/solution2\/.debug\/Elements.protoinst",
      "D:\/Vitis\/Vivado_hls_projects\/Matrice_binaire\/Matrice_binaire\/solution2\/.debug\/multmat.protoinst"
    ]
  },
  "SubcoreInfo": {
    "HasXpmMemory": false,
    "HasClockedDsp": false,
    "IP": []
  },
  "Interfaces": {
    "ap_clk": {
      "type": "clock",
      "ctype": {"CLK": {"Type": "bool"}},
      "bundle_name": "ap_clk",
      "bundle_role": "default",
      "reset": "ap_rst"
    },
    "ap_ctrl": {
      "type": "ap_ctrl",
      "ctrl_ports": "ap_start ap_done ap_idle ap_ready",
      "ctype": {
        "start": {"Type": "bool"},
        "done": {"Type": "bool"},
        "idle": {"Type": "bool"},
        "ready": {"Type": "bool"}
      }
    },
    "ap_rst": {
      "type": "reset",
      "polarity": "ACTIVE_HIGH",
      "ctype": {"RST": {"Type": "bool"}},
      "bundle_name": "ap_rst",
      "bundle_role": "default"
    },
    "EntreeK_V_address0": {
      "type": "data",
      "dir": "out",
      "width": "13",
      "ctype": {"DATA": {
          "Type": "null",
          "Width": "13"
        }},
      "bundle_name": "EntreeK_V",
      "bundle_role": "address0"
    },
    "EntreeK_V_address1": {
      "type": "data",
      "dir": "out",
      "width": "13",
      "ctype": {"DATA": {
          "Type": "null",
          "Width": "13"
        }},
      "bundle_name": "EntreeK_V",
      "bundle_role": "address1"
    },
    "EntreeK_V_q0": {
      "type": "data",
      "dir": "in",
      "width": "1",
      "ctype": {"DATA": {
          "Type": "integer unsigned",
          "Width": "1"
        }},
      "bundle_name": "EntreeK_V",
      "bundle_role": "q0"
    },
    "EntreeK_V_q1": {
      "type": "data",
      "dir": "in",
      "width": "1",
      "ctype": {"DATA": {
          "Type": "integer unsigned",
          "Width": "1"
        }},
      "bundle_name": "EntreeK_V",
      "bundle_role": "q1"
    },
    "EntreeQ_V_address0": {
      "type": "data",
      "dir": "out",
      "width": "13",
      "ctype": {"DATA": {
          "Type": "null",
          "Width": "13"
        }},
      "bundle_name": "EntreeQ_V",
      "bundle_role": "address0"
    },
    "EntreeQ_V_address1": {
      "type": "data",
      "dir": "out",
      "width": "13",
      "ctype": {"DATA": {
          "Type": "null",
          "Width": "13"
        }},
      "bundle_name": "EntreeQ_V",
      "bundle_role": "address1"
    },
    "EntreeQ_V_q0": {
      "type": "data",
      "dir": "in",
      "width": "1",
      "ctype": {"DATA": {
          "Type": "integer unsigned",
          "Width": "1"
        }},
      "bundle_name": "EntreeQ_V",
      "bundle_role": "q0"
    },
    "EntreeQ_V_q1": {
      "type": "data",
      "dir": "in",
      "width": "1",
      "ctype": {"DATA": {
          "Type": "integer unsigned",
          "Width": "1"
        }},
      "bundle_name": "EntreeQ_V",
      "bundle_role": "q1"
    },
    "EntreeV_V_address0": {
      "type": "data",
      "dir": "out",
      "width": "13",
      "ctype": {"DATA": {
          "Type": "null",
          "Width": "13"
        }},
      "bundle_name": "EntreeV_V",
      "bundle_role": "address0"
    },
    "EntreeV_V_address1": {
      "type": "data",
      "dir": "out",
      "width": "13",
      "ctype": {"DATA": {
          "Type": "null",
          "Width": "13"
        }},
      "bundle_name": "EntreeV_V",
      "bundle_role": "address1"
    },
    "EntreeV_V_q0": {
      "type": "data",
      "dir": "in",
      "width": "1",
      "ctype": {"DATA": {
          "Type": "integer unsigned",
          "Width": "1"
        }},
      "bundle_name": "EntreeV_V",
      "bundle_role": "q0"
    },
    "EntreeV_V_q1": {
      "type": "data",
      "dir": "in",
      "width": "1",
      "ctype": {"DATA": {
          "Type": "integer unsigned",
          "Width": "1"
        }},
      "bundle_name": "EntreeV_V",
      "bundle_role": "q1"
    },
    "poids256_V_address0": {
      "type": "data",
      "dir": "out",
      "width": "16",
      "ctype": {"DATA": {
          "Type": "null",
          "Width": "16"
        }},
      "bundle_name": "poids256_V",
      "bundle_role": "address0"
    },
    "poids256_V_address1": {
      "type": "data",
      "dir": "out",
      "width": "16",
      "ctype": {"DATA": {
          "Type": "null",
          "Width": "16"
        }},
      "bundle_name": "poids256_V",
      "bundle_role": "address1"
    },
    "poids256_V_q0": {
      "type": "data",
      "dir": "in",
      "width": "16",
      "ctype": {"DATA": {
          "Type": "real fixed signed 8",
          "Width": "16"
        }},
      "bundle_name": "poids256_V",
      "bundle_role": "q0"
    },
    "poids256_V_q1": {
      "type": "data",
      "dir": "in",
      "width": "16",
      "ctype": {"DATA": {
          "Type": "real fixed signed 8",
          "Width": "16"
        }},
      "bundle_name": "poids256_V",
      "bundle_role": "q1"
    },
    "poids512_V_address0": {
      "type": "data",
      "dir": "out",
      "width": "17",
      "ctype": {"DATA": {
          "Type": "null",
          "Width": "17"
        }},
      "bundle_name": "poids512_V",
      "bundle_role": "address0"
    },
    "poids512_V_q0": {
      "type": "data",
      "dir": "in",
      "width": "16",
      "ctype": {"DATA": {
          "Type": "real fixed signed 8",
          "Width": "16"
        }},
      "bundle_name": "poids512_V",
      "bundle_role": "q0"
    },
    "poidsK_V_address0": {
      "type": "data",
      "dir": "out",
      "width": "16",
      "ctype": {"DATA": {
          "Type": "null",
          "Width": "16"
        }},
      "bundle_name": "poidsK_V",
      "bundle_role": "address0"
    },
    "poidsK_V_address1": {
      "type": "data",
      "dir": "out",
      "width": "16",
      "ctype": {"DATA": {
          "Type": "null",
          "Width": "16"
        }},
      "bundle_name": "poidsK_V",
      "bundle_role": "address1"
    },
    "poidsK_V_q0": {
      "type": "data",
      "dir": "in",
      "width": "16",
      "ctype": {"DATA": {
          "Type": "real fixed signed 8",
          "Width": "16"
        }},
      "bundle_name": "poidsK_V",
      "bundle_role": "q0"
    },
    "poidsK_V_q1": {
      "type": "data",
      "dir": "in",
      "width": "16",
      "ctype": {"DATA": {
          "Type": "real fixed signed 8",
          "Width": "16"
        }},
      "bundle_name": "poidsK_V",
      "bundle_role": "q1"
    },
    "poidsQ_V_address0": {
      "type": "data",
      "dir": "out",
      "width": "16",
      "ctype": {"DATA": {
          "Type": "null",
          "Width": "16"
        }},
      "bundle_name": "poidsQ_V",
      "bundle_role": "address0"
    },
    "poidsQ_V_address1": {
      "type": "data",
      "dir": "out",
      "width": "16",
      "ctype": {"DATA": {
          "Type": "null",
          "Width": "16"
        }},
      "bundle_name": "poidsQ_V",
      "bundle_role": "address1"
    },
    "poidsQ_V_q0": {
      "type": "data",
      "dir": "in",
      "width": "16",
      "ctype": {"DATA": {
          "Type": "real fixed signed 8",
          "Width": "16"
        }},
      "bundle_name": "poidsQ_V",
      "bundle_role": "q0"
    },
    "poidsQ_V_q1": {
      "type": "data",
      "dir": "in",
      "width": "16",
      "ctype": {"DATA": {
          "Type": "real fixed signed 8",
          "Width": "16"
        }},
      "bundle_name": "poidsQ_V",
      "bundle_role": "q1"
    },
    "poidsV_V_address0": {
      "type": "data",
      "dir": "out",
      "width": "16",
      "ctype": {"DATA": {
          "Type": "null",
          "Width": "16"
        }},
      "bundle_name": "poidsV_V",
      "bundle_role": "address0"
    },
    "poidsV_V_address1": {
      "type": "data",
      "dir": "out",
      "width": "16",
      "ctype": {"DATA": {
          "Type": "null",
          "Width": "16"
        }},
      "bundle_name": "poidsV_V",
      "bundle_role": "address1"
    },
    "poidsV_V_q0": {
      "type": "data",
      "dir": "in",
      "width": "16",
      "ctype": {"DATA": {
          "Type": "real fixed signed 8",
          "Width": "16"
        }},
      "bundle_name": "poidsV_V",
      "bundle_role": "q0"
    },
    "poidsV_V_q1": {
      "type": "data",
      "dir": "in",
      "width": "16",
      "ctype": {"DATA": {
          "Type": "real fixed signed 8",
          "Width": "16"
        }},
      "bundle_name": "poidsV_V",
      "bundle_role": "q1"
    },
    "Sortie_V_address0": {
      "type": "data",
      "dir": "out",
      "width": "13",
      "ctype": {"DATA": {
          "Type": "null",
          "Width": "13"
        }},
      "bundle_name": "Sortie_V",
      "bundle_role": "address0"
    },
    "Sortie_V_address1": {
      "type": "data",
      "dir": "out",
      "width": "13",
      "ctype": {"DATA": {
          "Type": "null",
          "Width": "13"
        }},
      "bundle_name": "Sortie_V",
      "bundle_role": "address1"
    },
    "Sortie_V_d0": {
      "type": "data",
      "dir": "out",
      "width": "1",
      "ctype": {"DATA": {
          "Type": "integer unsigned",
          "Width": "1"
        }},
      "bundle_name": "Sortie_V",
      "bundle_role": "d0"
    },
    "Sortie_V_d1": {
      "type": "data",
      "dir": "out",
      "width": "1",
      "ctype": {"DATA": {
          "Type": "integer unsigned",
          "Width": "1"
        }},
      "bundle_name": "Sortie_V",
      "bundle_role": "d1"
    }
  },
  "RtlPorts": {
    "ap_clk": {
      "dir": "in",
      "width": "1"
    },
    "ap_rst": {
      "dir": "in",
      "width": "1"
    },
    "ap_start": {
      "dir": "in",
      "width": "1"
    },
    "ap_done": {
      "dir": "out",
      "width": "1"
    },
    "ap_idle": {
      "dir": "out",
      "width": "1"
    },
    "ap_ready": {
      "dir": "out",
      "width": "1"
    },
    "EntreeQ_V_address0": {
      "dir": "out",
      "width": "13"
    },
    "EntreeQ_V_ce0": {
      "dir": "out",
      "width": "1"
    },
    "EntreeQ_V_q0": {
      "dir": "in",
      "width": "1",
      "isVector": "true"
    },
    "EntreeQ_V_address1": {
      "dir": "out",
      "width": "13"
    },
    "EntreeQ_V_ce1": {
      "dir": "out",
      "width": "1"
    },
    "EntreeQ_V_q1": {
      "dir": "in",
      "width": "1",
      "isVector": "true"
    },
    "poidsQ_V_address0": {
      "dir": "out",
      "width": "16"
    },
    "poidsQ_V_ce0": {
      "dir": "out",
      "width": "1"
    },
    "poidsQ_V_q0": {
      "dir": "in",
      "width": "16"
    },
    "poidsQ_V_address1": {
      "dir": "out",
      "width": "16"
    },
    "poidsQ_V_ce1": {
      "dir": "out",
      "width": "1"
    },
    "poidsQ_V_q1": {
      "dir": "in",
      "width": "16"
    },
    "EntreeK_V_address0": {
      "dir": "out",
      "width": "13"
    },
    "EntreeK_V_ce0": {
      "dir": "out",
      "width": "1"
    },
    "EntreeK_V_q0": {
      "dir": "in",
      "width": "1",
      "isVector": "true"
    },
    "EntreeK_V_address1": {
      "dir": "out",
      "width": "13"
    },
    "EntreeK_V_ce1": {
      "dir": "out",
      "width": "1"
    },
    "EntreeK_V_q1": {
      "dir": "in",
      "width": "1",
      "isVector": "true"
    },
    "poidsK_V_address0": {
      "dir": "out",
      "width": "16"
    },
    "poidsK_V_ce0": {
      "dir": "out",
      "width": "1"
    },
    "poidsK_V_q0": {
      "dir": "in",
      "width": "16"
    },
    "poidsK_V_address1": {
      "dir": "out",
      "width": "16"
    },
    "poidsK_V_ce1": {
      "dir": "out",
      "width": "1"
    },
    "poidsK_V_q1": {
      "dir": "in",
      "width": "16"
    },
    "EntreeV_V_address0": {
      "dir": "out",
      "width": "13"
    },
    "EntreeV_V_ce0": {
      "dir": "out",
      "width": "1"
    },
    "EntreeV_V_q0": {
      "dir": "in",
      "width": "1",
      "isVector": "true"
    },
    "EntreeV_V_address1": {
      "dir": "out",
      "width": "13"
    },
    "EntreeV_V_ce1": {
      "dir": "out",
      "width": "1"
    },
    "EntreeV_V_q1": {
      "dir": "in",
      "width": "1",
      "isVector": "true"
    },
    "poidsV_V_address0": {
      "dir": "out",
      "width": "16"
    },
    "poidsV_V_ce0": {
      "dir": "out",
      "width": "1"
    },
    "poidsV_V_q0": {
      "dir": "in",
      "width": "16"
    },
    "poidsV_V_address1": {
      "dir": "out",
      "width": "16"
    },
    "poidsV_V_ce1": {
      "dir": "out",
      "width": "1"
    },
    "poidsV_V_q1": {
      "dir": "in",
      "width": "16"
    },
    "poids512_V_address0": {
      "dir": "out",
      "width": "17"
    },
    "poids512_V_ce0": {
      "dir": "out",
      "width": "1"
    },
    "poids512_V_q0": {
      "dir": "in",
      "width": "16"
    },
    "poids256_V_address0": {
      "dir": "out",
      "width": "16"
    },
    "poids256_V_ce0": {
      "dir": "out",
      "width": "1"
    },
    "poids256_V_q0": {
      "dir": "in",
      "width": "16"
    },
    "poids256_V_address1": {
      "dir": "out",
      "width": "16"
    },
    "poids256_V_ce1": {
      "dir": "out",
      "width": "1"
    },
    "poids256_V_q1": {
      "dir": "in",
      "width": "16"
    },
    "Sortie_V_address0": {
      "dir": "out",
      "width": "13"
    },
    "Sortie_V_ce0": {
      "dir": "out",
      "width": "1"
    },
    "Sortie_V_we0": {
      "dir": "out",
      "width": "1"
    },
    "Sortie_V_d0": {
      "dir": "out",
      "width": "1",
      "isVector": "true"
    },
    "Sortie_V_address1": {
      "dir": "out",
      "width": "13"
    },
    "Sortie_V_ce1": {
      "dir": "out",
      "width": "1"
    },
    "Sortie_V_we1": {
      "dir": "out",
      "width": "1"
    },
    "Sortie_V_d1": {
      "dir": "out",
      "width": "1",
      "isVector": "true"
    }
  },
  "ModuleInfo": {
    "Hierarchy": {
      "ModuleName": "Elements",
      "Instances": [
        {
          "ModuleName": "BlocLinear",
          "InstanceName": "grp_BlocLinear_fu_766"
        },
        {
          "ModuleName": "BlocLinear_1",
          "InstanceName": "grp_BlocLinear_1_fu_774"
        },
        {
          "ModuleName": "BlocLinear_1",
          "InstanceName": "grp_BlocLinear_1_fu_783"
        },
        {
          "ModuleName": "multmat",
          "InstanceName": "grp_multmat_fu_794"
        },
        {
          "ModuleName": "Lif",
          "InstanceName": "grp_Lif_fu_801"
        },
        {
          "ModuleName": "Lif",
          "InstanceName": "grp_Lif_fu_839"
        },
        {
          "ModuleName": "transposeMatrix",
          "InstanceName": "grp_transposeMatrix_fu_878"
        },
        {
          "ModuleName": "BlocLinear512",
          "InstanceName": "grp_BlocLinear512_fu_884"
        },
        {
          "ModuleName": "multmat2",
          "InstanceName": "grp_multmat2_fu_892"
        }
      ]
    },
    "Info": {
      "BlocLinear_1": {
        "FunctionProtocol": "ap_ctrl_hs",
        "isTaskLevelControl": "1",
        "isPipelined": "0",
        "isCombinational": "0",
        "isOneStateSeq": "0"
      },
      "Lif": {
        "FunctionProtocol": "ap_ctrl_hs",
        "isTaskLevelControl": "1",
        "isPipelined": "0",
        "isCombinational": "0",
        "isOneStateSeq": "0"
      },
      "transposeMatrix": {
        "FunctionProtocol": "ap_ctrl_hs",
        "isTaskLevelControl": "1",
        "isPipelined": "0",
        "isCombinational": "0",
        "isOneStateSeq": "0"
      },
      "multmat": {
        "FunctionProtocol": "ap_ctrl_hs",
        "isTaskLevelControl": "1",
        "isPipelined": "0",
        "isCombinational": "0",
        "isOneStateSeq": "0"
      },
      "multmat2": {
        "FunctionProtocol": "ap_ctrl_hs",
        "isTaskLevelControl": "1",
        "isPipelined": "0",
        "isCombinational": "0",
        "isOneStateSeq": "0"
      },
      "BlocLinear512": {
        "FunctionProtocol": "ap_ctrl_hs",
        "isTaskLevelControl": "1",
        "isPipelined": "0",
        "isCombinational": "0",
        "isOneStateSeq": "0"
      },
      "BlocLinear": {
        "FunctionProtocol": "ap_ctrl_hs",
        "isTaskLevelControl": "1",
        "isPipelined": "0",
        "isCombinational": "0",
        "isOneStateSeq": "0"
      },
      "Elements": {
        "FunctionProtocol": "ap_ctrl_hs",
        "isTaskLevelControl": "1",
        "isPipelined": "0",
        "isCombinational": "0",
        "isOneStateSeq": "0"
      }
    },
    "Metrics": {
      "BlocLinear_1": {
        "Latency": {
          "LatencyBest": "1073665",
          "LatencyAvg": "1073665",
          "LatencyWorst": "1073665",
          "PipelineII": "1073665",
          "PipelineDepth": "",
          "PipelineType": "none"
        },
        "Timing": {
          "Target": "10.00",
          "Uncertainty": "1.25",
          "Estimate": "8.724"
        },
        "Loops": [{
            "Name": "Loop 1",
            "TripCount": "256",
            "Latency": "1073664",
            "PipelineII": "",
            "PipelineDepth": "4194",
            "Loops": [{
                "Name": "multmat_label1",
                "TripCount": "32",
                "Latency": "4192",
                "PipelineII": "",
                "PipelineDepth": "131"
              }]
          }],
        "Area": {
          "FF": "5510",
          "LUT": "19276",
          "BRAM_18K": "0",
          "DSP48E": "0",
          "URAM": "0"
        }
      },
      "Lif": {
        "Latency": {
          "LatencyBest": "8193",
          "LatencyAvg": "8193",
          "LatencyWorst": "8193",
          "PipelineII": "8193",
          "PipelineDepth": "",
          "PipelineType": "none"
        },
        "Timing": {
          "Target": "10.00",
          "Uncertainty": "1.25",
          "Estimate": "5.705"
        },
        "Loops": [{
            "Name": "Loop 1",
            "TripCount": "256",
            "Latency": "8192",
            "PipelineII": "",
            "PipelineDepth": "32"
          }],
        "Area": {
          "FF": "2197",
          "LUT": "3896",
          "BRAM_18K": "0",
          "DSP48E": "0",
          "URAM": "0"
        }
      },
      "transposeMatrix": {
        "Latency": {
          "LatencyBest": "4353",
          "LatencyAvg": "4353",
          "LatencyWorst": "4353",
          "PipelineII": "4353",
          "PipelineDepth": "",
          "PipelineType": "none"
        },
        "Timing": {
          "Target": "10.00",
          "Uncertainty": "1.25",
          "Estimate": "6.508"
        },
        "Loops": [{
            "Name": "Loop 1",
            "TripCount": "256",
            "Latency": "4352",
            "PipelineII": "",
            "PipelineDepth": "17"
          }],
        "Area": {
          "FF": "107",
          "LUT": "1019",
          "BRAM_18K": "0",
          "DSP48E": "0",
          "URAM": "0"
        }
      },
      "multmat": {
        "Latency": {
          "LatencyBest": "134209",
          "LatencyAvg": "134209",
          "LatencyWorst": "134209",
          "PipelineII": "134209",
          "PipelineDepth": "",
          "PipelineType": "none"
        },
        "Timing": {
          "Target": "10.00",
          "Uncertainty": "1.25",
          "Estimate": "8.034"
        },
        "Loops": [{
            "Name": "multiplierMatrices_label6",
            "TripCount": "32",
            "Latency": "134208",
            "PipelineII": "",
            "PipelineDepth": "4194",
            "Loops": [{
                "Name": "multiplierMatrices_label7",
                "TripCount": "32",
                "Latency": "4192",
                "PipelineII": "",
                "PipelineDepth": "131"
              }]
          }],
        "Area": {
          "FF": "2277",
          "LUT": "10966",
          "BRAM_18K": "0",
          "DSP48E": "0",
          "URAM": "0"
        }
      },
      "multmat2": {
        "Latency": {
          "LatencyBest": "67649",
          "LatencyAvg": "67649",
          "LatencyWorst": "67649",
          "PipelineII": "67649",
          "PipelineDepth": "",
          "PipelineType": "none"
        },
        "Timing": {
          "Target": "10.00",
          "Uncertainty": "1.25",
          "Estimate": "5.066"
        },
        "Loops": [{
            "Name": "multiplierMatrices_label6",
            "TripCount": "32",
            "Latency": "67648",
            "PipelineII": "",
            "PipelineDepth": "2114",
            "Loops": [{
                "Name": "multiplierMatrices_label7",
                "TripCount": "32",
                "Latency": "2112",
                "PipelineII": "",
                "PipelineDepth": "66",
                "Loops": [{
                    "Name": "multmat_label0",
                    "TripCount": "32",
                    "Latency": "64",
                    "PipelineII": "",
                    "PipelineDepth": "2"
                  }]
              }]
          }],
        "Area": {
          "FF": "79",
          "LUT": "204",
          "BRAM_18K": "0",
          "DSP48E": "0",
          "URAM": "0"
        }
      },
      "BlocLinear512": {
        "Latency": {
          "LatencyBest": "8422401",
          "LatencyAvg": "8422401",
          "LatencyWorst": "8422401",
          "PipelineII": "8422401",
          "PipelineDepth": "",
          "PipelineType": "none"
        },
        "Timing": {
          "Target": "10.00",
          "Uncertainty": "1.25",
          "Estimate": "6.050"
        },
        "Loops": [{
            "Name": "Loop 1",
            "TripCount": "512",
            "Latency": "8422400",
            "PipelineII": "",
            "PipelineDepth": "16450",
            "Loops": [{
                "Name": "multmat_label1",
                "TripCount": "32",
                "Latency": "16448",
                "PipelineII": "",
                "PipelineDepth": "514",
                "Loops": [{
                    "Name": "multmat_label0",
                    "TripCount": "256",
                    "Latency": "512",
                    "PipelineII": "",
                    "PipelineDepth": "2"
                  }]
              }]
          }],
        "Area": {
          "FF": "119",
          "LUT": "297",
          "BRAM_18K": "0",
          "DSP48E": "0",
          "URAM": "0"
        }
      },
      "BlocLinear": {
        "Latency": {
          "LatencyBest": "1073665",
          "LatencyAvg": "1073665",
          "LatencyWorst": "1073665",
          "PipelineII": "1073665",
          "PipelineDepth": "",
          "PipelineType": "none"
        },
        "Timing": {
          "Target": "10.00",
          "Uncertainty": "1.25",
          "Estimate": "8.724"
        },
        "Loops": [{
            "Name": "Loop 1",
            "TripCount": "256",
            "Latency": "1073664",
            "PipelineII": "",
            "PipelineDepth": "4194",
            "Loops": [{
                "Name": "multmat_label1",
                "TripCount": "32",
                "Latency": "4192",
                "PipelineII": "",
                "PipelineDepth": "131"
              }]
          }],
        "Area": {
          "FF": "5510",
          "LUT": "19276",
          "BRAM_18K": "0",
          "DSP48E": "0",
          "URAM": "0"
        }
      },
      "Elements": {
        "Latency": {
          "LatencyBest": "71372689",
          "LatencyAvg": "71372689",
          "LatencyWorst": "71372689",
          "PipelineII": "71372690",
          "PipelineDepth": "",
          "PipelineType": "none"
        },
        "Timing": {
          "Target": "10.00",
          "Uncertainty": "1.25",
          "Estimate": "8.724"
        },
        "Loops": [{
            "Name": "Loop 1",
            "TripCount": "6",
            "Latency": "71372688",
            "PipelineII": "",
            "PipelineDepth": "11895448",
            "Loops": [
              {
                "Name": "multiplierMatrices_label6",
                "TripCount": "256",
                "Latency": "8704",
                "PipelineII": "",
                "PipelineDepth": "34",
                "Loops": [{
                    "Name": "multiplierMatrices_label7",
                    "TripCount": "32",
                    "Latency": "32",
                    "PipelineII": "",
                    "PipelineDepth": "1"
                  }]
              },
              {
                "Name": "Loop 1.2",
                "TripCount": "256",
                "Latency": "25088",
                "PipelineII": "",
                "PipelineDepth": "98",
                "Loops": [{
                    "Name": "Lif_label1",
                    "TripCount": "32",
                    "Latency": "96",
                    "PipelineII": "",
                    "PipelineDepth": "3"
                  }]
              }
            ]
          }],
        "Area": {
          "BRAM_18K": "238",
          "FF": "23667",
          "LUT": "81033",
          "URAM": "0",
          "DSP48E": "0"
        }
      }
    }
  },
  "Sdx": {
    "Target": "none",
    "ProfileOption": "0",
    "ProfileType": "none",
    "XO": "",
    "KernelName": "Elements",
    "EnableXoSwEmu": "1"
  },
  "GenData": {
    "DataVersion": "0.2",
    "Time": "2024-12-06 11:08:19 +0100",
    "ToolName": "vivado_hls",
    "ToolVersion": "2019.2"
  }
}
