{"sourceFile": [{
      "name": "",
      "directive": [
        {
          "functionName": "multmat",
          "label": "multmat_label1",
          "functionLabel": "",
          "pragma": {"name": "UNROLL"}
        },
        {
          "functionName": "multmat",
          "label": "multiplierMatrices_label0",
          "functionLabel": "",
          "pragma": {"name": "UNROLL"}
        },
        {
          "functionName": "multmat",
          "label": "multiplierMatrices_label5",
          "functionLabel": "",
          "pragma": {"name": "UNROLL"}
        },
        {
          "functionName": "multmat",
          "label": "multmat_label0",
          "functionLabel": "",
          "pragma": {"name": "UNROLL"}
        },
        {
          "functionName": "multmat",
          "label": "multmat_label0",
          "functionLabel": "",
          "pragma": {"name": "UNROLL"}
        },
        {
          "functionName": "multmat",
          "label": "multmat_label10",
          "functionLabel": "",
          "pragma": {"name": "UNROLL"}
        }
      ]
    }]}
