{
  "Top": "multmat",
  "RtlTop": "multmat",
  "RtlPrefix": "",
  "SourceLanguage": "cpp",
  "ResetStyle": "control",
  "GenerateBdFiles": "0",
  "HostMachineBits": "64",
  "Target": {
    "Family": "zynq",
    "Device": "xc7z020",
    "Package": "-clg484",
    "Speed": "-1"
  },
  "HlsSolution": {
    "DirectiveTcl": [
      "set_directive_unroll multmat\/multmat_label1 ",
      "set_directive_unroll multmat\/multiplierMatrices_label7 ",
      "set_directive_unroll multmat\/multiplierMatrices_label0 ",
      "set_directive_unroll multmat\/multiplierMatrices_label5 ",
      "set_directive_unroll multmat\/multmat_label0 "
    ],
    "DirectiveInfo": [
      "unroll multmat\/multmat_label1 {} {}",
      "unroll multmat\/multiplierMatrices_label7 {} {}",
      "unroll multmat\/multiplierMatrices_label0 {} {}",
      "unroll multmat\/multiplierMatrices_label5 {} {}",
      "unroll multmat\/multmat_label0 {} {}"
    ]
  },
  "Args": {
    "matriceA": {
      "index": "0",
      "type": {
        "kinds": ["array"],
        "dataType": "ap_uint",
        "dataWidth": "1",
        "arraySizes": [
          "2",
          "16"
        ],
        "multiInterfaceRef": [
          "matriceA_V_address0",
          "matriceA_V_q0"
        ]
      }
    },
    "matriceB": {
      "index": "1",
      "type": {
        "kinds": ["array"],
        "dataType": "ap_uint",
        "dataWidth": "1",
        "arraySizes": [
          "16",
          "2"
        ],
        "multiInterfaceRef": [
          "matriceB_V_address0",
          "matriceB_V_q0"
        ]
      }
    },
    "matriceC": {
      "index": "2",
      "type": {
        "kinds": ["array"],
        "dataType": "ap_uint",
        "dataWidth": "5",
        "arraySizes": [
          "2",
          "2"
        ],
        "multiInterfaceRef": [
          "matriceC_V_address0",
          "matriceC_V_address1",
          "matriceC_V_d0",
          "matriceC_V_d1",
          "matriceC_V_q0"
        ]
      }
    }
  },
  "Return": {
    
  },
  "ClockInfo": {
    "ClockName": "ap_clk",
    "ClockPeriod": "10",
    "IsCombLogic": "0",
    "II": "x",
    "Latency": "772",
    "Uncertainty": "1.25"
  },
  "Xdc": {"OocClocks": ["create_clock -name ap_clk -period 10.000 [get_ports ap_clk]"]},
  "Ipx": {
    "Vendor": "xilinx.com",
    "Library": "hls",
    "Name": "multmat",
    "Version": "1.0",
    "DisplayName": "Multmat",
    "Revision": "",
    "Description": "An IP generated by Vivado HLS",
    "Taxonomy": "\/VIVADO_HLS_IP",
    "AutoFamilySupport": ""
  },
  "Files": {
    "CSource": ["..\/..\/Matrice_bianire.cpp"],
    "Vhdl": ["impl\/vhdl\/multmat.vhd"],
    "Verilog": ["impl\/verilog\/multmat.v"],
    "Misc": ["impl\/misc\/logo.png"],
    "DesignXml": "D:\/Vitis\/Vivado_hls_projects\/Matrice_binaire\/Matrice_binaire\/solution3\/.autopilot\/db\/multmat.design.xml",
    "DebugDir": "D:\/Vitis\/Vivado_hls_projects\/Matrice_binaire\/Matrice_binaire\/solution3\/.debug",
    "ProtoInst": ["D:\/Vitis\/Vivado_hls_projects\/Matrice_binaire\/Matrice_binaire\/solution3\/.debug\/multmat.protoinst"]
  },
  "SubcoreInfo": {
    "HasXpmMemory": false,
    "HasClockedDsp": false,
    "IP": []
  },
  "Interfaces": {
    "ap_clk": {
      "type": "clock",
      "ctype": {"CLK": {"Type": "bool"}},
      "bundle_name": "ap_clk",
      "bundle_role": "default",
      "reset": "ap_rst"
    },
    "ap_ctrl": {
      "type": "ap_ctrl",
      "ctrl_ports": "ap_start ap_done ap_idle ap_ready",
      "ctype": {
        "start": {"Type": "bool"},
        "done": {"Type": "bool"},
        "idle": {"Type": "bool"},
        "ready": {"Type": "bool"}
      }
    },
    "ap_rst": {
      "type": "reset",
      "polarity": "ACTIVE_HIGH",
      "ctype": {"RST": {"Type": "bool"}},
      "bundle_name": "ap_rst",
      "bundle_role": "default"
    },
    "matriceA_V_address0": {
      "type": "data",
      "dir": "out",
      "width": "5",
      "ctype": {"DATA": {
          "Type": "null",
          "Width": "5"
        }},
      "bundle_name": "matriceA_V",
      "bundle_role": "address0"
    },
    "matriceA_V_q0": {
      "type": "data",
      "dir": "in",
      "width": "1",
      "ctype": {"DATA": {
          "Type": "integer unsigned",
          "Width": "1"
        }},
      "bundle_name": "matriceA_V",
      "bundle_role": "q0"
    },
    "matriceB_V_address0": {
      "type": "data",
      "dir": "out",
      "width": "5",
      "ctype": {"DATA": {
          "Type": "null",
          "Width": "5"
        }},
      "bundle_name": "matriceB_V",
      "bundle_role": "address0"
    },
    "matriceB_V_q0": {
      "type": "data",
      "dir": "in",
      "width": "1",
      "ctype": {"DATA": {
          "Type": "integer unsigned",
          "Width": "1"
        }},
      "bundle_name": "matriceB_V",
      "bundle_role": "q0"
    },
    "matriceC_V_address0": {
      "type": "data",
      "dir": "out",
      "width": "2",
      "ctype": {"DATA": {
          "Type": "null",
          "Width": "2"
        }},
      "bundle_name": "matriceC_V",
      "bundle_role": "address0"
    },
    "matriceC_V_address1": {
      "type": "data",
      "dir": "out",
      "width": "2",
      "ctype": {"DATA": {
          "Type": "null",
          "Width": "2"
        }},
      "bundle_name": "matriceC_V",
      "bundle_role": "address1"
    },
    "matriceC_V_d0": {
      "type": "data",
      "dir": "out",
      "width": "5",
      "ctype": {"DATA": {
          "Type": "integer unsigned",
          "Width": "5"
        }},
      "bundle_name": "matriceC_V",
      "bundle_role": "d0"
    },
    "matriceC_V_d1": {
      "type": "data",
      "dir": "out",
      "width": "5",
      "ctype": {"DATA": {
          "Type": "integer unsigned",
          "Width": "5"
        }},
      "bundle_name": "matriceC_V",
      "bundle_role": "d1"
    },
    "matriceC_V_q0": {
      "type": "data",
      "dir": "in",
      "width": "5",
      "ctype": {"DATA": {
          "Type": "integer unsigned",
          "Width": "5"
        }},
      "bundle_name": "matriceC_V",
      "bundle_role": "q0"
    }
  },
  "RtlPorts": {
    "ap_clk": {
      "dir": "in",
      "width": "1"
    },
    "ap_rst": {
      "dir": "in",
      "width": "1"
    },
    "ap_start": {
      "dir": "in",
      "width": "1"
    },
    "ap_done": {
      "dir": "out",
      "width": "1"
    },
    "ap_idle": {
      "dir": "out",
      "width": "1"
    },
    "ap_ready": {
      "dir": "out",
      "width": "1"
    },
    "matriceA_V_address0": {
      "dir": "out",
      "width": "5"
    },
    "matriceA_V_ce0": {
      "dir": "out",
      "width": "1"
    },
    "matriceA_V_q0": {
      "dir": "in",
      "width": "1",
      "isVector": "true"
    },
    "matriceB_V_address0": {
      "dir": "out",
      "width": "5"
    },
    "matriceB_V_ce0": {
      "dir": "out",
      "width": "1"
    },
    "matriceB_V_q0": {
      "dir": "in",
      "width": "1",
      "isVector": "true"
    },
    "matriceC_V_address0": {
      "dir": "out",
      "width": "2"
    },
    "matriceC_V_ce0": {
      "dir": "out",
      "width": "1"
    },
    "matriceC_V_we0": {
      "dir": "out",
      "width": "1"
    },
    "matriceC_V_d0": {
      "dir": "out",
      "width": "5"
    },
    "matriceC_V_q0": {
      "dir": "in",
      "width": "5"
    },
    "matriceC_V_address1": {
      "dir": "out",
      "width": "2"
    },
    "matriceC_V_ce1": {
      "dir": "out",
      "width": "1"
    },
    "matriceC_V_we1": {
      "dir": "out",
      "width": "1"
    },
    "matriceC_V_d1": {
      "dir": "out",
      "width": "5"
    }
  },
  "ModuleInfo": {
    "Hierarchy": {"ModuleName": "multmat"},
    "Info": {"multmat": {
        "FunctionProtocol": "ap_ctrl_hs",
        "isTaskLevelControl": "1",
        "isPipelined": "0",
        "isCombinational": "0",
        "isOneStateSeq": "0"
      }},
    "Metrics": {"multmat": {
        "Latency": {
          "LatencyBest": "772",
          "LatencyAvg": "772",
          "LatencyWorst": "772",
          "PipelineII": "773",
          "PipelineDepth": "",
          "PipelineType": "none"
        },
        "Timing": {
          "Target": "10.00",
          "Uncertainty": "1.25",
          "Estimate": "5.426"
        },
        "Loops": [{
            "Name": "multiplierMatrices_label6",
            "TripCount": "2",
            "Latency": "770",
            "PipelineII": "",
            "PipelineDepth": "385",
            "Loops": [
              {
                "Name": "multiplierMatrices_label6.1",
                "TripCount": "5",
                "Latency": "10",
                "PipelineII": "",
                "PipelineDepth": "2"
              },
              {
                "Name": "multiplierMatrices_label6.2",
                "TripCount": "5",
                "Latency": "10",
                "PipelineII": "",
                "PipelineDepth": "2"
              },
              {
                "Name": "multiplierMatrices_label6.3",
                "TripCount": "5",
                "Latency": "10",
                "PipelineII": "",
                "PipelineDepth": "2"
              },
              {
                "Name": "multiplierMatrices_label6.4",
                "TripCount": "5",
                "Latency": "10",
                "PipelineII": "",
                "PipelineDepth": "2"
              },
              {
                "Name": "multiplierMatrices_label6.5",
                "TripCount": "5",
                "Latency": "10",
                "PipelineII": "",
                "PipelineDepth": "2"
              },
              {
                "Name": "multiplierMatrices_label6.6",
                "TripCount": "5",
                "Latency": "10",
                "PipelineII": "",
                "PipelineDepth": "2"
              },
              {
                "Name": "multiplierMatrices_label6.7",
                "TripCount": "5",
                "Latency": "10",
                "PipelineII": "",
                "PipelineDepth": "2"
              },
              {
                "Name": "multiplierMatrices_label6.8",
                "TripCount": "5",
                "Latency": "10",
                "PipelineII": "",
                "PipelineDepth": "2"
              },
              {
                "Name": "multiplierMatrices_label6.9",
                "TripCount": "5",
                "Latency": "10",
                "PipelineII": "",
                "PipelineDepth": "2"
              },
              {
                "Name": "multiplierMatrices_label6.10",
                "TripCount": "5",
                "Latency": "10",
                "PipelineII": "",
                "PipelineDepth": "2"
              },
              {
                "Name": "multiplierMatrices_label6.11",
                "TripCount": "5",
                "Latency": "10",
                "PipelineII": "",
                "PipelineDepth": "2"
              },
              {
                "Name": "multiplierMatrices_label6.12",
                "TripCount": "5",
                "Latency": "10",
                "PipelineII": "",
                "PipelineDepth": "2"
              },
              {
                "Name": "multiplierMatrices_label6.13",
                "TripCount": "5",
                "Latency": "10",
                "PipelineII": "",
                "PipelineDepth": "2"
              },
              {
                "Name": "multiplierMatrices_label6.14",
                "TripCount": "5",
                "Latency": "10",
                "PipelineII": "",
                "PipelineDepth": "2"
              },
              {
                "Name": "multiplierMatrices_label6.15",
                "TripCount": "5",
                "Latency": "10",
                "PipelineII": "",
                "PipelineDepth": "2"
              },
              {
                "Name": "multiplierMatrices_label6.16",
                "TripCount": "5",
                "Latency": "10",
                "PipelineII": "",
                "PipelineDepth": "2"
              },
              {
                "Name": "multiplierMatrices_label6.17",
                "TripCount": "5",
                "Latency": "10",
                "PipelineII": "",
                "PipelineDepth": "2"
              },
              {
                "Name": "multiplierMatrices_label6.18",
                "TripCount": "5",
                "Latency": "10",
                "PipelineII": "",
                "PipelineDepth": "2"
              },
              {
                "Name": "multiplierMatrices_label6.19",
                "TripCount": "5",
                "Latency": "10",
                "PipelineII": "",
                "PipelineDepth": "2"
              },
              {
                "Name": "multiplierMatrices_label6.20",
                "TripCount": "5",
                "Latency": "10",
                "PipelineII": "",
                "PipelineDepth": "2"
              },
              {
                "Name": "multiplierMatrices_label6.21",
                "TripCount": "5",
                "Latency": "10",
                "PipelineII": "",
                "PipelineDepth": "2"
              },
              {
                "Name": "multiplierMatrices_label6.22",
                "TripCount": "5",
                "Latency": "10",
                "PipelineII": "",
                "PipelineDepth": "2"
              },
              {
                "Name": "multiplierMatrices_label6.23",
                "TripCount": "5",
                "Latency": "10",
                "PipelineII": "",
                "PipelineDepth": "2"
              },
              {
                "Name": "multiplierMatrices_label6.24",
                "TripCount": "5",
                "Latency": "10",
                "PipelineII": "",
                "PipelineDepth": "2"
              },
              {
                "Name": "multiplierMatrices_label6.25",
                "TripCount": "5",
                "Latency": "10",
                "PipelineII": "",
                "PipelineDepth": "2"
              },
              {
                "Name": "multiplierMatrices_label6.26",
                "TripCount": "5",
                "Latency": "10",
                "PipelineII": "",
                "PipelineDepth": "2"
              },
              {
                "Name": "multiplierMatrices_label6.27",
                "TripCount": "5",
                "Latency": "10",
                "PipelineII": "",
                "PipelineDepth": "2"
              },
              {
                "Name": "multiplierMatrices_label6.28",
                "TripCount": "5",
                "Latency": "10",
                "PipelineII": "",
                "PipelineDepth": "2"
              },
              {
                "Name": "multiplierMatrices_label6.29",
                "TripCount": "5",
                "Latency": "10",
                "PipelineII": "",
                "PipelineDepth": "2"
              },
              {
                "Name": "multiplierMatrices_label6.30",
                "TripCount": "5",
                "Latency": "10",
                "PipelineII": "",
                "PipelineDepth": "2"
              },
              {
                "Name": "multiplierMatrices_label6.31",
                "TripCount": "5",
                "Latency": "10",
                "PipelineII": "",
                "PipelineDepth": "2"
              },
              {
                "Name": "multiplierMatrices_label6.32",
                "TripCount": "5",
                "Latency": "10",
                "PipelineII": "",
                "PipelineDepth": "2"
              }
            ]
          }],
        "Area": {
          "FF": "490",
          "LUT": "2586",
          "BRAM_18K": "0",
          "DSP48E": "0",
          "URAM": "0"
        }
      }}
  },
  "Sdx": {
    "Target": "none",
    "ProfileOption": "0",
    "ProfileType": "none",
    "XO": "",
    "KernelName": "multmat",
    "EnableXoSwEmu": "1"
  },
  "GenData": {
    "DataVersion": "0.2",
    "Time": "2024-11-14 10:54:57 +0100",
    "ToolName": "vivado_hls",
    "ToolVersion": "2019.2"
  }
}
