<?xml version="1.0" encoding="utf-8"?>
<Messages>
	<Message severity="INFO" prefix="[SCHED 204-61]" key="SCHED_PIPELINING_STATUS_631" tag="SCHEDULE" content="Option &apos;relax_ii_for_timing&apos; is enabled, will increase II to preserve clock frequency constraints."/>
	<Message severity="INFO" prefix="[HLS 200-10]" key="HLS_10_1312" tag="" content="Analyzing design file &apos;Matrice_bianire.cpp&apos; ..."/>
	<Message severity="INFO" prefix="[HLS 200-111]" key="HLS_111_965" tag="" content="Finished Linking Time (s): cpu = 00:00:02 ; elapsed = 00:00:16 . Memory (MB): peak = 211.684 ; gain = 118.273"/>
	<Message severity="INFO" prefix="[HLS 200-111]" key="HLS_111_965" tag="" content="Finished Checking Pragmas Time (s): cpu = 00:00:02 ; elapsed = 00:00:16 . Memory (MB): peak = 211.684 ; gain = 118.273"/>
	<Message severity="INFO" prefix="[HLS 200-10]" key="HLS_10_1467" tag="" content="Starting code transformations ..."/>
	<Message severity="INFO" prefix="[HLS 200-111]" key="HLS_111_965" tag="" content="Finished Standard Transforms Time (s): cpu = 00:00:02 ; elapsed = 00:00:17 . Memory (MB): peak = 211.684 ; gain = 118.273"/>
	<Message severity="INFO" prefix="[HLS 200-10]" key="HLS_10_1472" tag="" content="Checking synthesizability ..."/>
	<Message severity="INFO" prefix="[HLS 200-111]" key="HLS_111_965" tag="" content="Finished Checking Synthesizability Time (s): cpu = 00:00:02 ; elapsed = 00:00:17 . Memory (MB): peak = 211.684 ; gain = 118.273"/>
	<Message severity="INFO" prefix="[HLS 200-489]" key="HLS 200-489" tag="" content="Unrolling loop &apos;multiplierMatrices_label0&apos; (Matrice_bianire.cpp:9) in function &apos;multmat&apos; completely with a factor of 32."/>
	<Message severity="INFO" prefix="[HLS 200-489]" key="HLS 200-489" tag="" content="Unrolling loop &apos;multiplierMatrices_label5&apos; (Matrice_bianire.cpp:11) in function &apos;multmat&apos; completely with a factor of 32."/>
	<Message severity="INFO" prefix="[HLS 200-489]" key="HLS 200-489" tag="" content="Unrolling loop &apos;multiplierMatrices_label6&apos; (Matrice_bianire.cpp:18) in function &apos;multmat&apos; completely with a factor of 32."/>
	<Message severity="ERROR" prefix="[XFORM 203-504]" key="XFORM_UNROLL_CODE_SIZE_E_312" tag="LOOP,SDX_LOOP" content="Stop unrolling loop &apos;multiplierMatrices_label6&apos; (Matrice_bianire.cpp:18) in function &apos;multmat&apos; because it may cause large runtime and excessive memory usage due to increase in code size. Please avoid unrolling the loop or form sub-functions for code in the loop body."/>
	<Message severity="ERROR" prefix="[HLS 200-70]" key="HLS_70_1855" tag="" content="Pre-synthesis failed."/>
</Messages>
